id_code,target
mckbezdplrukagl,low
agxwrnbmzbyxsjg,high
iqjojyewdyfshtj,medium
hssqexnzirioaag,medium
lublknpfraiznhr,high
hgqkwjbpavdwmob,high
tcoajkwstpxkrdx,medium
muqhmlfqyzozvkn,medium
zdwfnxlivjlitzd,high
wznosynddwsawbv,high
cjteeqnbldqifcv,medium
sbitzhltmzsfmnc,low
gpzqudqxelwonjm,high
twaamrqhamxocln,high
uvlqkkzmqmtygvl,low
tlkijwjytjsvaop,high
rxmgkuuhymtjvsx,medium
eoioeqccpipwrwf,medium
gppswcwaqfskbyx,low
jqklxokryrfzcto,low
oqjolpbtjflebiv,low
grgnbhjsrvybrod,low
amcyhlkugxhlynw,high
xyrbqoctrsvitsq,low
dhncsasztaqumjo,low
ndgevdenxtvjddy,low
xczzhssfhjzgdvr,medium
qteqnthlovzozzd,medium
ebkdwbkkhvfkrul,high
cgmgkylhqvmoeik,low
fnjoyaychhlludk,high
fuxrxqokuaxipgb,high
pnuiztgtedvkwgk,high
awthupldosgnqvs,high
ridutjetlqxqygv,high
kcddjsvcditypdt,high
padrbaijnrntevz,high
hfytnqioadgyphl,high
omctulqshheyqqb,medium
vhuzpnfuhqxyzfi,medium
ptksdyiofocsxfa,medium
jygpyesuwzkbjrv,low
ejinsrsqljtxmiu,high
bsdfpfeuqnakgld,high
uwrskukayudqpsh,high
nujemfbwfnywvfi,medium
jrdxdcjjtguxmlk,medium
vkwonlkbdoxumsi,low
dgvgtaoezodjvty,high
pgydngnxswmgcyl,high
txnqqyazraxpwxp,medium
usobmwodydpznht,medium
kfrtrflzgxdmisg,low
bhhpnhuvhirkhin,low
sbkfbrhywsrexxn,low
jlkgnalxxktfadt,high
hpahonwjzridjzu,low
peihmwxanmqwibu,medium
fjvjsmblfvwggnv,medium
jnzcwdlhlycnibp,medium
vxlfpzkcmsynedu,medium
arncncbwubdzgvi,medium
racbmijgseruiws,low
oiwijjaighczzby,low
gknmgotlvggpfmg,low
acfvyurradkimjb,low
zmqdndofchvykcu,medium
sckmmxxqyvmgfel,medium
tfixxolakxusjfr,medium
vjhtsrvjhtaxavx,high
jpkzbklvbrrmlwv,medium
bftvfdpyiyyptps,low
qwpzlmcbvwmuppm,medium
nbqboxzpknxozan,high
poyjbihtgiepbca,medium
xxuwvhycxjufflw,high
bpclcyvovroqcqe,high
sgbxhgluzacmhat,low
xtjevxsjqesjrvo,low
tfbzwynhsboixir,medium
nwliangflklmolh,medium
tfahamhpqpgjiev,low
jisxehrbbyhmkhd,high
tfyihwuurreetve,low
pjahrvlrncuvgvt,high
vfbiuvknqngyhcl,high
hwnerqgdiunriol,high
lsastgebfwrtpwa,high
vykbawuguqkewby,medium
mywpqoeqacfntbp,medium
fkzbpeleaywexbz,high
luyudrxajwpijih,medium
ymycwsgtgfylzhv,medium
edwelekoatoywkn,low
wdwrqjlwnlorzsc,low
ytwaaqkdqkzeqbn,medium
yucmnlnzscyjwpb,high
zoapartmaamitxg,high
bmaidbzqvfrfzzn,low
gczgkfmaqdlyojl,high
gkvgzmksaglxtml,high
akztxbzmbwwrypp,high
pkqglukkewbhzls,low
eyaummgusaraofm,high
zecilyttqkzcjif,high
kstlqtdyccvgdmx,medium
cfghlnghfqvkauo,high
dyoolszkyarurzq,high
umgxfetncdywjsq,high
kwuayyjtyiwhqvy,high
endzpzrlcnzjqpw,high
wjqjcmegdcglvjc,high
glnyowjhljdiduj,high
owhbktsucbcqszk,high
ifmtkpsikrewsaq,medium
vacnhqvejlkcile,medium
bhjkiuaeqftpfam,medium
ztexfwebjodukka,medium
katbkzzmytxkyfi,medium
zbpydkhpuzmntmn,medium
gtgpdgsduyyjhdh,low
tecdkyxyufvfdao,high
gwmnkpdtgfsjmoq,high
vcvfuiikkqjetoh,high
xhiizwjdqtnikmd,high
gtrkqyecjrjzito,high
pbevfiwhbnsdykx,high
sbztljkygpfhran,high
xjvsxjbagztguqw,low
tlxrfgqkpolujtw,medium
hyulxmouqoipmvy,high
wyubagrliihtpjt,low
hfgvdbzqflkmgpa,high
etbpwazgvwvuwia,high
qufsugvdmqiqflk,high
wxxmdvklkxkbafd,high
vjsbntqqthdvcbt,low
kmssmgyxrrmablm,low
kktrcuztmbrmcta,low
mfyktlvqthuncxd,high
aqitmggtqwaujfd,high
lqtrbllvopiouvm,low
yobsylinqbtwdlu,low
btefxevxxhtryum,medium
azascierbomurvk,medium
aqsewzchrxfpfmq,medium
pcnrixrjuznazmc,low
cgyotygfdqoqkax,low
bwcjtrvgtquwpye,high
xthkgdkpmkfvowc,high
myjvlzrilfrhvtt,high
rjjcwqsnfkcyxpc,low
rcuvqohuhckvkmf,medium
xpbsawnnmkjrcbi,low
vwxcoxqkpjensqp,low
plocpfrgyadsbqa,low
zfftowwhwjsepuk,low
mrfmvhrvhwcrdgh,low
alxflsiuslfnxdr,low
cqeefqkzdsikucq,medium
crtcbfauvohhdqg,medium
gycchteaflpoaqh,high
xwnlpcssrohjqhz,high
fdxijbiwciacesj,high
crsqnpebnldgzwi,high
lokczjxwlgvriyq,medium
hlxuzpphlxsnnis,medium
pwcozzkhjshmhld,high
aftqbwflmzachsn,high
jajfkwtxtgfemyn,high
pkarnfrrcrtftuv,low
dimprxdecwbolpz,medium
mrnjllqhkncweve,medium
qevoryrvrsvbtin,high
bnxutqwflviftko,medium
tpxztxcjcgiatie,medium
dnvjxhqsuwxyfaa,medium
meqrvvpdgvjgllg,medium
xmaxektbcoxikrd,medium
nfncmicdawcwwgd,high
tcersszshlwoqqv,high
cjxcpzhzepllmdi,medium
rmqnpseejpbokrw,high
xcmhubjrbdoypep,high
flvzvzfhyncypij,medium
okykkbkqeugrqvy,high
yhblwevbrgwieym,medium
xzfsabsilftdiia,medium
houresotniotxnt,high
yeqwtsqhgvktnlh,medium
rxssurctbhseitd,high
jxzzvmqtykboylh,low
zdkvfoinokcrtgm,high
dlyzxdcpfpunipg,low
xhrbbuqkmjgbzne,high
xypgifedjbowtrv,low
npluwukbclosxsj,low
vinaotugamyophz,low
kowdzaendfaupto,medium
drtazakzoqrxexj,high
dpdcuovayykazju,high
ycbdetuhuhdwgmv,high
jixgglvzkovmjyn,medium
zkgjrfaizvzlrka,low
vvgpdeyqetqhlpq,high
rtpswfzmvnghkwn,high
siasykibqrelcov,high
qvordqcvdazywvd,high
zrcheelqyqkjmut,high
cfvnaosckfscbsm,high
tajarsaphnoyqgi,medium
jwfypqmooqiptlj,medium
xngovzqfximvtmc,high
izkhotzlbryqbbg,high
bdcxmrdmodadnjw,high
uwkijkmqfahwfij,medium
htzeqiuoyvqkbpv,medium
bjpjdzskbklrwkl,high
kyoemdlwfoyraou,medium
mplyywurjdpxgoe,medium
vbyqqepavlgqyjw,high
hynmhbiukzyxhln,high
pupfvgmwfbchalz,medium
gqreznvfkvomvrs,low
fwnxmujzxqigjdd,medium
qnyilmklxrwadcn,medium
quotribcmioybis,high
lvltkobixdtfdmw,low
dvxjsoqjaxlzmna,high
ouctzeaxzvqqcrx,medium
uddwgolqrfxslxx,medium
odtzyqqpblikpat,high
lhdeohhuywxipzc,low
qjxfpnjrzjfidhp,high
sxrxytdvfejovnt,high
vysprwpuulppqrv,medium
cadjdoixvgtfmwh,medium
mmbmbivdzybkevs,medium
ggazwclxikbybxh,medium
qwxqndccfjhnwvc,medium
fethjykzttdypht,medium
gtkibtxomymxkyn,low
jthsuuvfpkxwyki,low
urfbqxisrkhrouh,high
ffxtgupfswdzdey,high
ygjkqhwtycutsdj,low
bcjqltpgrigqsux,low
wwzjuvainyfzcxt,medium
xqxosbsbnzqsgzl,low
nomcgcyzfvcqmrb,low
pmujurrpzwwqtgn,medium
zmwqzcjuoxwhyql,medium
oidppzzhhalgahq,low
pyczpgpbyjmfxfl,low
gybikixznhpjlpm,medium
ovfckkuptksmpqk,medium
wavlbiiacamjhgv,medium
uofgwceqkmgnbmi,medium
bnfdaqmirwnggln,medium
acikdnqoryvqiht,high
rstjvupaqulpyjj,low
sezpaiqeopkgqkr,medium
kcuuvagghuxytna,low
syugjymclxyjxxz,medium
wwejghjfpskvsqs,medium
qnjtzoxrzepquwk,low
spqclbenhnzdwgu,medium
qwriouqlvyorznj,low
eekkndsbzebscoc,low
bevkbmbdphyyakw,low
yfgkchaiqspqsmh,high
jlfoojwqgievpgl,medium
gfrimvhukxwybgc,high
nrhmzelwsjdafsn,medium
yqrivqxuhczbhip,high
luwzvujejbifwut,high
wmksmjupvvsxmku,high
ktwrumlyynqelhq,high
ukmqknpqjndujpn,high
byateaekdhgawol,low
kqgoiwkyximgzxa,high
qlgncaaxkuoyqxz,low
qytniqvuoptbaty,low
niqshjyrsdzqjjb,low
gmbhspeivrlincj,medium
gtwrvaoxzxdcnjj,medium
xzvldxfjqqbnbgy,medium
crmrzalqrgfyzdq,low
vpnggniyvteshsd,medium
clbqtjptmfqxtvp,medium
cwokhaghhheqyly,high
txmvabzobbozuzr,high
cuatklhseqrknol,medium
qqdehhyluizblhk,medium
liywbztzqtczohd,medium
ohlnlcbqbcvvwfq,medium
vvdjngfuflrlhik,high
rftamjtpdjtimci,medium
hbvsasopzjitahh,medium
kgjqzrherokfcmk,high
jbguhcejsvycuzy,medium
yibeuyxyreqjurl,low
xuiofvhzntivxnk,low
pyzbkmurkvglyun,low
lpppzcuvpgvybcc,low
gbwincubuevdvzq,low
lmchxhwzsijftel,low
fuaotlwaxognlwn,low
ljtdkdzbuuxyypc,low
pmtnukopgsyxzya,low
aiyhhplnbwspvyp,low
qxxpwaikiltufuq,low
xrpouhsijzocdwk,low
qrzywwtncvombth,low
inpooaltpzynono,low
kongykuaojvjuys,high
wjfqzsfhyypkjbh,low
qyjgjbfsrvddhyu,high
lyrvwfawykbkgva,medium
offaaepoohuuccn,high
uanshkrvbqmtbsn,high
uwxkqoulgnigocg,medium
ngkfyyrhpxrxxvm,medium
jihbyczycvtaucg,medium
qyuuyjkshrocrvl,medium
cyxyecnhkbqwejg,medium
gghsevkjxkcmxju,medium
mizcuwzlcsjherb,low
lhahsgchxgemcrm,low
wighdqqtprxtxxy,low
wzdfflteaklswdb,high
gzbgwyvogrterrl,high
xutdhvouwodqswn,high
engmatklqgpqwcb,high
qbhthubrhafgmzd,high
dtmjdnmxqpjmjrd,high
mniieerlrzfdaut,high
wbcsosmbevppcme,high
axqwpjeydoehzsp,medium
dalfraswnlwahym,high
ylfykadopstnwyf,medium
qblmuncaqubyide,medium
xwqnzpzhmgeysuj,medium
dgzreucvcjvcnfj,medium
cuqohpnuojueqgt,low
mvufwyfsjfgglti,low
ygppxtunbohizot,high
mqfsfbdngcmshdr,low
yictcikkboaiovl,low
grclntfbttjsyos,low
qveehiatrvvqeez,low
dzqmzvuovruupem,high
wphllbutktbdoyg,low
apvastjkunitjsm,low
bpliqghwajzagbw,low
iprgwsohpdltesz,high
ubbiwrxzdojviko,high
rjtyejgfpdhypry,low
ykhbvehhinfujbo,low
stwxlvktflenxsz,medium
drexbyqctphpvpy,low
lqoqgumorupxgan,low
amelpiwzjmfzrur,low
birsfaxopxpywhr,medium
xfqpxxgoztvwlho,medium
qbfkjfibhjavcjw,high
eoyxpvibwtmuipg,high
ohjyhbdwxbnyfld,medium
uvweijkvpcqilzd,medium
ogszrtmvmcrkbjf,low
wrnyyfotokbivvn,medium
qlsrcmhdobhexmk,medium
hfjkaezxiieeyhv,high
fqjaidqscasyhog,low
lltnnngyoxmfpmz,medium
tzayenqcjtxgcjl,high
fmzvxfgwnstobks,high
pfzjjafeaerhufd,high
klagbknxizarogh,medium
bbitxrvgvhnroey,high
nzqgmmbdxlvvecr,high
wqrfizmrmmhxkyz,high
xljcqqizeuqciew,high
haymsmvxkmgtbsw,high
fgfjrnjtpivzuwz,high
vsotrczzvtwwonw,high
bynruuqoyrpofks,high
gxgszdudecpdtfb,high
vhvsvtaprextkhj,high
yggpjnogknpmiwv,medium
rfnjxfycgycvgwu,medium
zudbnoxzjgrdxsq,low
ontmfkabxjwdskn,medium
tmzhmgziypzlsws,low
jcdshachokvavac,low
zqelznqcbwpoufl,low
nezwpxxkdlnpeae,medium
vlfaqtdodjtyypx,high
nxejdydxdejilge,high
lwyhsjzwnggvsyq,medium
ajfcikhfciubgxk,medium
kfwkanjygdimapz,medium
ojxgfuzmvgtlydf,high
kmkyiwpbulkoane,medium
viswqbocrfxophv,medium
cyzmhdchxeybrvm,medium
vakxehlaxpjssos,medium
pbhjsunzznkwnkz,medium
todibnowzrdksnv,high
mndnrjqrnomicde,high
udjbrgewirsrryx,medium
zwknpqrlesdzmpw,medium
spctdbqzpxhajpo,high
epfpoxgzeqcgstd,low
fuhwoornwgdcqcz,medium
pxcggfratllcygs,medium
hlmmujtnkkurffh,low
zofetylbkwfjxpl,low
hfiswjymlzxeiyf,high
itmtwhxuxwpslhc,low
dtodhjruztratbc,low
hdckokevhvcfhuu,high
uedarqrcupvmhmx,high
dlqvrarzrdfelko,high
iqkkkchhpfgdoxx,medium
qfpndfnyuazuohn,high
iqjcmwsgooebyyo,high
fgwoscyqjxhsyov,high
ynsfdwqvovnfntx,high
azbklkcquzquebt,high
gqnsrxpavtzeego,high
lxzflxpfvfbyzbq,low
zsfybvfisiwqpzk,low
kjpfrrwaldzhkfv,low
qydtrihaxapxxux,low
mqwlshpcpgzmuyz,high
boahadvyqsmngxx,high
ikgqpxphubkkipp,medium
ypqmputdoulcsmc,high
lcovsdrrthhpjoa,medium
bggubfxeusfpvss,medium
foergeorrhypyja,medium
xrmsfupdbsqelfe,medium
wnkeqcjahebkbog,medium
xmaylnvkzvfvnmv,medium
bxbfhkqqexgppml,medium
eqmdsxxawpgffve,low
oknyvmiymxmtnqy,high
tlgcminaflxzpjm,high
vybxzvnnqzksizn,high
pgxxhsxpfnneshu,high
ehhcktdhpckymcf,high
wzwuccehyhjgvet,high
mliwgmwmahxdwfu,medium
sjmfhkmzafocrdb,high
eygojusqkvrjdgn,medium
wqteqmtojdaytvi,medium
bjibyuatmzjwoba,medium
jdxsbsetxnnjkii,medium
twotofgfwlfemwx,medium
tpkgfujjvriowky,high
cixbjrlxybdahpm,high
doidzfgopozsxku,high
mfslcdyjjllnsdq,medium
trvvuqlenyxkotn,medium
eddeayzmvpghrbs,medium
lihbubhhwedquus,medium
rddxaqdfwmezftn,low
bzvqunlkokmasga,high
lpsrevhxwnzsimr,high
jtnriytnlvgtkwe,medium
yyeotoanaydhqzm,low
kykmbsjfogjiirm,high
rkxruhoovwoyxhk,high
wjcpyxbgzchwevj,low
munhujizmfczjjv,high
kbtkkafskcelvca,medium
yqjlillkajeggbx,medium
qwxfotxahkxmyvu,medium
kilpwljipigcjbh,medium
uekurvmorwxmooy,medium
xsngnmcgedeolli,medium
isoxrxayqiyxrpv,medium
jysirkbrepkdmrf,medium
bucaakddztggyli,low
axvweplwouftjls,low
wggjcqzqaihuekh,low
poixwctmtorudht,low
gssykqcbduuwtoq,low
lzalfyuaqmbfily,low
bxlbrdahkhzmszo,low
mjnlclpeaeyfbkh,medium
liwghoevhbdwjwf,low
mzphsxdoxcchgwi,medium
dwbwvixugyrqoxl,medium
wbmaeetzpmdtwiz,medium
pzxahxacviymanr,medium
ofvchlvoiasncdc,medium
lhycyddhlzgdbnr,medium
ndmufhsfnqxdxfa,high
opwbbeiscvhpizo,high
jquuzgekrjtsmph,high
ifwqhkypdggzqvz,low
aamqfymzelvinrs,low
drzzdmjctoxoqti,low
jeqvprcevlbsbgm,high
rwhpwhhbiokzcbm,medium
yrfcrsmptpqknfb,high
prxhzwsdxxszear,high
kosxkriieslfhkn,high
eoocmeokobgespc,medium
kifhioeddomazpu,high
fwqxbbbgoqotprk,high
ivrkiceddndylqu,medium
aexmyjiqjqqyhgc,medium
vvttekvbuhvhdiz,high
lmqfmaiviqohtpo,high
zkiygznmpilgxoi,high
dilufqrzxrdnpeg,high
uwjfxjfrbflhyqq,high
bpdpbtwmdzqwhhx,high
iiolqbnnwxvrwky,high
hpbnbbpyxnooxtj,medium
oymgdldmqpjjvxn,high
lvpawdigrerylnb,high
onagrhazftxeazn,high
bxiezayjqipvwfx,medium
waxdqehdrkipbuh,high
lklhdhskoeiqsoo,medium
nabkgigmgzfdkkj,high
tmutegsxzuuxjkq,medium
nxumejeuncuxhnl,high
ftkbpustjbwaabb,medium
kxtdaqxjimbhfcp,low
hwoarggdjafhnaa,high
iltnvwncbhxgfml,low
dnidbnlebwulelv,medium
xawzzvkakqoaapm,high
sgufylzhwgdpqsz,high
yteowlvykkorifn,low
aohjndelhyvttaj,medium
kurqukduxxjjduw,high
ztryhcanqdoexak,low
pwoiujlvvcwiwtr,high
dwuvknzzpjzpyau,high
ewtlteyrhnxinsw,high
qtqiivqjfuntbev,high
pchjrqtvfvhcpur,medium
tutyrptroltnzfb,medium
ulxzoosiinygfji,high
ssnqmzfcexabtso,medium
zphhvqffmfcucmz,high
dwozkbmkgjjuixm,high
iyrgliucrmeehcf,high
xkguzsogfymfmxj,low
aswexwfrhwvzrzm,low
xrhjhrxjiaosnba,medium
yoazwzcumxmiuvx,low
awrhebbmjluzzor,low
fvthpfblzqxcuca,high
quhzoqxlsitahdv,high
dfjzjktmytnnciw,high
frjnbkzluszbpis,high
rrkizdgumfigasb,high
cdjsjtqvnxsxkep,medium
kkhwmvrlsasvecr,medium
gyqfggpnxvquegj,low
vlwzstojqrtbhmp,medium
brfnkabcvrelvgq,low
yqvqhxpgzlvcsti,low
qxljqnfndltwsib,medium
bxqgdegydkskfjc,low
xprzswsofalasye,high
hsqwmwqymaeofyn,medium
ijchghnoshaknqa,low
rtkcoduefwehors,low
cgutqhjrvbwvxxs,low
bqonomfgggkjoxj,low
ckhqmmcjetdxpml,low
dzryqtjlkytvyrs,low
nbjdeibsrajrsxj,medium
jfdzbgzawgvtrkq,high
zeacayaozcomyri,high
cedwnwgcbnntezz,low
wlcssgkvysofszn,medium
wqitfoamflvhage,medium
ovhgtqhjytejutx,high
ogndutzsafovhbm,medium
plwdpcktozpwnpw,medium
ygenkuvgpbocuga,low
myigqahpeucbbbb,low
hswlnqdeekneypx,high
qpsvtwmlsipwxqb,high
jkxnanewvbifpns,high
kverqvanczcsyhf,low
rstevqdjapiqslk,high
orzdqznodanpcgo,high
imshhqvkhnywqtl,high
grdiqioymwknqqx,medium
fdjitsynhcntccu,low
itsxadavazuwjps,medium
ekdsxjeexlnhmip,medium
szszbexvfhpbbzp,low
mpxrrysrqwwpqtw,low
fjccfggbizuohvu,medium
rqdqntusbtlnjfx,medium
tlosdmzgpaokmll,medium
pczgbglpseuvqzs,medium
jansweohwsoezxm,high
yfuwizcwsjfjdup,low
judlheyfctgzfbx,high
hskdvsoazfcdipt,high
bigwaordpavwtzk,medium
kngerqhgutwywkr,medium
msjravkmaptflme,low
rsiycqadijbiqvr,high
evlsfbneumnnivi,high
oioltsyxzojyxub,low
dostkpnujmkzfzu,low
fzctbokzenuqnno,low
qiemgxoqyihwvcu,medium
iqkwvzjrkdlzhdd,medium
pbhglaqqrefmflh,medium
sdvkafzmftpnhwq,low
xejpzdjrapodcil,medium
dihypjqsmldocvn,low
pyxujoeccqtesxo,low
vgiywcnwqtrcyxn,low
cxqdacgtkawrsli,low
lqfvozhlduwgijx,low
yksxdycvoiomuoc,medium
rkwwyjfhptztjeo,low
hmgojawfjrlpxnt,low
sephzfyyqnanbbl,low
clwndgrptdsiffi,low
iwdhmnubicqmtwu,medium
ddaukbrcyjqsqni,medium
xfrttxscayduhtl,medium
raybfwtxheyskvr,high
kicacmygkgcuhiq,low
itxzhuasgnmppwj,low
hsodhbnztmuvdiv,medium
wqexistcqkhqkww,medium
qsewcpnmjesjmkf,low
pmutdbbwnntnhco,medium
cehajellagtcjpt,low
xrhktoikcqcgjho,high
mqbioshllijhlbo,low
iphudegxyoiwkot,high
ahxstnndqxyhyzf,high
cxksgtnzngxinow,medium
lazwoxhoqjjlhrr,medium
njlidptzzdzkfeq,medium
sbqxwyjspxrreld,medium
uvndhantrmaflkk,medium
yqtazpsuwcnkkaj,medium
orofkvujsphhpuq,high
gjgtnmkqieqorif,low
qfdmsjspekoccha,high
fdszxqbmrkffsqf,low
xncjnnymbnxmqlv,low
mjlpewzdhiqthbn,low
rhqsupswsuqmmpj,low
dsmvzasjoffthdm,high
mqucbxsdkoitomm,medium
gzbcglflrtmeqgx,medium
hqfqqquahktafzu,low
zwikiyxaneocusg,low
xuhokcndcmevvpe,low
rxjmhpgdqleakmc,medium
cocegylsynwerfr,high
ziurpgyivvkckgx,high
pzyeqkdleymaieu,medium
hsemwekfrmrrctl,high
asptkbxtzldttsp,medium
dzphgtsanqixkjg,high
deqjbmjttfzfsbb,high
jrdeypvxmbfpevy,medium
qurijfclxvksvkx,medium
hfbojjnbmlvvylp,high
eilyxynrlfilgti,medium
bcispryaupqeuti,high
ikgqnfbfqznodza,high
rrgzctpyhoyhvni,high
welbhgqigimbsyv,high
whflfsjrjrdzekf,high
xocodwijjeuwvuv,high
ebmljedufmbzzmv,low
zedfcwgoqrmsdhz,low
pvnbsdfeuyvldwj,medium
mfnhraqxjpbmbxe,low
fwkuvhkkpbwwpnu,low
cnupjfhakqpafax,low
cbqqqqcewufzxfd,high
fwzhbzwtdqvzffe,high
xqqqbpzglmsvjvw,high
rxxeczjfjzbpxnz,medium
gglpqryfhluyksu,high
rdtcbalfdtfgnul,high
daupomykbczczgi,high
tfkhwltpmjklnsu,high
epshnafzfjzhphw,high
wxjnsebszxamywf,high
vxhgcoztywezdxo,high
vtyvoksxvqbofkp,high
monactprspfnrpn,high
ladljxixrevpwro,medium
logkikijmwggdiz,high
nrnehftpshbuuod,high
ulaarwxwarysplq,high
mxjoenbiqgdcryl,medium
jnvrylnpwolskdx,high
hixvbgvhpscrlct,medium
pgzowqzhtpjycrz,high
qtslewwqxczfpff,low
bifdeupqtiyzyzr,high
whlzlrujwfzxrzu,high
jjrrpgiszsrfpmb,high
jeukhnffpzlvfpr,high
vbtgkynntrhpokz,high
owfvhchjiqnocei,high
copfoksqsqhgzpr,high
rdwabjpeoameigt,high
uafuytvtqakmaod,high
vbltxuhzozrvnww,high
ftsolauxrbicuyi,high
xbsuqvrcmiiapfb,medium
wvttjmcumtixvqm,low
njyegpyytikmvyo,low
bnvmqhmhjqurpso,low
iikpiedjzmqgros,low
yvsdeqbdkwuhxmt,low
dtduvflrkzintfx,medium
kwasxaphdicfedm,medium
cjwgnurdoczdiro,high
qxuxowymrtgkeyn,high
uosifuydrodfyrn,medium
iirpxeyasjuylut,low
shfhsnxapqwadtt,low
qbyzjyuokdiarbu,medium
exxjxdyadadzzty,high
fmsmorfwrctrxdz,medium
lzaakenheqfczxk,high
vfuqwbhzgewaldt,high
mtksezjhgbxdrfz,low
ybrvtrhqoqoxnga,high
atrlhkwjedwhnob,low
rzyfqhcjgmwhkmc,high
ayypefdfnziuvlf,high
znfjfgtmesawnns,medium
insjlnijevlanmm,medium
rgxkutcvllukpoh,low
eenlfjsbbllfbwr,medium
btlxeqkpwkdvtye,high
gqugylnpzkgyrbo,high
ejopywxalqqyxad,medium
cgpwbbtmqolfnxj,medium
xnginlbdthqukgq,high
nirdosplqvbuseq,medium
mtjaylucbsgdpow,medium
gfpxkivaqnoijpy,medium
qawuotvzettfscl,high
yiypagaludkhbxp,medium
dtcckmmgdubfcnd,high
gafkrfuvfvfbnxd,high
lrecrwsfcmvytxx,high
rmqualmyhkmnrkt,low
dixagwdoavjhncv,high
zzjurxhgqkwybnw,high
biwbacuqbyhieff,low
dilstostlvejdft,low
piufvkdatvtjlno,low
ejqaolhtcitigzc,high
scomidixnhtbgsj,medium
ihawvkalounrcxi,medium
xcsdgztaieohcfp,high
uuywgxgpthtgeyf,medium
kakwsrlbfbemjdr,medium
vfemjlwezmydntl,medium
oqmrodocreugrzl,low
ldkucfifkjnxdgt,low
untwdrgqniuiloa,low
zhkewisypjdsjxg,medium
yyauaatpmyfzkix,low
fmdtyyrnajsrxvl,high
midrblgzgqiguih,medium
qznrixzrrhyhybp,medium
rzmpwlftwvhfnvp,medium
ndsfvxxkaofrotq,medium
djgkbfsakuwtyyn,high
rqtbwriwpqvpynx,high
vfhbsqgonbvtkwa,high
hgocnpwysygfqss,high
leshljejggysaqy,medium
yuhcmoknorxyois,high
hwwsqhyiwcsueye,high
ikbvlnkkvsmlozj,medium
iwgudmpzpdusywb,medium
qiibspsvxacavti,medium
otrwiyhhbbdjfpq,medium
epozbumqakfvgeh,medium
sqszdrpiehfutvw,high
ymtcmbmenqwbhcu,high
euqnlucnfealhtk,high
pbwxubeipnsygyr,high
cmspbfjwbuxzxkl,high
yendweflbdvdolq,medium
itxnftmgquuyfxz,medium
imtaobnzzjbothl,medium
unwqvxdaqkgdbzg,medium
wmzhyxlzryyfdeq,low
cuvcvdpskunnfva,low
eilucsbnuqvfgli,low
momyehxpsgxjifu,high
mlabfdefhthupat,low
pxxgwwnousomjoz,high
cxnxxduphflmbcp,low
mrfmwudkkxkpdjm,low
xcvozishbnxcjjl,low
jjumxrpvtsejsjb,medium
dviblipufxtkodq,high
ppbubinxngzlcru,high
bgcxigsvfaxfsqi,medium
xisrbuukrbnlsjo,medium
jiuqgfybecgcsvp,medium
apbkxnddxohaynz,high
cgonhnzufeccezh,low
uzybchvseojisun,low
ebdvwrwkqrjjpjq,low
qpnkbkkivsttvpr,medium
gbcbhazmefrqpzi,high
yxozdnangoyavdw,low
lfvsxvsnwahiytu,low
enolidnyyffktgf,high
tydqckobscqcvvu,high
bkpfqknmijzcduf,high
rxpkfadfnpcbqti,low
eiwnfeszvufxdyk,low
ubnuhuovyvlpvcf,high
nflpaftovkcnlqn,high
ayesghmsdshjiyp,high
kclcsblbckpbsbt,high
oizmjxltnukmgei,high
donlhauifpbjuxq,high
nojhzyujweghnrb,medium
vqwekqrrlxngfse,medium
fcygpnruwpxefrx,medium
nnkslnalkhfwumy,medium
lwdmomfjmlawygt,medium
gtvbsifxungcvoy,low
rpmyvsjnlbfyxzh,medium
iyayodbtjnthmiv,medium
dhnmwqowendjjny,low
wfbgzzolkybjhnr,low
rjbdonhjnxplofm,low
zamkiogjqigbodv,low
mfsaojecousukgk,low
rjggksjwuwnkuvi,low
mutzyzxxonwoirv,low
agrkefgpfdxyozq,low
psntaexklawpmxp,low
runjkgmcaxdsjir,high
whmaizknsffzkhy,medium
abvqfyyoaowhfxu,medium
iyfgrqjzbitycgj,medium
tvpkzaytnnyhtuj,low
qhzejfjmicdzugv,high
sexnworhxwocwbw,high
bgqcoliptzahphx,medium
wfnlgunoovixkvl,medium
euyhtwpoeyiaebj,high
ajymyekzlnhmapb,low
uukxbqufsflcoan,high
gomxhxdovgacwvp,low
ytoziizckquawuf,low
ennhprkxilzhgob,low
wedlzpmfiqoeloj,low
wvexvfqkltjvcwd,low
onxojeluwxqhxaw,medium
vwdpdmjrhwndklp,medium
ddoaorvriptzwkm,low
wrruqlctvurlsoz,low
jreewbufzxdgbgw,low
mdrlwiczxvxhrqx,high
hasnyacizrvwnhw,medium
zirgosraqrphxez,high
vkaupmdnzungvxj,high
jpqayhciphhhzxu,high
oxlmniwpjgtzerv,high
gjppmbjejumhjyr,high
owvoyghclwjbbpk,high
mmdebdgykddgejj,high
qttbgmdtylmihcy,high
fzjedyhtngbzglg,medium
rzquguwrheipwkf,high
htojmhvvknproim,medium
qrkfmmvgjsyftib,medium
bunxbuuxiwpodom,high
sbfklugwwqcscfo,medium
vheprbftynqntiw,medium
gzsmcibybhdbcyc,medium
wlztauvjufefhsx,high
jrbjeukjbuxnxmv,medium
yghwjueyjqmjoya,low
ggnsayplqrcrhnv,high
ypmxixjfwvitvio,medium
nzieizmikohdfdh,medium
hmkecollozbnwuw,low
vfqusqtkmkvtkfj,high
jgugybzgkanpxmc,low
mnlyagwvqcrkunj,high
lvlowiaxgtblmpq,high
wizfvmnmnlowvzd,high
mzuooldzxywawpv,medium
kmcviphtguwvofs,high
dhjyaoyvdosskic,medium
bokyaoremvpkslp,medium
cuxahufiuxaajxy,medium
avdmtojaucwsokt,high
ykrhfjflntfcccz,low
znqouuggpjnzvsj,medium
kdphosaebmzxbuj,high
dydpkfxdwoqedyx,high
ijlsxdvgxkyfguo,high
funogkxunshyduu,medium
zvrpaqzsdylwcsf,high
xdahypzphzcxrva,high
tlfnwcqgjoooaoh,medium
dwjoyikvnbmylrl,high
piqbaiugedaxkji,low
qtoopystlbegcbh,high
gachzgtusokyaui,high
qnpiasggxfwwfjl,high
yuqwnxcgwapsygk,high
hubgmydhiwqxehz,low
ppvansmmhqjotxp,medium
zjyyyqlatihxkia,high
ooafxnqtnrwssiy,low
qcczapxusosmghm,medium
rhlwbcxtjcszdue,high
fedrvpzzfhjvqut,high
xsxsizlioitmgxv,low
qphsdbhwzpywdfx,high
zbxlporoscqdwem,high
jpnxauzbrqnwjrq,high
gkdfjgkosunvlkx,high
idmnwymfmoehnro,high
lykphditzxxjhvd,high
jgrbkormfbomxcq,high
wrdomkpyagubyzx,medium
jccpfgyukmdesbc,medium
qknkfexyvtfcjzx,medium
tuoghdwcjypungr,low
efabznbbxmfbbqg,low
rzumrsbcrnuxzag,high
pxmhcvnwktxqukn,low
cugnfjqcwwqrjhu,high
bxhlrxcgiapiaab,low
uunreizjxarghpv,low
pnfrvyxsejnehwu,high
omsilbnrgbvkeak,low
vkjvqmaaguaeqde,high
iutnjhogthfpymb,low
xwqxedeqlnimclu,low
