review_id,user_suggestion
1603,1
1604,0
1605,1
1606,0
1607,1
1608,1
1609,1
1610,1
1611,1
1612,0
1613,1
1614,1
1615,1
1616,0
1617,0
1618,0
1619,0
1620,0
1621,1
1622,1
1623,1
1624,1
1625,0
1626,1
1627,1
1628,1
1629,0
1630,0
1631,1
1632,0
1633,0
1634,0
1635,0
1636,0
1637,0
1638,0
1639,0
1640,0
1641,1
1642,1
1643,0
1644,0
1645,0
1646,1
1647,1
1648,0
1649,0
1650,1
1651,1
1652,1
1653,0
1654,1
1655,0
1656,1
1657,1
1658,1
1659,0
1660,0
1661,1
1662,1
1663,1
1664,0
1665,0
1666,0
1667,0
1668,1
1669,0
1670,0
1671,0
1672,1
1673,1
1674,1
1675,1
1676,1
1677,0
1678,0
1679,1
1680,1
1681,0
1682,0
1683,0
1684,0
1685,1
1686,1
1687,0
1688,1
1689,0
1690,0
1691,1
1692,0
1693,1
1694,1
1695,0
1696,1
1697,0
1698,1
1699,1
1700,0
1701,0
1702,0
1703,0
1704,1
1705,1
1706,1
1707,0
1708,0
1709,0
1710,1
1711,1
1712,0
1713,1
1714,0
1715,0
1716,1
1717,1
1718,1
1719,1
1720,1
1721,0
1722,1
1723,0
1724,0
1725,0
1726,1
1727,1
1728,1
1729,0
1730,1
1731,1
1732,1
1733,1
1734,0
1735,0
1736,0
1737,1
1738,1
1739,1
1740,0
1741,0
1742,1
1743,0
1744,0
1745,1
1746,1
1747,0
1748,0
1749,0
1750,1
1751,0
1752,0
1753,1
1754,1
1755,1
1756,0
1757,1
1758,0
1759,1
1760,1
1761,1
1762,1
1763,1
1764,0
1765,0
1766,0
1767,0
1768,1
1769,1
1770,0
1771,1
1772,0
1773,0
1774,0
1775,1
1776,0
1777,0
1778,1
1779,1
1780,1
1781,1
1782,0
1783,0
1784,0
1785,0
1786,1
1787,0
1788,1
1789,1
1790,0
1791,1
1792,1
1793,0
1794,0
1795,1
1796,1
1797,0
1798,0
1799,0
1800,0
1801,0
1802,1
1803,1
1804,0
1805,1
1806,1
1807,1
1808,0
1809,0
1810,1
1811,1
1812,1
1813,1
1814,0
1815,0
1816,1
1817,1
1818,1
1819,0
1820,0
1821,1
1822,1
1823,1
1824,0
1825,0
1826,0
1827,1
1828,1
1829,0
1830,0
1831,1
1832,0
1833,0
1834,1
1835,1
1836,1
1837,0
1838,0
1839,1
1840,1
1841,1
1842,0
1843,1
1844,1
1845,0
1846,0
1847,1
1848,0
1849,1
1850,0
1851,1
1852,0
1853,0
1854,0
1855,0
1856,1
1857,0
1858,0
1859,0
1860,0
1861,0
1862,1
1863,1
1864,1
1865,1
1866,1
1867,1
1868,0
1869,0
1870,1
1871,1
1872,1
1873,1
1874,1
1875,0
1876,1
1877,0
1878,0
1879,0
1880,0
1881,1
1882,1
1883,1
1884,1
1885,0
1886,0
1887,1
1888,1
1889,0
1890,0
1891,0
1892,0
1893,1
1894,0
1895,0
1896,0
1897,1
1898,1
1899,0
1900,0
1901,0
1902,0
1903,0
1904,0
1905,1
1906,0
1907,0
1908,1
1909,1
1910,1
1911,1
1912,0
1913,1
1914,0
1915,1
1916,0
1917,0
1918,1
1919,0
1920,1
1921,0
1922,1
1923,1
1924,0
1925,1
1926,0
1927,0
1928,1
1929,1
1930,0
1931,1
1932,0
1933,1
1934,0
1935,0
1936,0
1937,1
1938,0
1939,0
1940,1
1941,1
1942,0
1943,0
1944,0
1945,1
1946,1
1947,0
1948,1
1949,1
1950,0
1951,1
1952,1
1953,1
1954,1
1955,0
1956,1
1957,1
1958,1
1959,0
1960,0
1961,0
1962,0
1963,1
1964,0
1965,0
1966,0
1967,0
1968,0
1969,0
1970,1
1971,1
1972,1
1973,0
1974,0
1975,0
1976,0
1977,0
1978,0
1979,0
1980,1
1981,1
1982,1
1983,1
1984,0
1985,1
1986,1
1987,0
1988,0
1989,0
1990,0
1991,0
1992,0
1993,1
1994,1
1995,1
1996,1
1997,1
1998,0
1999,1
2000,1
2001,0
2002,1
2003,1
2004,1
2005,1
2006,1
2007,0
2008,1
2009,1
2010,1
2011,1
2012,1
2013,1
2014,0
2015,1
2016,0
2017,1
2018,0
2019,0
2020,0
2021,1
2022,0
2023,0
2024,1
2025,0
2026,1
2027,1
2028,1
2029,1
2030,0
2031,0
2032,1
2033,0
2034,1
2035,0
2036,1
2037,0
2038,0
2039,0
2040,1
2041,0
2042,0
2043,1
2044,1
2045,1
2046,1
2047,0
2048,1
2049,1
2050,0
2051,0
2052,0
2053,0
2054,0
2055,0
2056,0
2057,1
2058,1
2059,0
2060,0
2061,0
2062,0
2063,0
2064,1
2065,0
4547,1
4548,1
4549,1
4550,0
4551,1
4552,1
4553,0
4554,0
4555,1
4556,1
4557,0
4558,0
4559,1
4560,1
4561,1
4562,1
4563,0
4564,0
4565,1
4566,1
4567,1
4568,1
4569,1
4570,0
4571,1
4572,0
4573,1
4574,1
4575,1
4576,1
4577,1
4578,1
4579,0
4580,1
4581,0
4582,0
4583,1
4584,0
4585,0
4586,1
4587,1
4588,0
4589,1
4590,0
4591,1
4592,1
4593,0
4594,0
4595,0
4596,1
4597,1
4598,1
4599,1
4600,0
4601,1
4602,1
4603,0
4604,1
4605,1
4606,1
4607,1
4608,1
4609,1
4610,1
4611,1
4612,1
4613,1
4614,0
4615,0
4616,0
4617,1
4618,1
4619,1
4620,0
4621,1
4622,1
4623,0
4624,1
4625,0
4626,0
4627,1
4628,0
4629,1
4630,1
4631,0
4632,0
4633,1
4634,1
4635,1
4636,0
4637,1
4638,0
4639,1
4640,0
4641,0
4642,1
4643,0
4644,0
4645,1
4646,1
4647,0
4648,0
4649,1
4650,0
4651,0
4652,0
4653,1
4654,0
4655,1
4656,0
4657,0
4658,1
4659,0
4660,0
4661,0
4662,1
4663,0
4664,0
4665,0
4666,0
4667,0
4668,0
4669,0
4670,1
4671,0
4672,0
4673,1
4674,0
4675,0
4676,0
4677,0
4678,0
4679,1
4680,0
4681,1
4682,1
4683,1
4684,1
4685,1
4686,1
4687,1
4688,0
4689,0
4690,0
4691,1
4692,0
4693,0
4694,0
4695,0
4696,0
4697,1
4698,0
4699,1
4700,1
4701,0
4702,1
4703,1
4704,0
4705,1
4706,1
4707,1
4708,0
4709,0
4710,1
4711,1
4712,1
4713,1
4714,0
4715,1
4716,0
4717,0
4718,1
4719,1
4720,0
4721,0
4722,0
4723,0
4724,1
4725,0
4726,0
4727,1
4728,0
4729,1
4730,1
4731,1
4732,1
4733,1
4734,1
4735,1
4736,0
4737,1
4738,1
4739,1
4740,1
4741,1
4742,1
4743,1
4744,1
4745,0
4746,1
4747,1
4748,1
4749,1
4750,1
4751,0
4752,1
4753,1
4754,1
4755,1
4756,0
4757,0
4758,0
4759,1
4760,1
4761,1
4762,1
4763,1
4764,1
4765,1
4766,1
4767,1
4768,1
4769,1
4770,1
4771,0
4772,1
4773,1
4774,1
4775,1
4776,1
4777,1
4778,0
4779,0
4780,1
4781,0
4782,1
4783,1
4784,0
4785,1
4786,1
4787,0
4788,1
4789,1
4790,1
4791,1
4792,1
4793,1
4794,1
4795,0
4796,1
4797,0
4798,0
4799,1
4800,0
4801,1
4802,1
4803,0
4804,0
4805,0
4806,0
4807,0
4808,0
4809,0
4810,0
4811,0
4812,0
4813,0
4814,0
4815,1
4816,1
4817,1
4818,0
4819,1
4820,0
4821,1
4822,0
4823,0
4824,1
4825,1
4826,1
4827,0
4828,0
4829,1
4830,1
4831,0
4832,0
4833,1
4834,0
4835,1
4836,1
4837,0
4838,1
4839,0
4840,1
4841,1
4842,0
4843,0
4844,0
4845,0
4846,0
4847,0
4848,0
4849,0
4850,0
4851,0
4852,0
4853,1
4854,0
4855,0
4856,0
4857,1
4858,0
4859,0
4860,1
4861,0
4862,0
4863,1
4864,1
4865,0
4866,1
4867,1
4868,1
4869,0
4870,0
4871,1
4872,1
4873,1
4874,1
4875,1
4876,1
4877,1
4878,1
4879,0
4880,1
4881,0
4882,1
4883,1
4884,1
4885,1
4886,1
4887,1
4888,1
4889,1
4890,0
4891,1
4892,1
4893,1
4894,1
4895,1
4896,0
4897,1
4898,0
4899,0
4900,1
4901,0
4902,0
4903,0
4904,0
4905,0
4906,1
4907,0
4908,0
4909,1
4910,0
4911,0
4912,0
4913,1
4914,1
4915,1
4916,1
4917,1
4918,1
4919,1
4920,1
4921,1
4922,1
4923,1
4924,1
4925,1
4926,1
4927,0
4928,1
4929,0
4930,0
4931,1
4932,1
4933,1
4934,0
4935,1
4936,1
4937,1
4938,0
4939,1
4940,1
4941,0
4942,1
4943,1
4944,1
4945,1
4946,1
4947,1
4948,1
4949,0
4950,1
4951,1
4952,0
4953,1
4954,1
4955,0
4956,1
4957,1
4958,1
4959,1
4960,0
4961,0
4962,1
4963,1
4964,1
4965,1
4966,1
4967,1
4968,1
4969,1
4970,0
4971,0
4972,1
4973,1
4974,0
4975,1
4976,0
4977,0
4978,1
4979,1
4980,1
4981,1
4982,1
4983,1
4984,0
4985,1
4986,0
4987,0
4988,1
4989,1
4990,0
4991,1
4992,1
4993,0
4994,0
4995,1
4996,1
4997,0
4998,1
4999,1
5000,0
5001,0
5002,1
5003,1
5004,1
5005,0
5006,1
5007,1
5008,0
5009,1
5010,0
5011,1
5012,0
5013,0
5014,0
5015,0
5016,0
5017,0
5018,1
5019,0
5020,1
5021,0
5022,1
5023,1
5024,1
5025,0
5026,0
5027,1
5028,0
5029,0
5030,0
5031,0
5032,1
5033,0
5034,1
5035,0
5036,0
5037,0
5038,1
5039,0
5040,0
5041,0
5042,1
5043,1
5044,1
5045,1
5046,1
5047,1
5048,0
5049,0
5050,0
5051,0
5052,1
5053,0
5054,1
5055,0
5056,0
5057,0
5058,1
5059,1
5060,1
5061,0
5062,1
5063,0
5064,1
5065,0
5066,1
5067,0
5068,1
5069,0
5070,0
5071,1
5072,1
5073,1
5074,0
5075,1
5076,0
5077,1
5078,1
5079,1
5080,1
5081,0
5082,1
5083,1
5084,1
5085,1
5086,0
5087,1
5088,1
5089,1
5090,1
5091,1
5092,1
5093,1
5094,1
5095,1
5096,1
5097,1
5098,1
5099,1
5100,1
5101,1
5102,1
5103,1
5104,1
5105,1
5106,1
5107,1
5108,0
5109,1
5110,1
5111,1
5112,1
5113,1
5114,1
5115,0
5116,1
5117,1
5118,1
5119,1
5120,1
5121,1
5122,1
5123,1
5124,1
5125,1
5126,1
5127,1
5128,1
5129,1
5130,1
5131,1
5132,1
5133,1
5134,0
5135,1
5136,1
5137,1
5138,1
5139,1
5140,1
5141,1
5142,1
5143,1
5144,1
5145,1
5146,1
5147,1
5148,1
5149,1
5150,1
5151,1
5152,1
5153,0
5154,1
5155,1
5156,1
5157,1
5158,0
5159,1
5160,1
5161,1
5162,1
5163,1
5164,1
5165,1
5166,0
5167,1
5168,0
5169,1
5170,1
5171,1
5172,1
5173,1
5174,0
5175,1
5176,1
5177,0
5178,1
5179,1
5180,1
5181,0
5182,1
5183,1
5184,1
5185,1
5186,1
5187,0
5188,0
5189,0
5190,1
5191,1
5192,1
5193,0
5194,1
5195,0
5196,0
5197,0
5198,0
5199,1
5200,1
5201,1
5202,1
5203,1
5204,1
5205,0
5206,1
5207,1
5208,1
5209,1
5210,1
5211,0
5212,1
5213,0
5214,1
5215,1
5216,1
5217,1
5218,1
5219,0
5220,1
5221,1
5222,1
5223,0
5224,0
5225,1
5226,1
5227,1
5228,1
5229,0
5230,1
5231,0
5232,0
5233,0
5234,0
5235,1
5236,1
5237,1
5238,1
5239,0
5240,1
5241,1
5242,1
5243,0
5244,1
5245,1
5246,0
5247,1
5248,1
5249,0
5250,1
5251,1
5252,1
5253,1
5254,1
5255,1
5256,1
5257,1
5258,1
5259,0
5260,1
5261,1
5262,1
5263,0
5264,1
5265,1
5266,1
5267,1
5268,1
5269,1
5270,1
5271,0
5272,1
5273,1
5274,0
5275,0
5276,1
5277,1
5278,0
5279,1
5280,1
5281,1
5282,0
5283,0
5284,1
5285,1
5286,1
5287,1
5288,1
5289,1
5290,0
5291,1
5292,1
5293,1
5294,1
5295,1
5296,1
5297,0
5298,0
5299,0
5300,1
5301,0
5302,1
5303,1
5304,1
5305,1
5306,1
5307,1
5308,0
5309,1
5310,1
5311,1
5312,1
5313,1
5314,1
5315,1
5316,0
5317,1
5318,1
5319,1
5320,1
5321,1
5322,1
5323,0
5324,0
5325,0
5326,1
5327,0
5328,1
5329,1
5330,0
5331,0
5332,0
5333,0
5334,1
5335,0
5336,1
5337,1
5338,0
5339,0
5340,1
5341,0
5342,1
5343,1
5344,1
5345,1
5346,0
5347,1
5348,0
5349,0
5350,1
5351,0
5352,1
5353,1
5354,1
5355,1
5356,0
5357,1
5358,1
5359,1
5360,1
5361,1
5362,0
5363,0
5364,0
5365,1
5366,0
5367,0
5368,1
5369,1
5370,0
5371,1
5372,0
5373,0
5374,0
5375,1
5376,0
5377,1
5378,1
5379,1
5380,1
5381,1
5382,1
5383,0
5384,1
5385,1
5386,1
5387,0
5388,1
5389,0
5390,0
5391,0
5392,0
5393,0
5394,1
5395,1
5396,1
5397,1
5398,1
5399,0
5400,1
5401,1
5402,1
5403,1
5404,0
5405,0
5406,1
5407,0
5408,1
5409,1
5410,1
5411,1
5412,1
5413,0
5414,0
5415,1
5416,0
5417,0
5418,0
5419,1
5420,0
5421,1
5422,0
5423,1
5424,1
5425,1
5426,0
5427,1
5428,1
5429,1
5430,0
5431,1
5432,0
5433,1
5434,0
5435,0
5436,0
5437,0
5438,0
5439,0
5440,1
5441,1
5442,1
5443,0
5444,1
5445,1
5446,1
5447,0
5448,1
5449,1
5450,0
5451,1
5452,1
5453,0
5454,0
5455,0
5456,1
5457,1
5458,0
5459,0
5460,0
5461,1
5462,1
5463,1
5464,1
5465,1
5466,1
5467,1
5468,1
5469,0
5470,0
5471,0
5472,0
5473,1
5474,1
5475,1
5476,0
5477,1
5478,0
5878,0
5879,0
5880,0
5881,0
5882,0
5883,0
5884,0
5885,0
5886,0
5887,0
5888,0
5889,0
5890,0
5891,0
5892,0
5893,0
5894,0
5895,0
5896,0
5897,1
5898,1
5899,0
5900,1
5901,1
5902,0
5903,0
5904,1
5905,0
5906,0
5907,0
5908,1
5909,1
5910,0
5911,0
5912,0
5913,1
5914,1
5915,1
5916,1
5917,1
5918,1
5919,1
5920,1
5921,0
5922,1
5923,0
5924,1
5925,1
5926,1
5927,1
5928,1
5929,0
5930,0
5931,0
5932,1
5933,0
5934,0
5935,1
5936,0
5937,0
5938,1
5939,1
5940,1
5941,0
5942,1
5943,0
5944,1
5945,0
5946,1
5947,1
5948,0
5949,0
5950,0
5951,0
5952,1
5953,0
5954,1
5955,1
5956,1
5957,0
5958,0
5959,0
5960,1
5961,1
5962,0
5963,1
5964,1
5965,1
5966,1
5967,0
5968,0
5969,1
5970,1
5971,0
5972,1
5973,0
5974,0
5975,0
5976,0
5977,0
5978,1
5979,0
5980,1
5981,0
5982,1
5983,0
5984,0
5985,1
5986,1
5987,0
5988,0
5989,0
5990,1
5991,0
5992,0
5993,1
5994,1
5995,1
5996,0
5997,0
5998,0
5999,0
6000,0
6001,0
6002,0
6003,1
6004,1
6005,0
6006,1
6007,0
6008,0
6009,0
6010,1
6011,0
6012,0
6013,0
6014,1
6015,1
6016,0
6017,1
6018,1
6019,0
6020,0
6021,1
6022,1
6023,0
6024,0
6025,1
6026,1
6027,1
6028,1
6029,0
6030,0
6031,1
6032,1
6033,0
6034,0
6035,0
6036,1
6037,0
6038,1
6039,1
6040,1
6041,0
6042,0
6043,1
6044,0
6045,0
6046,1
6047,0
6048,0
6049,0
6050,0
6051,0
6052,1
6053,1
6054,0
6055,0
6056,0
6057,0
6058,0
6059,0
6060,1
6061,0
6062,1
6063,1
6064,0
6065,0
6066,0
6067,1
6068,0
6069,0
6070,1
6071,0
6072,1
6073,1
6074,0
6075,0
6076,1
6077,0
6078,0
6079,0
6080,0
6081,0
6082,0
6083,1
6084,0
6085,0
6086,1
6087,1
6088,0
6089,0
6090,1
6091,0
6092,1
6093,0
6094,0
6095,1
6096,1
6097,0
6098,1
6099,1
6100,1
6101,1
6102,1
6103,1
6104,1
6105,0
6106,1
6107,1
6108,0
6109,0
6110,1
6111,1
6112,1
6113,1
6114,1
6115,0
6116,1
6117,0
6118,1
6119,1
6120,0
6121,0
6122,0
6123,1
6124,0
6125,0
6126,1
6127,0
6128,1
6129,0
6130,0
6131,1
6132,1
6133,0
6134,1
6135,1
6136,1
6137,0
6138,0
6139,1
6140,0
6141,1
6142,1
6143,1
6144,1
6145,0
6146,0
6147,0
6148,1
6149,1
6150,1
6151,1
6152,1
6153,0
6154,0
6155,0
6156,0
6157,1
6158,1
6159,0
6160,1
6161,1
6162,1
6163,0
6164,0
6165,1
6166,0
6167,1
6168,0
6169,0
6170,1
6171,1
6172,0
6173,1
6174,1
6175,0
6176,1
6177,1
6178,1
6179,1
6180,1
6181,0
6182,1
6183,0
6184,1
6185,1
6186,1
6187,0
6188,0
6189,0
6190,1
6191,0
6192,0
6193,1
6194,0
6195,0
6196,0
6197,0
6198,0
6199,0
6200,1
6201,1
6202,0
6203,0
6204,1
6205,0
6206,0
6207,1
6208,1
6209,1
6210,1
6211,1
6212,1
6213,0
6214,1
6215,1
6216,0
6217,0
6218,0
6219,1
6220,1
6221,1
6222,0
6223,1
6224,1
6225,0
6226,0
6227,1
6228,1
6229,1
6230,1
6231,0
6232,0
6233,0
6234,1
6235,1
6236,0
6237,1
6238,1
6239,1
6240,1
6241,1
6242,1
6243,1
6244,0
6245,0
6246,0
6247,1
6248,1
6249,1
6250,0
6251,1
6252,0
6253,1
6254,0
6255,1
6256,1
6257,1
6258,0
6259,0
6260,1
6261,1
6262,1
6263,1
6264,1
6265,0
6266,0
6267,0
6268,0
6269,0
6270,1
6271,1
6272,1
6273,1
6274,1
6275,1
6276,1
6277,1
6278,1
6279,1
6280,0
6281,0
6282,1
6283,1
6284,1
6285,1
6286,0
6287,1
6288,0
6289,1
6290,1
6291,1
6292,1
6293,1
6294,0
6295,1
6296,1
6297,1
6298,1
6299,1
6300,0
6301,0
6302,1
6303,1
6304,0
6305,1
6306,0
6307,1
6308,1
6309,1
6310,0
6311,0
6312,0
6313,1
6314,1
6315,1
6316,1
6317,1
6318,0
6319,1
6320,0
6321,0
6322,0
6323,1
6324,1
6325,1
6326,1
6327,0
6328,0
6329,1
6330,1
6331,0
6332,1
6333,1
6334,1
6335,0
6336,1
6337,1
6338,0
6339,0
6340,1
6341,0
6342,1
6343,1
6344,0
6345,1
6346,1
6347,1
6348,1
6349,1
6350,0
6351,0
6352,1
6353,1
6354,0
6355,1
6356,1
6357,1
6358,0
6359,0
6360,0
6361,1
6362,0
6363,0
6364,1
6365,1
6366,0
6367,0
6368,1
6369,1
6370,0
6371,1
6372,1
6373,1
6374,1
6375,1
6376,1
6377,1
6378,1
6379,1
6380,1
6381,1
6382,0
6383,1
6384,0
6385,0
6386,1
6387,1
6388,0
6389,1
6390,1
6391,0
6392,0
6393,0
6394,0
6395,0
6396,1
6397,1
6398,0
6399,0
6400,0
6401,1
6402,0
6403,1
6404,1
6405,1
6406,1
7598,0
7599,1
7600,1
7601,1
7602,1
7603,1
7604,1
7605,1
7606,1
7607,0
7608,1
7609,1
7610,1
7611,1
7612,1
7613,1
7614,0
7615,1
7616,1
7617,1
7618,1
7619,1
7620,1
7621,1
7622,1
7623,1
7624,1
7625,1
7626,1
7627,1
7628,1
7629,1
7630,1
7631,1
7632,1
7633,1
7634,1
7635,1
7636,1
7637,1
7638,1
7639,1
7640,1
7641,0
7642,1
7643,1
7644,1
7645,0
7646,1
7647,1
7648,0
7649,1
7650,1
7651,1
7652,0
7653,1
7654,1
7655,0
7656,1
7657,1
7658,1
7659,0
7660,1
7661,1
7662,0
7663,1
7664,1
7665,0
7666,0
7667,0
7668,0
7669,1
7670,0
7671,1
7672,0
7673,0
7674,0
7675,0
7676,0
7677,1
7678,1
7679,0
7680,1
7681,1
7682,1
7683,0
7684,1
7685,1
7686,0
7687,0
7688,0
7689,1
7690,1
7691,1
7692,1
7693,1
7694,0
7695,1
7696,1
7697,1
7698,1
7699,1
7700,1
7701,1
7702,0
7703,1
7704,1
7705,1
7706,0
7707,1
7708,0
7709,1
7710,1
7711,0
7712,1
7713,0
7714,0
7715,1
7716,1
7717,1
7718,1
7719,1
7720,1
7721,1
7722,1
7723,1
7724,1
7725,1
7726,1
7727,1
7728,1
7729,1
7730,1
7731,0
7732,1
7733,1
7734,1
7735,1
7736,0
7737,1
7738,1
7739,1
7740,1
7741,1
7742,0
7743,1
7744,0
7745,0
7746,1
7747,0
7748,1
7749,1
7750,0
7751,1
7752,0
7753,0
7754,1
7755,0
7756,0
7757,0
7758,0
7759,0
7760,0
7761,1
7762,0
7763,1
7764,0
7765,0
7766,0
7767,0
7768,0
7769,0
7770,1
7771,1
7772,0
7773,0
7774,1
7775,0
7776,0
7777,1
7778,0
7779,1
7780,0
7781,1
7782,1
7783,0
7784,1
7785,1
7786,0
7787,0
7788,0
7789,1
7790,1
7791,1
7792,0
7793,0
7794,0
7795,0
7796,1
7797,1
7798,1
7799,1
7800,1
7801,1
7802,0
7803,1
7804,0
7805,0
7806,1
7807,1
7808,0
7809,1
7810,1
7811,1
7812,1
7813,1
7814,0
7815,1
7816,1
7817,0
7818,1
7819,1
7820,0
7821,1
7822,1
7823,0
7824,1
7825,1
7826,1
7827,1
7828,1
7829,1
7830,1
7831,1
7832,0
7833,1
7834,1
7835,0
7836,1
7837,1
7838,1
7839,1
7840,0
7841,1
7842,0
7843,1
7844,1
7845,1
7846,1
7847,1
7848,1
7849,1
7850,1
7851,0
7852,1
7853,0
7854,1
7855,0
7856,1
7857,1
7858,1
7859,1
7860,1
7861,1
7862,1
7863,1
7864,1
7865,0
7866,0
7867,1
7868,1
7869,1
7870,1
7871,1
7872,1
7873,1
7874,1
7875,0
7876,1
7877,1
7878,1
7879,1
7880,1
7881,1
7882,1
7883,1
7884,1
7885,1
7886,1
7887,1
7888,1
7889,1
7890,0
7891,1
7892,1
7893,1
7894,1
7895,1
7896,1
7897,1
7898,1
7899,0
7900,1
7901,1
7902,0
7903,1
7904,1
7905,1
7906,0
7907,0
7908,1
7909,1
7910,1
7911,1
7912,1
7913,1
7914,1
7915,1
7916,1
7917,0
7918,1
7919,1
7920,1
7921,1
7922,1
7923,1
7924,1
7925,1
7926,1
7927,0
7928,1
7929,1
7930,1
7931,1
7932,1
7933,1
7934,1
7935,1
7936,1
7937,1
7938,1
7939,1
7940,1
7941,1
7942,1
7943,1
7944,1
7945,1
7946,1
7947,1
7948,1
7949,1
7950,0
7951,1
7952,1
7953,1
7954,1
7955,1
7956,1
7957,1
7958,0
7959,1
7960,0
7961,1
7962,1
7963,1
7964,1
7965,0
7966,0
7967,1
7968,1
7969,1
7970,0
7971,0
7972,1
7973,1
7974,0
7975,0
7976,0
7977,1
7978,0
7979,0
7980,0
7981,1
7982,1
7983,0
7984,0
7985,0
7986,1
7987,0
7988,1
7989,0
7990,1
7991,1
7992,0
7993,1
7994,1
7995,1
7996,0
7997,1
7998,1
7999,0
8000,1
8001,1
8002,0
8003,1
8004,1
8005,0
8006,0
8007,1
8008,1
8009,1
8010,0
8011,1
8012,1
8013,0
8014,1
8015,1
8016,0
8017,0
8018,1
8019,1
8020,1
8021,0
8022,0
8023,0
8024,1
8025,0
8026,0
8027,1
8028,1
8029,0
8030,0
8031,1
8032,1
8033,0
8034,1
8035,0
8036,1
8037,0
8038,0
8039,1
8040,1
8041,0
8042,1
8043,1
8044,1
8045,1
8046,1
8047,1
9846,0
9847,0
9848,0
9849,1
9850,0
9851,0
9852,0
9853,0
9854,0
9855,0
9856,0
9857,0
9858,0
9859,1
9860,0
9861,0
9862,0
9863,0
9864,1
9865,0
9866,0
9867,0
9868,0
9869,0
9870,0
9871,0
9872,0
9873,0
9874,0
9875,0
9876,0
9877,0
9878,0
9879,0
9880,1
9881,1
9882,0
9883,0
9884,0
9885,1
9886,1
9887,0
9888,1
9889,0
9890,0
9891,1
9892,1
9893,0
9894,0
9895,1
9896,1
9897,0
9898,0
9899,0
9900,0
9901,0
9902,1
9903,0
9904,0
9905,1
9906,0
9907,0
9908,1
9909,0
9910,0
9911,1
9912,0
9913,0
9914,0
9915,0
9916,0
9917,0
9918,0
9919,1
9920,0
9921,0
9922,0
9923,0
9924,0
9925,0
9926,0
9927,1
9928,0
9929,0
9930,0
9931,0
9932,0
9933,0
9934,0
9935,0
9936,0
9937,0
9938,0
9939,0
9940,0
9941,0
9942,0
9943,0
9944,0
9945,1
9946,0
9947,0
9948,0
9949,0
9950,0
9951,1
9952,0
9953,0
9954,0
9955,0
9956,0
9957,0
9958,0
9959,0
9960,0
9961,0
9962,0
9963,0
9964,0
9965,0
9966,0
9967,1
9968,0
9969,1
9970,0
9971,1
9972,1
9973,0
9974,0
9975,0
9976,0
9977,1
9978,0
9979,1
9980,0
9981,1
9982,1
9983,0
9984,0
9985,1
9986,0
9987,0
9988,0
9989,0
9990,0
9991,0
9992,0
9993,0
9994,1
9995,0
9996,0
9997,0
9998,0
9999,1
10000,1
10001,1
10002,0
10003,0
10004,1
10005,0
10006,0
10007,0
10008,0
10009,1
10010,0
10011,0
10012,1
10013,1
10014,0
10015,0
10016,0
10017,0
10018,1
10019,0
10020,0
10021,0
10022,0
10023,0
10024,0
10025,0
10026,0
10027,0
10028,0
10029,0
10030,0
10031,0
10032,0
10033,0
10034,0
10035,0
10036,0
10037,0
10038,0
10039,1
10040,1
10041,0
10042,0
10043,1
10044,0
10045,1
10046,0
10047,1
10048,0
10049,0
10050,0
10051,0
10052,1
10053,1
10054,0
10055,1
10056,1
10057,1
10058,0
10059,0
10060,0
10061,1
10062,1
10063,0
10064,1
10065,0
10066,0
10067,0
10068,0
10069,0
10070,0
10071,1
10072,1
10073,1
10074,0
10075,0
10076,1
10077,0
10078,0
10079,0
10080,0
10081,0
10082,0
10083,1
10084,0
10085,1
10086,0
10087,0
10088,0
10089,0
10090,0
10091,1
10092,0
10093,0
10094,1
10095,1
10096,0
10097,0
10098,0
10099,1
10100,1
10101,0
10102,1
10103,0
10104,0
10105,0
10106,1
10107,0
10108,1
10109,0
10110,0
10111,0
10112,0
10113,0
10114,0
10115,0
10116,1
10117,0
10118,1
10119,1
10120,0
10121,1
10122,0
10123,1
10124,1
10125,0
10126,1
10127,1
10128,1
10129,0
10130,0
10131,1
10132,0
10133,1
10134,1
10135,1
10136,1
10137,1
10138,1
10139,1
10140,1
10141,1
10142,0
10143,0
10144,0
10145,1
10146,0
10147,1
10148,1
10149,1
10150,0
10151,0
10152,1
10153,0
10154,0
10155,1
10156,0
10157,0
10158,1
10159,0
10160,0
10161,1
10162,1
10163,0
10164,0
10165,1
10166,1
10167,0
10168,0
10169,1
10170,0
10171,1
10172,0
10173,1
10174,1
10175,1
10176,1
10177,1
10178,0
10179,0
10180,1
10181,1
10182,1
10183,1
10184,1
10185,0
10186,1
10187,0
10188,0
10189,1
10190,1
10191,1
10192,1
10193,0
10194,0
10195,1
10196,0
10197,1
10198,0
10199,1
10200,1
10201,1
10202,0
10203,1
10204,0
10205,1
10206,1
10207,1
10208,1
10209,1
10210,1
10211,0
10212,0
10213,0
10214,0
10215,1
10216,0
10217,1
10218,1
10219,1
10220,0
10221,0
10222,1
10223,1
10224,0
10225,1
10226,1
10227,1
10228,0
10229,0
10230,0
10231,1
10232,0
10233,0
10234,1
10235,1
10236,0
10237,1
10238,1
10239,0
10240,1
10241,0
10242,0
10243,0
10244,0
10245,1
10246,1
10247,1
10248,0
10249,0
10250,0
10251,0
10252,1
10253,0
10254,0
10255,0
10256,0
10257,1
10258,1
10259,1
10260,0
10261,1
10262,1
10263,1
10264,1
10265,0
10266,0
10267,0
10268,0
10269,1
10270,1
10271,0
10272,0
10273,1
10274,1
10275,1
10276,1
10277,1
10278,0
10279,1
10280,1
10281,1
10282,0
10283,1
10284,0
10285,1
10286,0
10287,1
10288,0
10289,0
10290,1
10291,1
10292,1
10293,0
10294,1
10295,1
10296,1
10297,0
10298,1
10299,0
10300,1
10301,0
10302,0
10303,0
10304,0
10305,0
10306,0
10307,1
10308,0
10309,1
10310,1
10311,0
10312,0
10313,0
10314,1
10315,1
10316,0
10317,1
10318,1
10319,0
10320,0
10321,1
10322,1
10323,1
10324,1
10325,0
10326,1
10327,1
10328,1
10329,0
10330,0
10331,1
10332,0
10333,0
10334,0
10335,1
10336,0
10337,0
10338,1
10339,0
10340,0
10341,1
10342,0
10343,0
10344,0
10345,0
10346,1
10347,0
10348,0
10349,0
10350,1
10351,0
10352,0
10353,0
10354,0
10355,0
10356,0
10357,0
10358,0
10359,0
10360,0
10361,0
10362,1
10363,1
10364,0
10365,0
10366,0
10367,0
10368,0
10369,0
10370,1
10371,1
10372,0
10373,1
10374,1
10375,1
10376,1
10377,1
10378,0
10379,1
10380,1
10381,0
10382,0
10383,0
10384,1
10385,1
10386,0
10387,0
10388,0
10389,1
10390,1
10391,1
10392,0
10393,1
10394,1
10395,0
10396,1
10397,0
10398,0
10399,1
10400,1
10401,0
10402,0
10403,0
10404,0
10405,1
10406,0
10407,0
10408,0
10409,0
10410,0
10411,1
10412,0
10413,1
10414,0
10415,1
10416,0
10417,0
10418,1
10419,1
10420,0
10421,0
10422,1
10423,0
10424,1
10425,1
10426,1
10427,0
10428,1
10429,1
10430,0
10431,1
10432,1
10433,0
10434,0
10435,0
10436,1
10437,0
10438,0
10439,1
10440,0
10441,0
10442,0
10443,0
10444,0
10445,0
10446,0
10447,0
10448,0
10449,0
10450,0
10451,0
10452,0
10453,0
10454,0
10455,1
10456,1
10457,0
10458,0
10459,1
10460,1
10461,1
10462,1
10463,0
10464,0
10465,1
10466,0
10467,0
10468,0
10469,1
10470,0
10471,0
10472,1
10473,0
10474,0
10475,0
10476,0
10477,1
10478,0
10479,0
10480,0
12371,1
12372,1
12373,1
12374,1
12375,1
12376,0
12377,1
12378,1
12379,0
12380,0
12381,1
12382,1
12383,1
12384,1
12385,0
12386,1
12387,1
12388,1
12389,1
12390,1
12391,1
12392,1
12393,1
12394,0
12395,1
12396,1
12397,1
12398,0
12399,0
12400,1
12401,0
12402,0
12403,0
12404,0
12405,1
12406,1
12407,1
12408,1
12409,1
12410,1
12411,0
12412,1
12413,0
12414,0
12415,0
12416,1
12417,0
12418,1
12419,1
12420,0
12421,1
12422,1
12423,1
12424,1
12425,1
12426,1
12427,1
12428,1
12429,1
12430,1
12431,1
12432,0
12433,1
12434,1
12435,1
12436,1
12437,1
12438,1
12439,0
12440,0
12441,1
12442,1
12443,1
12444,1
12445,1
12446,1
12447,1
12448,1
12449,1
12450,1
12451,1
12452,1
12453,1
12454,1
12455,0
12456,1
12457,1
12458,0
12459,1
12460,1
12461,1
12462,1
12463,1
12464,1
12465,1
12466,0
12467,1
12468,1
12469,1
12470,1
12471,1
12472,0
12473,1
12474,1
12475,1
12476,1
12477,1
12478,1
12479,1
12480,1
12481,1
12482,1
12483,0
12484,1
12485,1
12486,1
12487,1
12488,1
12489,0
12490,1
12491,1
12492,0
12493,1
12494,1
12495,0
12496,0
12497,0
12498,1
12499,0
12500,0
12501,1
12502,1
12503,0
12504,1
12505,0
12506,0
12507,0
12508,0
12509,1
12510,1
12511,0
12512,0
12513,0
12514,0
12515,1
12516,0
12517,0
12518,1
12519,0
12520,0
12521,0
12522,1
12523,0
12524,0
12525,1
12526,0
12527,0
12528,0
12529,0
12530,0
12531,0
12532,0
12533,1
12534,0
12535,0
12536,1
12537,1
12538,0
12539,0
12540,0
12541,0
12542,0
12543,0
12544,1
12545,1
12546,0
12547,1
12548,0
12549,1
12550,1
12551,1
12552,1
12553,1
12554,1
12555,0
12556,1
12557,0
12558,0
12559,1
12560,1
12561,1
12562,1
12563,1
12564,1
12565,0
12566,1
12567,1
12568,1
12569,1
12570,0
12571,0
12572,0
12573,1
12574,1
12575,0
12576,1
12577,1
12578,0
12579,1
12580,0
12581,1
12582,1
12583,1
12584,1
12585,0
12586,0
12587,1
12588,1
12589,0
12590,0
12591,1
12592,1
12593,0
12594,1
12595,1
12596,1
12597,1
12598,1
12599,1
12600,1
12601,0
12602,0
12603,1
12604,1
12605,1
12606,0
12607,1
12608,0
12609,0
12610,0
12611,0
12612,0
12613,0
12614,0
12615,0
12616,0
12617,0
12618,0
12619,1
12620,1
12621,0
12622,0
12623,0
12624,1
12625,1
12626,1
12627,1
12628,0
12629,0
12630,0
12631,1
12632,1
12633,1
12634,1
12635,0
12636,1
12637,1
12638,1
12639,1
12640,1
12641,1
12642,1
12643,1
12644,1
12645,1
12646,1
12647,0
12648,0
12649,0
12650,1
12651,0
12652,0
12653,1
12654,0
12655,0
12656,0
12657,1
12658,0
12659,1
12660,1
12661,1
12662,1
12663,1
12664,0
12665,1
12666,0
12667,1
12668,1
12669,0
12670,0
12671,0
12672,1
12673,1
12674,1
12675,0
12676,1
12677,1
12678,0
12679,1
12680,0
12681,0
12682,0
12683,1
12684,0
12685,1
12686,1
12687,1
12688,1
12689,0
12690,0
12691,0
12692,0
12693,0
12694,1
12695,1
12696,1
12697,0
12698,1
12699,1
12700,0
12701,1
12702,1
12703,0
12704,1
12705,0
12706,1
12707,1
12708,1
12709,1
12710,1
12711,0
12712,0
12713,0
12714,0
12715,0
12716,1
12717,0
12718,0
12719,1
12720,1
12721,1
12722,1
12723,1
12724,1
12725,1
12726,0
12727,1
12728,1
12729,1
12730,1
12731,1
12732,0
12733,1
12734,0
12735,1
12736,0
12737,1
12738,1
12739,1
12740,1
12741,1
12742,0
12743,0
12744,0
12745,0
12746,1
12747,0
12748,1
12749,0
12750,1
12751,0
12752,1
12753,1
12754,0
12755,1
12756,1
12757,1
12758,1
12759,1
12760,1
12761,1
12762,1
12763,1
12764,1
12765,0
12766,1
12767,1
12768,1
12769,1
12770,0
12771,1
12772,1
12773,1
12774,1
12775,1
12776,1
12777,1
12778,0
12779,0
12780,1
12781,1
12782,0
12783,1
12784,1
12785,1
12786,1
12787,0
12788,0
12789,0
12790,0
12791,0
12792,0
12793,1
12794,0
12795,0
12796,0
12797,0
12798,0
12799,1
12800,1
12801,0
12802,0
12803,0
12804,0
12805,1
12806,0
12807,0
12808,0
12809,1
12810,0
12811,1
12812,0
12813,1
12814,0
12815,0
12816,0
12817,0
12818,1
12819,1
12820,1
12821,0
12822,1
12823,0
12824,1
12825,0
12826,0
12827,0
12828,1
12829,1
12830,0
12831,1
12832,0
12833,0
12834,0
12835,0
12836,1
12837,1
12838,1
12839,1
12840,0
12841,0
12842,0
12843,0
12844,0
12845,0
12846,0
12847,0
12848,0
12849,1
12850,1
12851,0
12852,0
12853,0
12854,0
12855,0
12856,0
12857,1
12858,0
12859,0
12860,0
12861,0
12862,0
12863,0
12864,0
12865,1
12866,0
12867,0
12868,0
12869,0
12870,0
12871,0
12872,0
12873,0
12874,0
12875,0
12876,0
12877,0
12878,0
12879,1
12880,0
12881,0
12882,0
12883,0
12884,0
12885,0
12886,1
12887,0
12888,0
12889,1
12890,0
12891,0
12892,0
12893,0
12894,0
12895,0
12896,0
12897,1
12898,0
12899,0
12900,0
12901,0
12902,0
12903,0
12904,0
12905,0
12906,0
12907,0
12908,0
12909,0
12910,0
12911,0
12912,0
12913,0
12914,0
12915,1
12916,0
12917,1
12918,0
12919,0
12920,0
12921,1
12922,0
12923,0
12924,0
12925,0
12926,0
12927,0
12928,0
12929,0
12930,0
12931,0
12932,0
12933,0
12934,0
12935,0
12936,1
12937,1
12938,0
12939,1
12940,0
12941,1
12942,1
12943,0
12944,0
13627,0
13628,1
13629,1
13630,1
13631,1
13632,1
13633,1
13634,1
13635,1
13636,1
13637,1
13638,1
13639,1
13640,1
13641,1
13642,1
13643,1
13644,0
13645,1
13646,1
13647,1
13648,1
13649,1
13650,1
13651,1
13652,1
13653,1
13654,1
13655,1
13656,1
13657,1
13658,1
13659,1
13660,1
13661,0
13662,1
13663,1
13664,1
13665,1
13666,1
13667,1
13668,1
13669,1
13670,1
13671,1
13672,1
13673,1
13674,0
13675,1
13676,1
13677,1
13678,1
13679,1
13680,1
13681,1
13682,1
13683,0
13684,1
13685,1
13686,1
13687,1
13688,1
13689,1
13690,1
13691,1
13692,1
13693,1
13694,1
13695,1
13696,1
13697,0
13698,1
13699,1
13700,1
13701,1
13702,1
13703,0
13704,1
13705,1
13706,1
13707,1
13708,1
13709,1
13710,0
13711,1
13712,1
13713,1
13714,1
13715,0
13716,1
13717,1
13718,1
13719,1
13720,0
13721,1
13722,1
13723,1
13724,1
13725,1
13726,1
13727,1
13728,1
13729,1
13730,1
13731,1
13732,1
13733,0
13734,1
13735,0
13736,1
13737,1
13738,1
13739,1
13740,1
13741,1
13742,1
13743,1
13744,1
13745,1
13746,1
13747,1
13748,0
13749,1
13750,1
13751,1
13752,1
13753,1
13754,1
13755,1
13756,1
13757,1
13758,1
13759,1
13760,1
13761,1
13762,1
13763,1
13764,1
13765,1
13766,1
13767,1
13768,0
13769,1
13770,1
13771,1
13772,1
13773,1
13774,1
13775,1
13776,1
13777,1
13778,1
13779,1
13780,1
13781,1
13782,1
13783,1
13784,0
13785,1
13786,1
13787,1
13788,1
13789,0
13790,1
13791,1
13792,1
13793,1
13794,1
13795,1
13796,1
13797,1
13798,1
13799,1
13800,1
13801,1
13802,1
13803,1
13804,1
13805,1
13806,1
13807,1
13808,1
13809,1
13810,1
13811,1
13812,1
13813,1
13814,1
13815,1
13816,0
13817,1
13818,1
13819,1
13820,1
13821,0
13822,1
13823,1
13824,1
13825,1
13826,1
13827,1
13828,1
13829,1
13830,1
13831,1
13832,1
13833,1
13834,1
13835,1
13836,1
13837,1
13838,1
13839,1
13840,1
13841,1
13842,1
13843,1
13844,1
13845,1
13846,1
13847,1
13848,1
13849,1
13850,1
13851,1
13852,1
13853,1
13854,1
13855,1
13856,1
13857,1
13858,1
13859,1
13860,1
13861,1
13862,1
13863,1
13864,1
13865,1
13866,1
13867,1
13868,1
13869,1
13870,1
13871,1
13872,1
13873,0
13874,0
13875,1
13876,1
13877,1
13878,1
13879,1
13880,1
13881,1
13882,1
13883,1
13884,1
13885,1
13886,1
13887,1
13888,0
13889,1
13890,1
13891,1
13892,1
13893,1
13894,1
13895,1
13896,0
13897,0
13898,1
13899,0
13900,0
13901,0
13902,0
13903,1
13904,1
13905,1
13906,1
13907,1
13908,1
13909,1
13910,0
13911,1
13912,0
13913,0
13914,1
13915,1
13916,0
13917,1
13918,0
13919,1
13920,0
13921,1
13922,1
13923,1
13924,1
13925,1
13926,1
13927,1
13928,0
13929,1
13930,1
13931,1
13932,1
13933,1
13934,1
13935,1
13936,1
13937,1
13938,1
13939,1
13940,0
13941,1
13942,1
13943,0
13944,0
13945,1
13946,0
13947,1
13948,0
13949,0
13950,0
13951,1
13952,0
13953,0
13954,1
13955,0
13956,1
13957,1
13958,0
13959,0
13960,0
13961,0
13962,0
13963,0
13964,1
13965,0
13966,1
13967,1
13968,0
13969,1
13970,0
13971,1
13972,1
13973,1
13974,0
13975,1
13976,0
13977,0
13978,1
13979,1
13980,0
13981,1
13982,1
13983,1
13984,0
13985,1
13986,1
13987,1
13988,0
13989,1
13990,0
13991,1
13992,0
13993,1
13994,0
13995,1
13996,1
13997,1
13998,1
13999,1
14000,0
14001,0
14002,0
14003,0
14004,1
14005,0
14006,0
14007,0
14008,0
14009,1
14010,1
14011,1
14012,0
14013,0
14014,1
14015,0
14016,1
14017,0
14018,1
14019,1
14020,1
14021,0
14022,1
14023,0
14024,1
14025,1
14026,1
14027,1
14028,1
14029,1
14030,1
14031,1
14032,1
14033,1
14034,1
14035,1
14036,1
14037,0
14038,1
14039,1
14040,1
14041,1
14042,0
14043,1
14044,1
14045,1
14046,1
14047,0
14048,1
14049,1
14050,1
14051,1
14052,1
14053,1
14054,1
14055,1
14056,0
14057,0
14058,1
14059,0
14060,1
14061,0
14062,1
14063,0
14064,0
14065,1
14066,1
14067,1
14068,0
14069,1
14070,1
14071,0
14072,1
14073,0
14074,0
14075,0
14076,0
14077,1
14078,1
14079,0
14080,1
14081,1
14082,1
14083,1
14084,1
14085,0
14086,1
14087,0
14088,1
14089,0
14090,1
14091,0
14092,0
14093,0
14094,1
14095,0
14096,0
14097,0
14098,1
14099,1
14100,0
14101,0
14102,1
14103,1
14104,0
14105,1
14106,1
14107,0
14108,1
14109,1
14110,1
14111,1
14112,1
14113,1
14114,0
14115,1
14116,0
14117,1
14118,1
14119,1
14120,0
14121,1
14122,0
14123,1
14124,1
14125,0
14126,1
14127,0
14128,1
14129,0
14130,1
14131,1
14132,0
14133,1
14134,0
14135,1
14136,1
14137,0
14138,1
14139,1
14140,1
14141,1
14142,1
14143,1
14144,1
14145,1
14146,0
14147,1
14148,1
14149,1
14150,1
14151,1
14152,1
14153,1
14154,1
14155,1
14156,1
14157,1
14158,1
14159,1
14160,1
14161,1
14162,1
14163,1
14164,1
14165,1
14166,1
14167,1
14168,1
14169,1
14170,1
14171,1
14172,1
14173,1
14174,1
14175,1
14176,1
14177,1
14178,1
14179,1
14180,1
14181,1
14182,1
14183,1
14184,1
14185,1
14186,1
14187,1
14188,1
14189,1
14190,1
14191,1
14192,1
14193,1
14194,1
14195,1
14196,0
14197,0
14198,0
14199,0
14200,1
14201,1
14202,1
14203,1
14204,0
14205,1
14206,0
14207,0
14208,0
14209,0
14210,1
14211,0
14212,0
14213,0
14214,1
14215,1
14216,1
14217,1
14218,0
14219,0
14220,0
14221,0
14222,1
14223,1
14224,1
14225,1
14226,1
14227,0
14228,1
14229,1
14230,1
14231,1
14232,1
14233,1
14234,1
14235,1
14236,1
14237,1
14238,1
14239,0
14240,1
14241,0
14242,1
14243,1
14244,1
14245,1
14246,1
14247,1
14248,1
14249,1
14250,1
14251,1
14252,1
14253,0
14254,1
14255,0
14256,0
14257,1
14258,0
14259,1
14260,0
14261,0
14262,1
14263,0
14264,0
14265,0
14266,1
14267,0
14268,1
14269,0
14270,0
14271,1
14272,1
14273,1
14274,1
14275,1
14276,1
14277,1
14278,1
14279,1
14280,1
14281,1
14282,1
14283,1
14284,0
14285,1
14286,1
14287,0
14288,1
14289,0
14290,0
14291,0
14292,0
14293,1
14294,1
14295,1
14296,1
14297,0
14298,0
14299,0
14300,0
14301,1
14302,1
14303,0
14304,1
14305,0
14306,1
14307,1
14308,1
14309,1
14310,1
14311,1
14312,1
14313,0
14314,1
14315,1
14316,0
14317,1
14318,1
14319,1
14320,1
14321,1
14322,1
14323,1
14324,1
14325,1
14326,1
14327,1
14328,0
14329,0
14330,0
14331,1
14332,1
14333,0
14334,0
14335,1
14336,0
14337,0
14338,0
14339,0
14340,1
14341,1
14342,0
14343,0
14344,0
14345,0
14346,0
14347,1
14348,0
14349,1
14350,1
14351,1
14352,0
14353,1
14354,0
14355,0
14356,0
14357,1
14358,1
14359,1
14360,0
14361,1
14362,1
14363,1
14364,1
14365,1
14366,0
14367,1
14368,1
14369,1
14370,1
14371,0
14372,1
14373,1
14374,0
14375,1
14376,0
14377,1
14378,1
14379,0
14380,1
14381,1
14382,1
14383,1
14384,1
14385,1
14386,0
14387,1
14388,1
14389,1
14390,1
14391,1
14392,1
14393,0
14394,1
14395,0
14396,1
14397,1
14398,1
14399,1
14400,0
14401,1
14402,1
14403,1
14404,1
14405,1
14406,1
14407,1
14408,1
14409,0
14410,0
14411,1
14412,1
14413,1
14414,1
14415,1
14416,1
14417,1
14418,1
14419,1
14420,1
14421,1
14422,1
14423,1
14424,1
14425,1
14426,1
14427,1
14428,1
14429,1
14430,1
14431,1
14432,1
14433,1
14434,1
14435,1
14436,1
14437,1
14438,1
14439,0
14440,1
14441,1
14442,1
14443,1
14444,1
14445,1
14446,1
14447,1
14448,1
14449,1
14450,0
14451,0
14452,1
14453,1
14454,1
14455,1
14456,1
14457,1
14458,1
14459,1
14460,1
14461,1
14462,1
14463,1
14464,1
14465,1
14466,1
14467,0
14468,1
14469,0
14470,1
14471,1
14472,1
14473,0
14474,1
14475,1
14476,1
14477,1
14478,1
14479,1
14480,1
14481,1
14482,1
14483,1
14484,1
14485,1
14486,1
14487,1
14488,1
14489,1
14490,1
14491,1
14492,0
14493,1
14494,1
14495,0
14496,1
14497,0
14498,1
14499,1
14500,1
14501,1
14502,1
14503,1
14504,1
14505,0
14506,1
14507,1
14508,1
14509,1
14510,1
14511,1
14512,1
14513,1
14514,1
14515,0
14516,1
14517,1
14518,1
14519,0
14520,1
14521,1
14522,1
14523,0
14524,1
14525,0
14526,1
14527,1
14528,1
14529,1
14530,1
14531,0
14532,1
14533,0
14534,0
14535,0
14536,0
14537,0
14538,0
14539,1
14540,1
14541,1
14542,1
14543,1
14544,1
14545,1
14546,0
14547,0
14548,1
14549,1
14550,1
14551,1
14552,1
14553,0
14554,1
14555,1
14556,1
14557,1
14558,1
14559,0
14560,0
14561,0
14562,0
14563,0
14564,0
14565,1
14566,1
14567,1
14568,1
14569,1
14570,1
14571,1
14572,1
14573,1
14574,1
14575,1
14576,1
14577,1
14578,1
14579,1
14580,1
14581,1
14582,1
14583,1
14584,1
14585,0
14586,1
14587,1
14588,1
14589,1
14590,1
14591,1
14592,1
14593,1
14594,1
14595,1
14596,1
14597,1
14598,0
14599,1
14600,0
14601,0
14602,1
14603,1
14604,1
14605,1
14606,1
14607,1
14608,1
14609,1
14610,1
14611,1
14612,1
14613,1
14614,0
14615,1
14616,0
14617,1
14618,1
14619,1
14620,1
14621,1
14622,1
14623,1
14624,0
14625,1
14626,1
14627,1
14628,0
14629,1
14630,0
14631,0
14632,1
14633,0
14634,0
14635,0
14636,1
14637,1
14638,1
14639,1
14640,0
14641,1
14642,1
14643,0
14644,0
14645,1
14646,0
14647,0
14648,0
14649,1
14650,1
14651,1
14652,0
14653,1
14654,1
14655,1
14656,0
14657,1
14658,1
14659,1
14660,1
14661,1
14662,1
14663,1
14664,1
14665,1
14666,1
14667,1
14668,1
14669,0
14670,1
14671,1
14672,1
14673,1
14674,1
14675,1
14676,1
14677,1
14678,1
14679,1
14680,1
14681,1
14682,1
14683,1
14684,1
14685,1
14686,1
14687,1
14688,0
14689,1
14690,1
14691,0
14692,1
14693,1
14694,1
14695,1
14696,0
14697,0
14698,0
14699,1
14700,1
14701,1
14702,1
14703,1
14704,1
14705,1
14706,1
14707,0
14708,0
14709,0
14710,1
14711,1
14712,1
14713,1
14714,1
14715,1
14716,1
14717,1
14718,1
14719,0
14720,1
14721,1
14722,1
14723,1
14724,1
14725,1
14726,1
14727,1
14728,1
14729,1
14730,1
14731,1
14732,1
14733,1
14734,0
14735,0
14736,1
14737,0
14738,1
14739,1
14740,1
14741,1
14742,0
14743,1
14744,1
14745,1
14746,1
14747,0
14748,1
14749,1
14750,1
14751,1
14752,1
14753,0
14754,1
14755,1
14756,1
14757,1
14758,1
14759,1
14760,1
14761,1
14762,1
14763,1
14764,1
14765,1
14766,0
14767,1
14768,1
14769,1
14770,1
14771,1
14772,0
14773,0
14774,0
14775,1
14776,1
14777,1
14778,0
14779,1
14780,1
14781,1
14782,1
14783,1
14784,1
14785,1
14786,1
14787,0
14788,1
14789,0
14790,1
14791,1
14792,0
14793,1
14794,1
14795,0
14796,1
14797,0
14798,1
14799,1
14800,1
14801,1
14802,1
14803,1
14804,1
14805,1
14806,1
14807,1
14808,1
14809,1
14810,1
14811,1
14812,0
14813,1
14814,1
14815,1
14816,1
14817,1
14818,1
14819,0
14820,1
14821,1
14822,1
14823,1
14824,1
14825,1
14826,1
14827,1
14828,1
14829,1
14830,0
14831,1
14832,1
14833,1
14834,1
14835,1
14836,1
14837,1
14838,1
14839,0
14840,0
14841,0
14842,0
14843,1
14844,0
14845,1
14846,1
14847,0
14848,1
14849,0
14850,0
14851,1
14852,1
14853,0
14854,1
14855,0
14856,0
14857,0
14858,0
14859,0
14860,0
14861,0
14862,1
14863,0
14864,0
14865,0
14866,0
14867,1
14868,1
14869,1
14870,0
14871,0
14872,1
14873,0
14874,0
14875,0
14876,1
14877,1
14878,0
14879,1
14880,0
14881,0
14882,1
14883,1
14884,1
14885,0
14886,1
14887,1
14888,1
14889,1
14890,1
14891,1
14892,1
14893,1
14894,1
14895,1
14896,1
14897,1
14898,0
14899,1
14900,1
14901,1
14902,0
14903,1
14904,0
14905,1
14906,1
14907,0
14908,0
14909,1
14910,1
14911,1
14912,1
14913,0
14914,0
14915,0
14916,0
14917,1
14918,0
14919,0
14920,1
14921,1
14922,1
14923,0
14924,1
14925,1
14926,1
14927,1
14928,0
14929,0
14930,1
14931,0
14932,1
14933,0
14934,1
14935,1
14936,1
14937,1
14938,1
14939,0
14940,1
14941,1
14942,1
14943,1
14944,0
14945,1
14946,1
14947,0
14948,0
14949,0
14950,0
14951,0
14952,0
14953,1
14954,1
14955,1
14956,0
14957,0
14958,1
14959,1
14960,1
14961,1
14962,1
14963,1
14964,0
14965,0
14966,0
14967,0
14968,1
14969,0
14970,1
14971,1
14972,1
14973,0
14974,0
14975,0
14976,0
14977,1
14978,1
14979,0
14980,0
14981,1
14982,1
14983,0
14984,1
14985,0
14986,0
14987,0
14988,1
14989,1
14990,0
14991,0
14992,0
14993,1
14994,1
14995,0
14996,0
14997,0
14998,0
14999,0
15000,1
15001,0
15002,1
15003,0
15004,0
15005,0
15006,1
15007,1
15008,1
15009,1
15010,1
15011,1
15012,0
15013,0
15014,1
15015,0
15016,0
15017,1
15018,0
15019,0
15020,1
15021,0
15022,0
15023,1
15024,1
15025,1
15026,1
15027,1
15028,0
15029,0
15030,0
15031,0
15032,0
15033,1
15034,0
15035,1
15036,1
15037,1
15038,0
15039,0
15040,0
15041,0
15042,1
15043,1
15044,1
15045,1
15046,1
15047,1
15048,1
15049,1
15050,0
15051,1
15052,0
15053,1
15054,0
15055,0
15056,0
15057,0
15058,0
15059,1
15060,0
15061,1
15062,0
15063,0
15064,1
15065,1
15066,0
15067,1
15068,1
15069,1
15070,0
15071,1
15072,1
15073,1
15074,1
15075,1
15076,1
15077,0
15078,0
15079,1
15080,1
15081,1
15082,0
15083,0
15084,0
15085,1
15086,0
15087,1
15088,0
15089,0
15090,1
15091,0
15092,1
15093,1
15094,1
15095,1
15096,1
15097,0
15098,0
15099,1
15100,1
15101,0
15102,1
15103,1
15104,1
15105,1
15106,1
15107,1
15108,1
15109,1
15110,1
15111,1
15112,1
15113,1
15114,1
15115,0
15116,1
15117,1
15118,1
15119,0
15120,1
15121,1
15122,1
15123,0
15124,1
15125,1
15126,1
15127,1
15128,1
15129,1
15130,1
15131,1
15132,0
15133,1
15134,1
15135,1
15136,1
15137,1
15138,1
15139,0
15140,1
15141,1
15142,1
15143,1
15144,0
15145,1
15146,0
15147,1
15148,0
15149,1
15150,1
15151,1
15152,1
15153,1
15154,0
15155,1
15156,1
15157,0
15158,1
15159,1
15160,1
15161,1
15162,1
15163,1
15164,1
15165,1
15166,1
15167,1
15168,1
15169,1
15170,0
15171,1
15172,1
15173,0
15174,1
15175,0
15176,1
15177,1
15178,1
15179,1
15180,1
15181,1
15182,0
15183,1
15184,1
15185,0
15186,0
15187,0
15188,1
15189,1
15190,0
15191,0
15192,0
15193,0
15194,1
15195,0
15196,1
15197,1
15198,1
15199,1
15200,0
15201,1
15202,0
15203,1
15204,1
15205,1
15206,1
15207,1
15208,0
15209,1
15210,1
15211,1
15212,0
15213,0
15214,1
15215,1
15216,0
15217,1
15218,0
15219,1
15220,0
15221,0
15222,1
15223,1
15224,1
15225,0
15226,0
15227,0
15228,1
15229,1
15230,1
15231,1
15232,1
15233,0
15234,1
15235,0
15236,1
15237,1
15238,1
15239,0
15240,0
15241,1
15242,1
15243,1
15244,1
15245,1
15246,0
15247,1
15248,1
15249,0
15250,0
15251,1
15252,1
15253,0
15254,0
15255,1
15256,1
15257,0
15258,1
15259,1
15260,1
15261,1
15262,1
15263,1
15264,1
15265,1
15266,1
15267,0
15268,1
15269,0
15270,1
15271,0
15272,1
15273,1
15274,1
15275,1
15276,0
15277,1
15278,1
15279,1
15280,1
15281,1
15282,1
15283,0
15284,1
15285,1
15286,0
15287,1
15288,1
15289,1
15290,0
15291,1
15292,0
15293,0
15294,0
15295,1
15296,0
15297,0
15298,0
15299,1
15300,1
15301,0
15302,1
15303,0
15304,0
15305,0
15306,1
15307,1
15308,0
15309,1
15310,0
15311,1
15312,0
15313,0
15314,1
15315,0
15316,0
15317,0
15318,0
15319,1
15320,1
15321,1
15322,1
15323,1
15324,0
15325,1
15326,0
15327,0
15328,1
15329,0
15330,0
15331,0
15332,0
15333,1
15334,1
15335,0
15336,1
15337,1
15338,0
15339,1
15340,0
15341,1
15342,1
15343,1
15344,1
15345,1
15346,1
15347,1
15348,0
15349,0
15350,0
15351,0
15352,1
15353,1
15354,1
15355,0
15356,1
15357,1
15358,0
15359,1
15360,0
15361,0
15362,1
15363,0
15364,1
15365,1
15366,1
15367,0
15368,1
15369,0
15370,1
15371,0
15372,1
15373,0
15374,1
15375,1
15376,1
15377,0
15378,1
15379,0
15380,0
15381,0
15382,1
15383,0
15384,1
15385,0
15386,0
15387,0
15388,0
15389,0
15390,0
15391,0
15392,1
15393,1
15394,1
15395,1
15396,0
15397,1
15398,0
15399,1
15400,0
15401,1
15402,0
15403,1
15404,1
15405,1
15406,1
15407,0
15408,0
15409,0
15410,0
15411,1
15412,1
15413,1
15414,0
15415,1
15416,1
15417,1
15418,1
15419,0
15420,1
15421,1
15422,1
15423,1
15424,1
15425,0
15426,1
15427,1
15428,1
15429,1
15430,0
15431,1
15432,1
15433,0
15434,1
15435,1
15436,0
15437,1
15438,1
15439,1
15440,0
15441,1
15442,0
15443,1
15444,1
15445,0
15446,0
15447,0
15448,1
15449,1
15450,1
15969,1
15970,1
15971,1
15972,0
15973,1
15974,1
15975,0
15976,1
15977,1
15978,1
15979,1
15980,1
15981,0
15982,0
15983,1
15984,1
15985,0
15986,1
15987,1
15988,1
15989,1
15990,0
15991,0
15992,1
15993,1
15994,0
15995,0
15996,1
15997,1
15998,1
15999,1
16000,1
16001,1
16002,1
16003,1
16004,1
16005,1
16006,1
16007,1
16008,0
16009,1
16010,0
16011,1
16012,0
16013,0
16014,1
16015,1
16016,1
16017,1
16018,0
16019,1
16020,1
16021,1
16022,1
16023,0
16024,1
16025,0
16026,0
16027,0
16028,0
16029,1
16030,0
16031,1
16032,1
16033,0
16034,0
16035,1
16036,0
16037,0
16038,1
16039,1
16040,1
16041,1
16042,1
16043,1
16044,1
16045,1
16046,0
16047,1
16048,0
16049,0
16050,0
16051,0
16052,0
16053,1
16054,0
16055,0
16056,0
16057,0
18322,0
18323,0
18324,0
18325,0
18326,1
18327,1
18328,1
18329,0
18330,0
18331,1
18332,0
18333,0
18334,0
18335,0
18336,0
18337,0
18338,0
18339,0
18340,1
18341,0
18342,0
18343,1
18344,0
18345,1
18346,1
18347,0
18348,0
18349,0
18350,1
18351,0
18352,0
18353,0
18354,0
18355,1
18356,1
18357,0
18358,1
18359,0
18360,1
18361,0
18362,1
18363,0
18364,0
18365,0
18366,1
18367,0
18368,1
18369,0
18370,1
18371,1
18372,0
18373,0
18374,0
18375,1
18376,1
18377,0
18378,1
18379,0
18380,0
18381,0
18382,1
18383,0
18384,0
18385,1
18386,0
18387,0
18388,1
18389,0
18390,0
18391,0
18392,1
18393,1
18394,0
18395,0
18396,1
18397,0
18398,1
18399,0
18400,0
18401,0
18402,0
18403,1
18404,0
18405,1
18406,1
18407,1
18408,0
18409,1
18410,0
18411,1
18412,0
18413,0
18414,0
18415,1
18416,0
18417,0
18418,0
18419,0
18420,1
18421,1
18422,1
18423,1
18424,0
18425,1
18426,0
18427,0
18428,1
18429,1
18430,1
18431,1
18432,1
18433,0
18434,1
18435,1
18436,1
18437,1
18438,0
18439,1
18440,0
18441,1
18442,1
18443,0
18444,0
18445,1
18446,1
18447,1
18448,0
18449,0
18450,1
18451,1
18452,1
18453,0
18454,1
18455,1
18456,1
18457,1
18458,1
18459,1
18460,1
18461,1
18462,1
18463,0
18464,1
18465,1
18466,1
18467,1
18468,1
18469,1
18470,1
18471,0
18472,0
18473,0
18474,1
18475,0
18476,0
18477,0
18478,1
18479,0
18480,0
18481,0
18482,1
18483,1
18484,0
18485,1
18486,0
18487,0
18488,0
18489,0
18490,0
18491,0
18492,1
18493,0
18494,0
18495,0
18496,0
18497,1
18498,1
18499,0
18500,0
18501,1
18502,0
18503,0
18504,0
18505,0
18506,0
18507,0
18508,1
18509,0
18510,1
18511,0
18512,1
18513,1
18514,1
18515,1
18516,1
18517,1
18518,0
18519,0
18520,0
18521,1
18522,1
18523,0
18524,0
18525,0
18526,1
18527,0
18528,1
18529,1
18530,0
18531,0
18532,0
18533,0
18534,1
18535,1
18536,1
18537,1
18538,0
18539,1
18540,0
18541,0
18542,0
18543,1
18544,0
18545,1
18546,0
18547,1
18548,1
18549,0
18550,1
18551,0
18552,0
18553,0
18554,0
18555,1
18556,1
18557,1
18558,0
18559,0
18560,0
18561,1
18562,0
18563,0
18564,1
18565,0
18566,1
18567,1
18568,1
18569,0
18570,0
18571,0
18572,1
18573,0
18574,1
18575,1
18576,1
18577,0
18578,1
18579,1
18580,1
18581,0
18582,1
18583,0
18584,1
18585,1
18586,1
18587,0
18588,1
18589,0
18590,0
18591,0
18592,0
18593,1
18594,1
18595,1
18596,1
18597,0
18598,1
18599,1
18600,1
18601,1
18602,1
18603,1
18604,0
18605,1
18606,1
18607,0
18608,1
18609,1
18610,0
18611,0
18612,1
18613,0
18614,1
18615,0
18616,1
18617,1
18618,0
18619,0
18620,0
18621,1
18622,1
18623,0
18624,1
18625,1
18626,1
18627,0
18628,1
18629,1
18630,0
18631,1
19079,1
19080,0
19081,0
19082,0
19083,0
19084,1
19085,1
19086,0
19087,1
19088,0
19089,1
19090,1
19091,0
19092,0
19093,0
19094,1
19095,1
19096,0
19097,1
19098,0
19099,0
19100,0
19101,1
19102,1
19103,0
19104,1
19105,1
19106,1
19107,0
19108,1
19109,1
19110,1
19111,0
19112,0
19113,1
19114,1
19115,1
19116,0
19117,1
19118,0
19119,0
19120,0
19121,1
19122,1
19123,1
19124,1
19125,1
19126,1
19127,1
19128,1
19129,1
19130,0
19131,1
19132,1
19133,1
19134,0
19135,1
19136,1
19137,1
19138,1
19139,0
19140,0
19141,1
19142,1
19143,1
19144,1
19145,1
19146,1
19147,1
19148,0
19149,1
19150,1
19151,1
19152,1
19153,0
19154,1
19155,1
19156,1
19157,1
19158,1
19159,1
19160,1
19161,0
19162,1
19163,1
19164,1
19165,1
19166,0
19167,1
19168,1
19169,1
19170,1
19171,0
19172,1
19173,1
19174,1
19175,1
19176,1
19177,1
19178,1
19179,1
19180,1
19181,1
19182,1
19183,0
19184,0
19185,1
19186,1
19187,1
19188,1
19189,1
19190,1
19191,1
19192,1
19193,1
19194,1
19195,1
19196,1
19197,1
19198,1
19199,1
19200,0
19201,1
19202,1
19203,1
19204,1
19205,0
19206,0
19207,1
19208,1
19209,1
19210,1
19211,1
19212,1
19213,1
19214,0
19215,1
20285,0
20286,0
20287,1
20288,0
20289,1
20290,0
20291,0
20292,0
20293,0
20294,1
20295,1
20296,1
20297,1
20298,0
20299,0
20300,1
20301,1
20302,0
20303,0
20304,1
20305,1
20306,0
20307,1
20308,0
20309,1
20310,1
20311,0
20312,0
20313,1
20314,1
20315,1
20316,1
20317,1
20318,0
20319,1
20320,1
20321,0
20322,1
20323,0
20324,1
20325,1
20326,1
20327,1
20328,0
20329,1
20330,1
20331,0
20332,0
20333,0
20334,0
20335,1
20336,0
20337,0
20338,0
20339,1
20340,0
20341,1
20342,0
20343,0
20344,0
20345,0
20346,0
20347,1
20348,1
20349,1
20350,0
20351,1
20352,0
20353,0
20354,0
20355,1
20356,1
20357,0
20358,0
20359,0
20360,0
20361,1
20362,0
20363,1
20364,1
20365,1
20366,0
20367,1
20368,0
20369,1
20370,1
20371,0
20372,0
20373,0
20374,0
20375,0
20376,0
20377,0
20378,0
20379,0
20380,1
20381,1
20382,1
20383,0
20384,0
20385,0
20386,0
20387,1
20388,0
20389,1
20390,0
20391,0
20392,0
20393,0
20394,1
20395,1
20396,1
20397,1
20398,1
20399,1
20400,0
20401,1
20402,1
20403,0
20404,1
20405,0
20406,0
20407,0
20408,1
20409,0
20410,0
20411,0
20412,0
20413,0
20414,1
20415,1
20416,0
20417,0
20418,1
20419,0
20420,1
20421,0
20422,1
20423,0
20424,1
20425,1
20426,1
20427,0
20428,1
20429,1
20430,0
20431,1
20432,1
20433,0
20434,1
20435,1
20436,1
20437,0
20438,1
20439,1
20440,1
20441,1
20442,1
20443,0
20444,0
20445,1
20446,1
20447,1
20448,1
20449,0
20450,1
20451,0
20452,1
20453,1
20454,1
20455,1
20456,1
20457,1
20458,0
20459,1
20460,0
20461,1
20462,1
20463,1
20464,1
20465,0
20466,1
20467,1
20468,1
20469,1
20470,1
20471,0
20472,0
20473,0
20474,1
20475,0
20476,1
20477,0
20478,1
20479,1
20480,1
20481,0
20482,0
20483,1
20484,1
20485,0
20486,1
20487,1
20488,1
20489,1
20490,1
20491,1
20492,1
20493,1
20494,1
20495,1
20496,1
20497,1
20498,0
20499,1
20500,0
20501,0
20502,0
20503,1
20504,1
20505,1
20506,1
20507,1
20508,1
20509,1
20510,0
20511,1
20512,1
20513,0
20514,1
20515,1
20516,1
20517,1
20518,1
20519,1
20520,1
20521,1
20522,0
20523,1
20524,1
20525,1
20526,1
20527,1
20528,1
20529,0
20530,1
20531,1
20532,1
20533,0
20534,1
20535,1
20536,1
20537,1
20538,0
20539,1
20540,0
20541,1
20542,1
20543,0
20544,1
20545,0
20546,1
20547,0
20548,0
20549,1
20550,1
20551,0
20552,1
20553,1
20554,1
20555,1
20556,1
20557,1
20558,1
20559,0
20560,1
20561,1
20562,0
20563,1
20564,1
20565,1
20566,1
20567,1
20568,1
20569,1
20570,1
20571,1
20572,1
20573,1
20574,0
20575,1
20576,1
20577,1
20578,1
20579,1
20580,1
20581,1
20582,0
20583,1
20584,1
20585,1
20586,0
20587,1
20588,1
20589,0
20590,1
20591,0
20592,1
20593,1
20594,1
20595,1
20596,1
20597,1
20598,1
20599,1
20600,0
20601,1
20602,1
20603,1
20604,1
20605,1
20606,1
20607,0
20608,0
20609,1
20610,1
20611,1
20612,1
20613,0
20614,0
20615,1
20616,1
20617,1
20618,0
20619,1
20620,0
20621,0
20622,1
20623,0
20624,1
20625,1
20626,1
20627,1
20628,0
20629,1
20630,1
20631,0
20632,1
20633,1
20634,0
20635,1
20636,1
20637,1
20638,1
20639,1
20640,1
20641,1
20642,1
20643,0
20644,1
20645,1
20646,1
20647,0
20648,1
20649,1
20650,0
20651,1
20652,1
20653,1
20654,1
20655,1
20656,1
20657,1
20658,1
20659,1
20660,1
20661,1
20662,0
20663,0
20664,1
20665,0
20666,1
20667,1
20720,0
20721,0
20722,1
20723,0
20724,1
20725,0
20726,0
20727,0
20728,0
20729,0
20730,1
20731,0
20732,0
20733,0
20734,0
20735,0
20736,0
20737,0
20738,0
20739,0
20740,0
20741,0
20742,1
20743,0
20744,0
20745,0
20746,0
20747,1
20748,0
20749,0
20750,1
20751,0
20752,1
20753,0
20754,1
20755,1
20756,0
20757,0
20758,0
20759,1
20760,0
20761,0
20762,1
20763,0
20764,0
20765,0
20766,1
20767,0
20768,0
20769,1
20770,0
20771,1
20772,1
20773,0
20774,0
20775,0
20776,0
20777,0
20778,0
20779,0
20780,0
20781,0
20782,0
20783,0
20784,0
20785,0
20786,1
20787,0
20788,0
20789,0
20790,1
20791,1
20792,0
20793,1
20794,1
20795,1
20796,0
20797,0
20798,0
20799,0
20800,0
20801,0
20802,1
20803,0
20804,0
20805,0
20806,0
20807,0
20808,0
20809,0
20810,0
20811,0
20812,1
20813,1
20814,0
20815,1
20816,1
20817,0
20818,1
20819,0
20820,0
20821,0
20822,1
20823,1
20824,0
20825,1
20826,0
20827,0
20828,0
20829,0
20830,0
20831,1
20832,0
20833,1
20834,1
20835,1
20836,1
20837,0
20838,1
20839,1
20840,0
20841,0
20842,1
20843,0
20844,1
20845,1
20846,1
20847,0
20848,0
20849,0
20850,0
20851,0
20852,1
20853,0
20854,0
20855,0
20856,1
20857,1
20858,0
20859,0
20860,1
20861,1
20862,0
20863,0
20864,0
20865,1
20866,1
20867,1
20868,1
20869,1
20870,0
20871,1
20872,1
20873,1
20874,0
20875,1
20876,0
20877,0
20878,0
20879,1
20880,1
20881,1
20882,1
20883,1
20884,1
20885,1
20886,0
20887,0
20888,0
20889,0
20890,1
20891,0
20892,1
20893,1
20894,1
20895,1
20896,1
20897,1
20898,1
20899,1
20900,1
20901,1
20902,1
20903,1
20904,1
20905,1
20906,1
20907,1
20908,1
20909,1
20910,1
20911,1
20912,1
20913,1
20914,1
20915,0
20916,1
20917,1
20918,1
20919,1
20920,1
20921,1
20922,1
20923,1
20924,1
20925,0
20926,0
20927,1
20928,0
20929,1
20930,1
20931,1
20932,1
20933,1
20934,1
20935,1
20936,0
20937,1
20938,1
20939,1
20940,1
20941,1
20942,0
20943,1
20944,1
20945,0
20946,0
20947,0
20948,1
20949,1
20950,1
20951,1
20952,1
20953,0
20954,1
20955,0
20956,0
20957,1
20958,0
20959,1
20960,0
20961,0
20962,0
20963,0
20964,0
20965,0
20966,1
20967,0
20968,0
20969,0
20970,0
20971,0
20972,0
20973,0
20974,1
20975,0
20976,0
20977,1
20978,0
20979,1
20980,0
20981,0
20982,0
20983,0
20984,0
20985,0
20986,0
20987,0
20988,1
20989,0
20990,0
20991,0
20992,0
20993,0
20994,0
20995,0
20996,0
20997,0
20998,0
20999,0
21000,0
21001,0
21002,0
21003,1
21004,0
21005,1
21006,0
21007,0
21008,0
21009,0
21010,0
21011,0
21012,1
21013,0
21014,0
21015,0
21016,0
21017,0
21018,0
21019,0
21020,0
21021,0
21022,0
21023,0
21024,0
21025,0
21026,0
21027,0
21028,0
21029,0
21030,0
21031,0
21032,0
21033,1
21034,0
21035,0
21036,0
21037,0
21038,0
21039,0
21040,0
21041,0
21042,0
21043,0
21044,0
21045,0
21046,1
21047,0
21048,0
21049,0
21050,0
21051,0
21052,0
21053,0
21054,0
21055,0
21056,0
21057,0
21058,0
21059,0
21060,0
21061,0
21062,0
21063,0
21064,0
21065,0
21066,0
21067,0
21068,0
21069,0
21070,0
21071,0
21072,0
21073,0
21074,0
21075,0
21076,1
21077,0
21078,0
21079,1
21080,0
21081,0
21082,0
21083,0
21084,0
21085,0
21086,0
21087,0
21088,1
21089,0
21090,1
21091,0
21092,0
21093,0
21094,0
21095,1
21096,1
21097,1
21098,0
21099,0
21100,0
21101,0
21102,1
21103,0
21104,0
21105,1
21106,1
21107,1
21108,0
21109,1
21110,0
21111,0
21112,0
21113,0
21114,0
21115,1
21116,0
21117,1
21118,0
21119,0
21120,0
21121,0
21122,0
21123,0
21124,0
21125,1
21126,0
21127,0
21128,0
21129,1
21130,0
21131,0
21132,0
21133,0
21134,0
21135,1
21136,0
21137,0
21138,0
21139,0
21140,0
21141,0
21142,0
21143,0
21144,0
21145,0
21146,1
21147,0
21148,1
21149,0
21150,1
21151,1
21152,1
21153,1
21154,0
21155,0
21156,1
21157,0
21158,0
21159,0
21160,0
21161,0
21162,1
21163,0
21164,0
21165,0
21166,0
21167,0
21168,0
21169,1
21170,0
21171,1
21172,1
21173,0
21174,0
21175,0
21176,0
21177,0
21178,0
21179,0
21180,0
21181,0
21182,0
21183,0
21184,0
21185,0
21186,0
21187,0
21188,0
21189,0
21190,0
21191,0
21192,0
21193,0
21194,0
21195,0
21196,0
21197,1
21198,0
21199,0
21200,0
21201,0
21202,1
21203,0
21204,0
21205,0
21206,0
21207,0
21208,1
21209,0
21210,0
21211,0
21212,0
21213,0
21214,0
21215,0
21216,1
21217,1
21218,0
21219,1
21220,0
21221,0
21222,0
21223,0
21224,0
21225,0
21226,0
21227,0
21228,0
21229,0
21230,0
21231,0
21232,0
21233,1
21234,0
21235,1
21236,1
21237,0
21238,1
21239,1
21240,0
21241,0
21242,0
21243,1
21244,0
21245,0
21246,1
21247,0
21248,1
21249,0
21250,0
21251,0
21252,0
21253,1
21254,1
21255,1
21256,0
21257,1
21258,0
21259,0
21260,1
21261,1
21262,1
21263,1
21264,0
21265,0
21266,0
21267,0
21268,0
21269,0
21270,0
21271,1
21272,0
21273,0
21274,0
21275,0
21276,1
21277,0
21278,0
21279,0
21280,0
21281,0
21282,0
21283,1
21284,0
21285,0
21286,1
21287,0
21288,0
21289,0
21290,1
21291,1
21292,0
21293,0
21294,0
21295,0
21296,0
21297,0
21298,0
21299,0
21300,1
21301,0
21302,1
21303,0
21304,0
21305,0
21306,0
21307,1
21308,0
21309,1
21310,0
21311,0
21312,0
21313,0
21314,0
21315,0
21316,0
21317,0
21318,1
21319,0
21320,0
21321,0
21322,0
21323,0
21324,1
21325,1
21326,1
21327,0
21328,0
21329,0
21330,0
21331,0
21332,1
21333,0
21334,0
21335,0
21336,0
21337,0
21338,0
21339,0
21340,1
21341,1
21342,0
21343,0
21344,0
21345,0
21346,0
21347,0
21348,0
21349,0
21350,0
21351,1
21352,0
21353,0
21354,0
21355,0
21356,0
21357,1
21358,0
21359,1
21360,1
21361,0
21362,0
21363,0
21364,0
21365,1
21366,0
21367,1
21368,1
21369,0
21370,1
21371,0
21372,0
21373,0
21374,1
21375,0
21376,0
21377,1
21378,0
21379,1
21380,0
21381,0
21382,0
21383,0
21384,1
21385,1
21386,1
21387,0
21388,0
21389,0
21390,1
21391,0
21392,0
21393,1
21394,0
21395,1
21396,1
21397,0
21398,0
21399,1
21400,0
21401,0
21402,0
21403,0
21404,0
21405,0
21406,0
21407,0
21408,1
21409,0
21410,1
21411,0
21412,1
21413,0
21414,1
21415,0
21416,1
21417,1
21418,1
21419,1
21420,0
21421,1
21422,0
21423,0
21424,0
21425,0
21426,0
21427,1
21428,0
21429,1
21430,1
21431,1
21432,1
21433,0
21434,1
21435,0
21436,1
21437,0
21438,0
21439,0
21440,0
21441,1
21442,0
21443,0
21444,0
21445,1
21446,0
21447,1
21448,1
21449,1
21450,1
21451,1
21452,1
21453,0
21454,1
21455,0
21456,0
21457,0
21458,0
21459,1
21460,0
21461,1
21462,0
21463,1
21464,1
21465,1
21466,0
21467,1
21468,0
21469,0
21470,1
21471,0
21472,1
21473,1
21474,0
21475,0
21476,0
21477,0
21478,1
21479,1
21480,1
21481,1
21482,1
21483,1
21484,0
21485,0
21486,1
21487,1
21488,1
21489,0
21490,0
21491,1
21492,1
21493,0
21494,1
21495,1
21496,0
21497,1
21498,1
21499,0
21500,1
21501,1
21502,1
21503,0
22537,1
22538,1
22539,1
22540,1
22541,1
22542,1
22543,1
22544,0
22545,1
22546,1
22547,1
22548,1
22549,1
22550,1
22551,1
22552,1
22553,1
22554,1
22555,1
22556,1
22557,1
22558,1
22559,1
22560,1
22561,1
22562,1
22563,1
22564,1
22565,1
22566,1
22567,1
22568,0
22569,1
22570,1
22571,1
22572,1
22573,1
22574,1
22575,1
22576,1
22577,1
22578,1
22579,1
22580,1
22581,1
22582,1
22583,1
22584,1
22585,1
22586,1
22587,1
22588,0
22589,1
22590,1
22591,1
22592,1
22593,1
22594,1
22595,1
22596,0
22597,1
22598,0
22599,1
22600,1
22601,1
22602,1
22603,1
22604,1
22605,1
22606,0
22607,0
22608,0
22609,1
22610,1
22611,0
22612,1
22613,1
22614,1
22615,0
22616,0
22617,0
22618,1
22619,1
22620,0
22621,1
22622,1
22623,1
22624,1
22625,1
22626,0
22627,1
22628,0
22629,1
22630,1
22631,0
22632,1
22633,0
22634,1
22635,1
22636,0
22637,1
22638,1
22639,1
22640,1
22641,0
22642,0
22643,0
22644,0
22645,1
22646,0
22647,1
22648,1
22649,1
22650,0
22651,1
22652,0
22653,1
22654,1
22655,0
22656,1
22657,1
22658,0
22659,0
22660,1
22661,0
22662,1
22663,1
22664,0
22665,1
22666,0
22667,1
22668,0
22669,0
22670,1
22671,1
22672,0
22673,0
22674,0
22675,1
22676,1
22677,1
22678,1
22679,0
22680,1
22681,0
22682,0
22683,1
22684,1
22685,1
22686,0
22687,1
22688,1
22689,1
22690,0
22691,1
22692,0
22693,0
22694,0
22695,0
22696,0
22697,0
22698,0
22699,0
22700,1
22701,0
22702,0
22703,0
22704,0
22705,0
22706,0
22707,1
22708,0
22709,0
22710,1
22711,1
22712,0
22713,1
22714,1
22715,1
22716,1
22717,0
22718,0
22719,0
22720,0
22721,1
22722,1
22723,0
22724,0
22725,0
22726,1
22727,0
22728,1
22729,1
22730,1
22731,1
22732,1
22733,0
22734,0
22735,1
22736,0
22737,1
22738,1
22739,1
22740,1
22741,0
22742,0
22743,1
22744,1
22745,0
22746,0
22747,1
22748,1
22749,1
22750,0
22751,1
22752,1
22753,1
22754,1
22755,1
22756,0
22757,1
22758,1
22759,1
22760,1
22761,0
22762,1
22763,0
22764,0
22765,1
22766,1
22767,1
22768,1
22769,1
22770,1
22771,1
22772,1
22773,0
22774,1
22775,0
22776,1
22777,1
22778,1
22779,1
22780,0
22781,1
22782,1
22783,1
22784,1
22785,1
22786,1
22787,1
22788,0
22789,1
22790,0
22791,1
22792,1
22793,0
22794,0
22795,0
22796,0
22797,0
22798,0
22799,0
22800,1
22801,0
22802,0
22803,0
22804,0
22805,0
22806,1
22807,0
22808,0
22809,0
22810,0
22811,0
22812,0
22813,0
22814,0
22815,0
22816,0
22817,1
22818,0
22819,0
22820,0
22821,0
22822,1
22823,1
22824,1
22825,1
22826,0
22827,0
22828,1
22829,0
22830,1
22831,1
22832,0
22833,0
22834,0
22835,0
22836,0
22837,0
22838,1
22839,0
22840,0
22841,0
22842,0
22843,0
22844,0
22845,0
22846,0
22847,0
22848,0
22849,1
22850,0
22851,1
22852,1
22853,0
22854,0
22855,0
22856,0
22857,0
22858,1
22859,0
22860,1
23667,0
23668,1
23669,0
23670,0
23671,0
23672,1
23673,0
23674,0
23675,0
23676,0
23677,0
23678,0
23679,0
23680,0
23681,0
23682,1
23683,0
23684,0
23685,0
23686,0
23687,0
23688,1
23689,0
23690,0
23691,0
23692,0
23693,1
23694,1
23695,0
23696,0
23697,0
23698,0
23699,0
23700,1
23701,1
23702,0
23703,0
23704,0
23705,0
23706,1
23707,0
23708,1
23709,0
23710,0
23711,0
23712,1
23713,0
23714,0
23715,0
23716,0
23717,0
23718,0
23719,0
23720,0
23721,0
23722,0
23723,0
23724,1
23725,1
23726,0
23727,0
23728,0
23729,1
23730,0
23731,0
23732,0
23733,0
23734,1
23735,0
23736,0
23737,0
23738,0
23739,0
23740,0
23741,0
23742,0
23743,0
23744,0
23745,0
23746,1
23747,0
23748,0
23749,0
23750,0
23751,1
23752,0
23753,0
23754,0
23755,0
23756,1
23757,1
23758,0
23759,0
23760,0
23761,1
23762,0
23763,0
23764,0
23765,0
23766,1
23767,0
23768,1
23769,0
23770,0
23771,1
23772,1
23773,0
23774,1
23775,0
23776,0
23777,0
23778,0
23779,0
23780,0
23781,0
23782,0
23783,1
23784,0
23785,0
23786,0
23787,0
23788,0
23789,1
23790,1
23791,0
23792,0
23793,0
23794,1
23795,0
23796,0
23797,0
23798,0
23799,1
23800,1
23801,0
23802,0
23803,0
23804,1
23805,1
23806,0
23807,0
23808,1
23809,0
23810,0
23811,0
23812,1
23813,0
23814,1
23815,0
23816,1
23817,0
23818,0
23819,0
23820,0
23821,0
23822,0
23823,0
23824,1
23825,1
23826,0
23827,0
23828,0
23829,1
23830,1
23831,0
23832,0
23833,0
23834,0
23835,1
23836,0
23837,0
23838,0
23839,1
23840,0
23841,0
23842,0
23843,0
23844,0
23845,0
23846,0
23847,1
23848,0
23849,0
23850,0
23851,0
23852,0
23853,0
23854,1
23855,0
23856,0
23857,0
23858,1
23859,0
23860,1
23861,1
23862,0
23863,0
23864,1
23865,0
23866,0
23867,1
23868,0
23869,1
23870,0
23871,1
23872,0
23873,0
23874,0
23875,1
23876,1
23877,0
23878,0
23879,1
23880,0
23881,0
23882,1
23883,0
23884,1
23885,0
23886,1
23887,0
23888,1
23889,0
23890,0
23891,1
23892,0
23893,0
23894,1
23895,0
23896,0
23897,1
23898,1
23899,0
23900,1
23901,1
23902,1
23903,1
23904,0
23905,0
23906,1
23907,0
23908,1
23909,1
23910,0
23911,0
23912,0
23913,0
23914,1
23915,1
23916,0
23917,0
23918,0
23919,0
23920,1
23921,0
23922,0
23923,1
23924,0
23925,0
23926,0
23927,1
23928,0
23929,0
23930,1
23931,0
23932,1
23933,0
23934,0
23935,0
23936,0
23937,1
23938,0
23939,1
23940,0
23941,1
23942,0
23943,0
23944,1
23945,0
23946,0
23947,0
23948,1
23949,1
23950,1
23951,0
23952,1
23953,1
23954,0
23955,0
23956,0
23957,0
23958,0
23959,1
23960,1
23961,0
23962,0
23963,0
23964,0
23965,0
23966,0
23967,1
23968,0
23969,1
23970,0
23971,0
23972,1
23973,0
23974,0
23975,0
23976,0
23977,1
23978,1
23979,1
23980,1
23981,0
23982,0
23983,1
23984,0
23985,0
23986,1
23987,1
23988,1
23989,0
23990,1
23991,0
23992,0
23993,0
23994,1
23995,0
23996,0
23997,1
23998,0
23999,0
24000,0
24001,0
24002,0
24003,1
24004,1
24005,1
24006,0
24007,0
24008,1
24009,0
24010,1
24011,0
24012,0
24013,0
24014,0
24015,1
24016,0
24017,0
24018,0
24019,0
24020,0
24021,1
24022,0
24023,0
24024,1
24025,1
24026,0
24027,0
24028,0
24029,1
24030,0
24031,0
24032,0
24033,1
24034,1
24035,1
24036,0
24037,1
24038,1
24039,1
24040,0
24041,0
24042,0
24043,0
24044,0
24045,0
24046,1
24047,0
24048,0
24049,0
24050,1
24051,0
24052,1
24053,0
24054,0
24055,0
24056,0
24057,1
24058,0
24059,0
24060,0
24061,0
24062,0
24063,0
24064,0
24065,0
24066,0
24067,0
24068,0
24069,1
24070,0
24071,0
24072,0
24073,0
24074,1
24075,0
24076,1
24077,0
24078,0
24079,0
24080,0
24081,0
24082,1
24083,1
24084,1
24085,0
24086,1
24087,0
24088,1
24089,1
24090,0
24091,1
24385,0
24386,0
24387,0
24388,1
24389,1
24390,1
24391,0
24392,1
24393,0
24394,0
24395,0
24396,0
24397,0
24398,0
24399,0
24400,1
24401,0
24402,1
24403,1
24404,1
24405,1
24406,1
24407,0
24408,1
24409,1
24410,1
24411,1
24412,0
24413,1
24414,0
24415,0
24416,1
24417,1
24418,1
24419,1
24420,1
24421,0
24422,1
24423,0
24424,0
24425,0
24426,0
24427,0
24428,0
24429,0
24430,0
24431,0
24432,0
24433,0
24434,0
24435,0
24436,0
24437,0
24438,0
24439,0
24440,0
24441,0
24442,1
24443,1
24444,0
24445,0
24446,0
24447,0
24448,0
24449,0
24450,1
24451,1
24452,0
24453,0
24454,1
24455,1
24456,0
24457,1
24458,0
24459,1
24460,0
24461,1
24462,1
24463,0
24464,0
24465,1
24466,1
24467,1
24468,1
24469,0
24470,1
24471,1
24472,1
24473,1
24474,0
24475,1
24476,1
24477,0
24478,0
24479,1
24480,1
24481,0
24482,0
24483,1
24484,1
24485,0
24486,1
24487,0
24488,1
24489,0
24490,1
24491,0
24492,1
24493,0
25126,1
25127,0
25128,1
25129,0
25130,1
25131,1
25132,0
25133,1
25134,1
25135,0
25136,1
25137,1
25138,1
25139,1
25140,1
25141,1
25142,1
25143,0
25144,1
25145,1
25146,0
25147,1
25148,1
25149,1
25150,1
25151,1
25152,1
25153,0
25154,1
25155,0
25156,1
25157,0
25158,1
25159,1
25160,1
25161,0
25162,1
25163,1
25164,0
25165,1
25166,1
25167,1
25168,0
25169,0
25170,1
25171,1
25172,0
25173,1
25174,1
25175,0
25176,1
25177,1
25178,1
25179,1
25180,1
25181,1
25182,1
25183,1
25184,0
25185,0
25186,0
25187,0
25188,1
25189,0
25190,1
25191,0
25192,1
25193,1
25194,1
25195,1
25196,1
25197,0
25198,1
25199,0
25200,0
25201,1
25202,1
