ID,target
test_2,0.96594435
test_3,0.0036404599
test_4,0.007715253
test_8,1.0
test_9,0.016454285
test_10,0.0
test_11,0.04870242
test_14,0.518356
test_16,1.0
test_19,0.8718306
test_20,0.014879426
test_22,0.66942716
test_23,1.0
test_24,1.0
test_26,1.0
test_27,1.0
test_28,0.079462476
test_30,0.038597472
test_33,0.016909754
test_34,1.0
test_35,1.0
test_36,1.0
test_37,1.0
test_40,0.0
test_41,0.9930885
test_42,1.0
test_43,0.87208974
test_44,1.0
test_45,0.0036924947
test_46,0.13269672
test_48,0.0041774586
test_49,0.0
test_51,0.012082534
test_52,0.018703638
test_53,1.0
test_54,0.0
test_55,0.93963575
test_56,0.0
test_58,0.8854684
test_59,0.0
test_63,1.0
test_64,0.23664339
test_65,1.0
test_66,1.0
test_67,0.0026193392
test_69,1.0
test_70,1.0
test_71,0.10678283
test_72,0.8134612
test_75,0.93284565
test_76,1.0
test_78,1.0
test_80,0.0
test_81,1.0
test_83,0.012485145
test_85,1.0
test_90,0.004901154
test_92,0.9460887
test_93,0.0
test_94,0.003979845
test_95,1.0
test_96,0.020742936
test_97,0.99793744
test_98,0.7102432
test_101,0.015386758
test_102,1.0
test_103,0.0016731285
test_105,0.0
test_106,0.013727812
test_107,1.0
test_108,1.0
test_109,0.03340552
test_110,0.0
test_111,1.0
test_112,0.9948561
test_115,0.0
test_116,0.010243176
test_119,1.0
test_120,0.0036140922
test_123,1.0
test_124,1.0
test_125,0.0
test_126,1.0
test_127,0.023586484
test_130,0.92772454
test_132,0.04500576
test_133,1.0
test_134,0.9966576
test_136,1.0
test_137,1.0
test_138,0.003025759
test_140,0.0039511602
test_141,0.0
test_142,0.9601109
test_143,0.0
test_145,1.0
test_146,0.0
test_147,1.0
test_148,1.0
test_149,0.9199136
test_150,0.36935112
test_151,0.009123998
test_153,0.052868582
test_154,0.4576178
test_157,1.0
test_158,0.008936508
test_160,0.06316165
test_163,0.0
test_165,0.0
test_167,0.002761688
test_168,1.0
test_169,1.0
test_170,1.0
test_171,0.01369998
test_172,0.9680039
test_173,1.0
test_174,1.0
test_175,0.0
test_176,0.010034623
test_177,0.48497942
test_178,0.0
test_179,0.0041055437
test_181,0.0032016728
test_184,0.004676992
test_186,0.0013088752
test_188,0.015927194
test_189,1.0
test_190,1.0
test_192,0.0042591747
test_193,0.0
test_195,0.9922919
test_196,0.031619117
test_197,0.02696217
test_198,1.0
test_201,1.0
test_202,1.0
test_203,0.0
test_208,1.0
test_209,1.0
test_210,0.0
test_211,1.0
test_212,0.83992493
test_213,0.0003264863
test_214,1.0
test_215,0.0
test_216,0.0
test_218,0.010560883
test_219,1.0
test_220,1.0
test_221,1.0
test_222,0.7853979
test_223,0.0
test_224,1.0
test_226,1.0
test_227,0.9812286
test_229,1.0
test_231,0.86432695
test_232,1.0
test_233,1.0
test_234,0.7918369
test_236,0.021385996
test_238,0.0062020775
test_240,1.0
test_241,0.015190398
test_242,0.91773933
test_243,0.0
test_244,0.99141335
test_245,0.0
test_250,0.00023962371
test_251,0.96234703
test_252,1.0
test_253,1.0
test_254,1.0
test_256,1.0
test_258,0.98768497
test_259,0.20591788
test_260,0.8357365
test_261,0.09675208
test_263,0.029794706
test_264,0.13628554
test_266,0.004117323
test_267,0.00625596
test_268,0.0
test_269,0.016311137
test_270,1.0
test_272,1.0
test_273,1.0
test_275,0.007174542
test_276,0.0008800272
test_277,0.0
test_279,1.0
test_281,1.0
test_282,0.00016131252
test_283,0.005070107
test_284,0.004486395
test_285,0.0
test_286,0.13116385
test_289,0.03266137
test_290,0.05023446
test_291,0.0
test_302,1.0
test_303,1.0
test_304,1.0
test_306,1.0
test_308,0.014808176
test_309,0.11539867
test_310,0.0070270207
test_311,1.0
test_312,0.012739843
test_313,0.12647179
test_316,0.0031089522
test_318,0.12882327
test_319,0.020922815
test_321,0.013390632
test_330,1.0
test_331,1.0
test_334,1.0
test_335,0.0
test_337,0.9545488
test_338,1.0
test_339,0.9749155
test_340,0.0100961905
test_342,1.0
test_344,0.0016633179
test_345,0.897673
test_346,0.21491487
test_347,0.9255934
test_348,0.8415335
test_349,1.0
test_350,0.20627777
test_351,0.002862528
test_352,1.0
test_353,0.007578347
test_354,0.009682195
test_356,1.0
test_359,0.0
test_360,0.001049079
test_361,0.41246006
test_363,0.0030634142
test_365,1.0
test_366,0.0
test_367,0.7532693
test_368,0.025523392
test_369,1.0
test_371,0.9990945
test_372,0.008308256
test_373,1.0
test_375,1.0
test_378,0.6153007
test_380,0.9862999
test_381,0.02097437
test_383,0.054767758
test_384,0.0
test_385,0.0
test_386,1.0
test_388,0.49887392
test_389,0.0139566865
test_390,0.98592234
test_393,1.0
test_394,1.0
test_395,0.25869545
test_396,1.0
test_397,0.85516244
test_398,0.54802406
test_401,0.95380944
test_402,0.003181966
test_403,0.0
test_406,0.0132188
test_407,1.0
test_410,0.043172225
test_411,1.0
test_412,0.86522216
test_413,0.13947536
test_414,1.0
test_416,0.04515052
test_417,0.993369
test_418,0.0
test_419,0.8873788
test_420,0.79449385
test_421,1.0
test_423,0.04341703
test_424,0.9281441
test_426,0.83336014
test_428,1.0
test_429,0.9925014
test_430,0.0
test_431,0.00082943216
test_432,1.0
test_435,1.0
test_436,0.01851119
test_437,1.0
test_438,0.99947846
test_441,0.0
test_442,0.023759348
test_444,1.0
test_445,0.0012601037
test_446,0.0
test_447,0.0068607833
test_448,0.025302885
test_449,0.7418083
test_450,1.0
test_452,0.0038889851
test_453,1.0
test_454,0.69901145
test_455,0.014379
test_456,0.0030730087
test_457,0.0030185096
test_458,0.0063097384
test_459,0.0
test_461,0.0011819247
test_463,0.48520586
test_464,0.0
test_465,1.0
test_466,0.96093726
test_467,1.0
test_470,0.00033836812
test_471,0.015846794
test_473,1.0
test_474,0.009880012
test_475,1.0
test_476,0.0013879221
test_477,0.0130047705
test_478,0.014971545
test_479,1.0
test_481,0.0
test_482,0.0050049145
test_483,0.047413006
test_484,0.06395518
test_485,1.0
test_486,0.50434786
test_487,0.071431346
test_488,1.0
test_489,0.19472626
test_490,1.0
test_491,0.034135513
test_492,0.9990938
test_494,0.9457933
test_496,0.0
test_497,0.0
test_498,0.0039127823
test_499,1.0
test_500,0.014494633
test_501,1.0
test_502,0.003950907
test_504,0.16743417
test_505,1.0
test_507,0.0028190296
test_508,0.010131648
test_509,0.0
test_510,0.0008158665
test_511,0.68650806
test_512,1.0
test_513,0.85788256
test_516,0.28768346
test_517,0.052011542
test_518,0.22909458
test_520,0.9576715
test_521,0.88275
test_524,0.0
test_525,0.5217062
test_526,0.006752895
test_527,1.0
test_530,1.0
test_533,0.0
test_534,1.0
test_535,0.0018433146
test_536,0.014410926
test_537,0.022019615
test_539,0.007415617
test_540,0.0
test_542,1.0
test_544,1.0
test_548,1.0
test_550,0.016541118
test_551,0.053947777
test_552,0.3261317
test_554,1.0
test_555,0.0
test_557,1.0
test_560,1.0
test_561,0.74925715
test_562,0.09905826
test_563,1.0
test_565,0.024062676
test_568,1.0
test_569,0.001769973
test_570,6.0554594e-05
test_571,1.0
test_572,0.0033676233
test_573,1.0
test_574,0.0011729319
test_575,1.0
test_576,0.22808674
test_579,0.0010196902
test_580,1.0
test_581,0.031653747
test_582,0.019334977
test_583,1.0
test_585,0.0
test_586,0.0
test_587,0.2146606
test_590,0.0049358625
test_591,0.014232831
test_593,0.3921291
test_595,0.002438765
test_596,0.0
test_597,0.017988836
test_598,1.0
test_599,0.004871415
test_600,1.0
test_601,1.0
test_602,1.0
test_603,1.0
test_604,0.0
test_605,1.0
test_606,1.0
test_607,0.01160015
test_608,0.94766897
test_609,0.89466625
test_610,0.018123826
test_613,0.0033362564
test_614,0.015513545
test_615,0.0
test_616,0.038509764
test_617,0.0
test_619,0.022220643
test_620,0.020960717
test_622,0.23733695
test_625,0.4012744
test_626,1.0
test_627,0.0035447925
test_628,0.0016735997
test_629,0.99509025
test_631,0.004547246
test_632,0.031141011
test_634,0.96931493
test_635,0.020969385
test_637,0.9623501
test_638,1.0
test_639,0.0
test_640,0.0
test_641,0.000651367
test_642,1.0
test_644,0.0
test_645,0.009658078
test_647,0.0
test_648,1.0
test_649,0.06526589
test_650,0.9915422
test_651,0.06621626
test_653,0.0
test_655,0.0
test_656,0.008189233
test_657,0.9806311
test_658,1.0
test_659,0.07421557
test_661,0.9351933
test_662,0.5899931
test_664,0.0015640501
test_667,0.0
test_669,1.0
test_672,1.0
test_674,0.79178226
test_675,0.0
test_676,0.9049057
test_677,0.01956184
test_679,1.0
test_680,0.0
test_681,1.0
test_682,0.93776745
test_688,0.0452857
test_689,0.04025978
test_690,1.0
test_691,0.025822675
test_693,0.2696309
test_695,0.0
test_696,0.044353306
test_697,0.0
test_698,1.0
test_699,0.98766196
test_701,0.0017963517
test_703,0.0
test_704,0.03366617
test_705,0.02974393
test_706,0.008904157
test_709,0.008291328
test_711,0.008425577
test_713,0.0
test_714,1.0
test_715,0.006172022
test_716,0.0
test_717,0.98046315
test_718,0.008504486
test_719,0.0
test_722,0.0
test_723,0.48887858
test_724,1.0
test_726,0.0
test_727,0.1330256
test_732,0.8080081
test_734,1.0
test_735,0.009937322
test_736,0.9954423
test_738,1.0
test_739,0.20861855
test_740,1.0
test_741,0.0
test_743,0.033449948
test_744,0.35004532
test_746,0.055155464
test_748,1.0
test_749,1.0
test_751,0.0
test_752,1.0
test_754,0.94544077
test_755,0.00073911063
test_756,1.0
test_757,0.0
test_758,0.9689568
test_760,1.0
test_761,0.0
test_762,0.10586692
test_766,0.002096532
test_767,0.0
test_768,0.03461714
test_771,0.0027070325
test_772,0.0012522358
test_773,1.0
test_776,0.88016164
test_777,0.80931634
test_778,1.0
test_780,0.9831413
test_782,0.11853496
test_784,0.0
test_785,1.0
test_786,0.99503744
test_789,1.0
test_790,1.0
test_791,0.013707804
test_792,1.0
test_793,0.0
test_794,1.0
test_795,0.002606107
test_797,0.0024561659
test_802,1.0
test_803,1.0
test_806,0.07832849
test_807,0.16546272
test_808,0.9758385
test_809,0.017198859
test_810,0.11908638
test_811,0.02075745
test_813,0.5547504
test_814,0.0021947585
test_815,0.04713828
test_817,0.9420595
test_818,0.97794896
test_819,0.8892543
test_820,0.0
test_821,0.020987874
test_826,0.0029437002
test_827,1.0
test_828,0.06323518
test_832,0.05196604
test_835,0.0
test_837,0.0
test_838,0.92163575
test_840,0.0
test_841,1.0
test_843,0.95160997
test_844,0.05312538
test_848,1.0
test_849,1.0
test_850,1.0
test_851,0.99102473
test_852,0.0044422094
test_853,0.9128375
test_854,0.92520165
test_856,0.0
test_857,0.0
test_860,0.96691096
test_861,0.98029685
test_862,0.0
test_863,0.0
test_864,1.0
test_865,1.0
test_867,0.015722184
test_868,0.034560166
test_870,1.0
test_871,0.05826041
test_873,0.9736509
test_876,0.41783866
test_879,0.018086342
test_880,1.0
test_881,0.9180835
test_883,0.0
test_884,1.0
test_885,0.05147206
test_886,0.2412356
test_887,1.0
test_890,1.0
test_891,1.0
test_892,1.0
test_893,0.0
test_895,0.9778435
test_897,0.003153991
test_898,1.0
test_899,1.0
test_900,1.0
test_901,0.0
test_902,0.0
test_903,0.03589747
test_904,1.0
test_905,0.003910525
test_908,0.029517634
test_910,1.0
test_911,1.0
test_912,0.8957976
test_913,0.013667224
test_916,0.0
test_917,1.0
test_919,0.020564502
test_920,1.0
test_921,1.0
test_922,1.0
test_924,0.027825376
test_925,0.96470517
test_926,0.012438873
test_927,0.0009036157
test_929,0.9803717
test_930,0.015087789
test_931,0.024719281
test_932,1.0
test_933,1.0
test_935,1.0
test_937,1.0
test_939,0.015367189
test_940,0.0060373656
test_942,1.0
test_943,0.0
test_944,1.0
test_947,0.008968607
test_949,1.0
test_950,0.888311
test_951,1.0
test_952,0.0
test_953,0.0
test_955,0.0010928698
test_956,0.0014655348
test_957,0.0018541384
test_960,1.0
test_961,0.023358503
test_963,1.0
test_964,0.0
test_965,1.0
test_968,0.016170336
test_970,0.9545176
test_971,0.0
test_972,0.0049486514
test_973,0.0
test_975,1.0
test_979,0.0
test_980,0.0024172757
test_983,0.9881333
test_984,0.022239594
test_985,0.0
test_986,0.021480886
test_988,0.01068026
test_989,0.9954252
test_991,1.0
test_992,0.012413314
test_993,0.026835142
test_997,1.0
test_998,0.009901339
test_1002,1.0
test_1003,0.99741817
test_1004,1.0
test_1005,0.6366836
test_1007,0.9639019
test_1009,0.015386542
test_1011,0.024306258
test_1014,1.0
test_1015,1.0
test_1016,0.014205949
test_1017,0.0
test_1019,0.0
test_1020,1.0
test_1021,0.0
test_1022,1.0
test_1023,0.0
test_1024,0.0
test_1025,0.09976439
test_1027,0.92857444
test_1028,0.18717858
test_1029,0.0010971334
test_1030,0.17776562
test_1032,1.0
test_1034,1.0
test_1035,1.0
test_1038,1.0
test_1039,0.0
test_1040,0.0
test_1041,1.0
test_1043,0.025091255
test_1044,0.0021166038
test_1045,0.00228508
test_1047,0.03558991
test_1048,0.027476633
test_1050,0.07548968
test_1051,0.26781586
test_1052,0.03034391
test_1053,1.0
test_1055,0.0
test_1056,0.0
test_1058,0.0028722417
test_1059,0.024639504
test_1060,0.036663584
test_1061,1.0
test_1062,1.0
test_1063,0.0
test_1064,0.24712364
test_1065,0.009228108
test_1066,0.16013685
test_1069,0.005712433
test_1070,0.0
test_1074,0.9968791
test_1075,1.0
test_1077,1.0
test_1078,0.0
test_1079,1.0
test_1080,0.69573325
test_1081,1.0
test_1082,1.0
test_1083,1.0
test_1084,0.0
test_1085,1.0
test_1086,0.0032002944
test_1087,1.0
test_1088,0.0066607054
test_1090,0.004072601
test_1093,1.0
test_1094,0.0
test_1095,1.0
test_1096,0.0049820095
test_1098,1.0
test_1103,0.007001573
test_1104,0.77085066
test_1105,1.0
test_1107,1.0
test_1108,0.0
test_1109,0.004491158
test_1110,0.0040725265
test_1111,0.0
test_1114,0.0
test_1117,0.0033940468
test_1118,0.0013958476
test_1119,0.60673016
test_1120,0.0033334848
test_1121,0.00428099
test_1122,1.0
test_1123,1.0
test_1124,0.5502335
test_1126,1.0
test_1127,0.00032820925
test_1128,0.9819294
test_1129,0.9845748
test_1133,0.0012385156
test_1135,0.0
test_1136,0.0
test_1137,0.0
test_1138,0.0
test_1139,0.25863406
test_1143,0.16454317
test_1144,0.0
test_1145,1.0
test_1146,0.9680044
test_1147,1.0
test_1148,0.0011006575
test_1149,1.0
test_1150,1.0
test_1152,0.05248513
test_1153,0.0
test_1154,1.0
test_1155,0.04063353
test_1156,1.0
test_1157,0.0
test_1161,1.0
test_1163,0.002900336
test_1164,0.96518624
test_1165,1.0
test_1166,0.9503164
test_1167,1.0
test_1172,0.004793985
test_1173,0.0
test_1174,0.9417257
test_1175,0.005181346
test_1176,0.01382613
test_1178,1.0
test_1179,1.0
test_1180,0.31021455
test_1181,0.0
test_1182,0.049814507
test_1183,1.0
test_1184,1.0
test_1186,0.00078643113
test_1187,0.028056858
test_1188,1.0
test_1189,0.0
test_1190,0.0
test_1192,1.0
test_1193,0.07089477
test_1194,0.96862924
test_1195,0.056340247
test_1196,0.0
test_1197,1.0
test_1198,0.0028105602
test_1199,0.99385405
test_1200,1.0
test_1202,0.049781315
test_1204,1.0
test_1205,0.7792877
test_1206,0.023189181
test_1207,1.0
test_1208,0.0
test_1211,1.0
test_1212,1.0
test_1213,1.0
test_1214,0.0024017766
test_1217,0.0
test_1219,1.0
test_1220,1.0
test_1221,0.6005517
test_1223,0.83372074
test_1224,1.0
test_1226,0.88181627
test_1227,0.0
test_1228,0.0
test_1230,0.15169299
test_1231,0.019649072
test_1232,0.106457345
test_1234,0.18074396
test_1237,0.0
test_1238,0.016464321
test_1241,0.975665
test_1243,0.0
test_1244,0.04316134
test_1249,1.0
test_1251,0.6336838
test_1253,0.05045315
test_1255,1.0
test_1257,1.0
test_1259,0.01605297
test_1260,1.0
test_1261,0.16666368
test_1262,1.0
test_1263,0.93180287
test_1266,1.0
test_1267,1.0
test_1270,0.021522736
test_1271,0.66777194
test_1273,0.8254222
test_1274,1.0
test_1275,1.0
test_1276,0.0050475653
test_1277,1.0
test_1281,0.9953847
test_1284,0.957669
test_1287,1.0
test_1289,1.0
test_1290,0.021177253
test_1293,1.0
test_1294,4.5178458e-05
test_1295,1.0
test_1296,0.9763276
test_1297,1.0
test_1298,1.0
test_1299,0.0013676602
test_1301,1.0
test_1303,0.0
test_1305,0.9897696
test_1306,1.0
test_1307,0.23218583
test_1308,0.015192879
test_1309,0.000585882
test_1310,0.005216634
test_1311,1.0
test_1312,0.99049187
test_1313,1.0
test_1314,0.0
test_1317,0.00314096
test_1320,0.9342365
test_1323,0.13727763
test_1325,0.96179813
test_1326,0.011273073
test_1329,0.98814225
test_1330,1.0
test_1332,0.91629195
test_1333,0.8576971
test_1334,0.00078716315
test_1335,1.0
test_1336,0.018873816
test_1337,0.017799484
test_1338,1.0
test_1341,0.0043981653
test_1342,1.0
test_1343,0.98931026
test_1345,0.0
test_1348,1.0
test_1351,1.0
test_1353,1.0
test_1354,0.019462185
test_1357,0.004911015
test_1358,0.0
test_1361,0.015946409
test_1362,0.0066100676
test_1363,0.024781657
test_1364,0.00062142685
test_1365,0.9376799
test_1366,1.0
test_1367,0.6921565
test_1369,0.15047541
test_1371,1.0
test_1372,0.0
test_1373,0.0136009585
test_1375,1.0
test_1376,0.0
test_1379,1.0
test_1380,1.0
test_1381,0.016407924
test_1382,1.0
test_1383,0.007830901
test_1384,0.014106585
test_1385,0.8957629
test_1387,0.0
test_1388,1.0
test_1391,0.18197004
test_1392,0.017299062
test_1393,0.0
test_1394,0.015005423
test_1397,0.0
test_1399,0.0072559025
test_1400,0.0
test_1402,0.99725926
test_1403,0.0
test_1404,0.0
test_1407,0.004928762
test_1409,1.0
test_1410,0.9770758
test_1413,1.0
test_1414,0.0003714878
test_1415,0.0
test_1416,0.0
test_1420,0.9494771
test_1421,0.9867885
test_1422,1.0
test_1423,0.0
test_1424,1.0
test_1425,0.008254828
test_1428,0.9753319
test_1430,1.0
test_1434,0.7307206
test_1435,0.0
test_1436,1.0
test_1438,0.0
test_1440,0.9526175
test_1443,0.4312347
test_1444,0.0
test_1445,0.010128247
test_1446,1.0
test_1447,1.0
test_1449,1.0
test_1450,1.0
test_1451,0.065577716
test_1453,1.0
test_1454,1.0
test_1455,0.10735785
test_1457,0.02795518
test_1458,1.0
test_1459,0.009181606
test_1461,0.015700286
test_1464,0.0015770812
test_1465,0.012111491
test_1466,0.0
test_1467,0.051067464
test_1468,1.0
test_1469,0.0004953742
test_1470,1.0
test_1471,0.00236151
test_1472,0.03306368
test_1473,0.00065313466
test_1474,1.0
test_1475,0.0032808091
test_1476,0.7703566
test_1477,1.0
test_1480,0.9936218
test_1482,1.0
test_1483,0.9640756
test_1485,0.9764072
test_1486,0.017981572
test_1489,0.014650883
test_1490,0.0
test_1492,0.0035109501
test_1493,0.0049746837
test_1494,0.0
test_1495,0.99925387
test_1497,0.0070304777
test_1501,1.0
test_1502,1.0
test_1503,0.7784394
test_1505,0.0027807672
test_1506,1.0
test_1509,0.0
test_1512,0.14675952
test_1513,0.034876406
test_1515,0.0
test_1516,0.051350422
test_1520,0.8545542
test_1521,0.018936073
test_1523,0.0
test_1524,0.0
test_1525,1.0
test_1526,1.0
test_1527,1.0
test_1528,0.009356907
test_1529,1.0
test_1530,0.0038887803
test_1531,1.0
test_1532,0.015595185
test_1533,0.93682134
test_1534,1.0
test_1535,0.97184294
test_1537,0.0
test_1541,0.9864994
test_1542,0.0
test_1544,0.016334867
test_1546,0.022552935
test_1548,0.90093625
test_1549,0.008345315
test_1554,0.024237236
test_1555,7.728301e-05
test_1557,0.0070556607
test_1559,1.0
test_1560,1.0
test_1562,0.0055857934
test_1563,0.009297265
test_1564,0.070014894
test_1566,0.1588412
test_1567,0.0
test_1568,0.99840415
test_1569,0.8919008
test_1570,0.93383783
test_1571,1.0
test_1572,0.014947059
test_1575,0.08176417
test_1576,0.70536333
test_1577,0.9374281
test_1578,1.0
test_1580,1.0
test_1581,0.011573767
test_1582,0.030805936
test_1583,1.0
test_1586,0.031051533
test_1587,0.0
test_1588,0.011524862
test_1592,0.0
test_1593,0.9414293
test_1595,0.007453358
test_1600,0.0
test_1601,1.0
test_1602,1.0
test_1603,1.0
test_1606,1.0
test_1607,0.014339896
test_1608,0.8373126
test_1609,1.0
test_1610,1.0
test_1611,0.0
test_1612,0.79545766
test_1613,0.11631604
test_1614,1.0
test_1617,0.0
test_1618,0.0
test_1619,0.00056303106
test_1620,0.0057816803
test_1621,0.9257674
test_1622,1.0
test_1624,0.005438218
test_1625,0.0
test_1627,1.0
test_1628,0.9900472
test_1631,0.017894598
test_1632,0.01411519
test_1634,1.0
test_1636,0.0040005464
test_1639,1.0
test_1641,0.018586056
test_1643,1.0
test_1646,0.0046956744
test_1648,0.0
test_1649,0.017814303
test_1650,0.97350836
test_1652,1.0
test_1653,0.85015947
test_1655,0.929856
test_1657,1.0
test_1658,1.0
test_1659,1.0
test_1660,0.050591156
test_1661,0.0
test_1662,0.0010693464
test_1663,0.004856143
test_1664,1.0
test_1665,0.01939251
test_1666,0.82787913
test_1667,0.34432778
test_1669,1.0
test_1670,1.0
test_1671,0.81132364
test_1672,0.9229421
test_1674,1.0
test_1677,0.016916899
test_1678,1.0
test_1679,1.0
test_1681,0.032669403
test_1683,0.0028143171
test_1684,0.0
test_1685,1.0
test_1687,0.008147048
test_1688,0.03944245
test_1690,1.0
test_1692,0.0
test_1696,0.8161766
test_1697,0.0057198796
test_1698,1.0
test_1699,1.0
test_1704,1.0
test_1705,0.0016698595
test_1707,1.0
test_1708,0.9515908
test_1709,1.0
test_1710,1.0
test_1712,1.0
test_1713,1.0
test_1715,1.0
test_1716,0.0
test_1717,0.0020647664
test_1721,0.059543945
test_1723,0.008591911
test_1724,0.0072086733
test_1725,1.0
test_1726,1.0
test_1727,0.0
test_1728,0.8699038
test_1729,0.00057030283
test_1730,1.0
test_1731,0.9921044
test_1733,0.08061351
test_1734,0.01795231
test_1735,0.0
test_1736,0.50225514
test_1737,0.013548015
test_1738,0.05844412
test_1740,1.0
test_1743,0.94024813
test_1744,0.0
test_1745,1.0
test_1747,0.0048408415
test_1748,0.060049184
test_1750,0.0
test_1751,0.0
test_1752,0.008571776
test_1753,0.0191063
test_1754,0.0
test_1756,0.0043438766
test_1757,1.0
test_1759,1.0
test_1760,0.005059583
test_1762,1.0
test_1763,0.01978363
test_1764,0.0027583223
test_1765,1.0
test_1766,1.0
test_1767,1.0
test_1768,0.0
test_1769,1.0
test_1771,0.85384905
test_1772,0.0022408087
test_1773,0.0256589
test_1774,1.0
test_1775,0.047388047
test_1776,1.0
test_1777,0.002646597
test_1779,1.0
test_1781,0.3940081
test_1784,1.0
test_1785,0.8936651
test_1786,1.0
test_1787,0.97700787
test_1788,0.0009680912
test_1790,0.0
test_1792,0.0065426324
test_1794,0.0
test_1795,1.0
test_1797,0.0
test_1799,0.81132066
test_1804,0.9070906
test_1806,0.120588355
test_1808,0.0
test_1809,1.0
test_1811,0.0077504497
test_1812,0.0
test_1813,1.0
test_1814,1.0
test_1815,0.9332611
test_1816,1.0
test_1818,0.6592989
test_1819,0.7419901
test_1820,1.0
test_1821,1.0
test_1823,0.0037426408
test_1824,1.0
test_1825,0.015453203
test_1827,0.0
test_1828,0.004913928
test_1829,0.047749586
test_1830,0.008632431
test_1831,0.0011858623
test_1832,0.8793837
test_1833,0.8832058
test_1836,1.0
test_1837,0.93751603
test_1838,0.0
test_1840,0.0
test_1841,0.88176847
test_1843,0.98216915
test_1844,0.022679938
test_1846,0.05896253
test_1847,1.0
test_1848,0.31719252
test_1850,0.012296615
test_1851,1.0
test_1852,0.9869534
test_1853,1.0
test_1854,0.16735063
test_1856,0.0
test_1858,1.0
test_1860,0.8779913
test_1864,0.009066248
test_1866,0.0
test_1867,1.0
test_1868,0.0024663676
test_1870,0.2724034
test_1872,1.0
test_1873,1.0
test_1874,0.00020307489
test_1876,0.7171409
test_1877,1.0
test_1878,0.0
test_1879,0.0
test_1880,0.025516985
test_1882,1.0
test_1886,0.015619276
test_1887,0.9778173
test_1888,0.020737099
test_1892,0.07421569
test_1896,0.9942019
test_1897,1.0
test_1898,0.0
test_1899,1.0
test_1900,0.0
test_1902,0.0
test_1904,0.008795103
test_1905,0.02952415
test_1906,1.0
test_1907,1.0
test_1909,0.0453944
test_1911,1.0
test_1914,0.8946961
test_1915,0.9674664
test_1918,0.0
test_1921,1.0
test_1922,0.009773022
test_1927,1.0
test_1928,0.004378004
test_1930,0.010549115
test_1931,0.010569347
test_1932,0.012677124
test_1933,1.0
test_1934,0.8303891
test_1935,1.0
test_1937,1.0
test_1938,1.0
test_1939,0.9969671
test_1941,0.8944875
test_1942,0.0
test_1943,1.0
test_1945,0.014197847
test_1946,1.0
test_1947,0.9897337
test_1948,1.0
test_1949,0.9989337
test_1951,0.81818306
test_1952,0.03293238
test_1954,0.2389576
test_1955,0.014058122
test_1956,0.21497215
test_1957,0.0014587175
test_1959,1.0
test_1960,0.0
test_1961,0.15883318
test_1967,0.00022009574
test_1969,0.32163516
test_1970,1.0
test_1971,1.0
test_1972,1.0
test_1973,0.014322253
test_1975,1.0
test_1976,0.017696192
test_1977,0.9791999
test_1978,1.0
test_1979,0.17674327
test_1980,0.6440783
test_1982,1.0
test_1983,0.34920916
test_1984,0.0
test_1985,1.0
test_1986,0.014973277
test_1987,1.0
test_1988,0.041912742
test_1989,1.0
test_1990,1.0
test_1991,0.014279073
test_1992,0.0
test_1993,0.96920663
test_1994,0.9509412
test_1996,0.8851328
test_1999,0.32635674
test_2000,0.0
test_2002,0.0050389543
test_2004,0.0
test_2005,0.0
test_2007,0.011818593
test_2010,0.9473221
test_2011,0.9798207
test_2012,1.0
test_2014,0.0
test_2015,0.0028267521
test_2016,0.97644895
test_2017,1.0
test_2018,1.0
test_2019,0.9783716
test_2020,0.0031320713
test_2021,0.0
test_2022,0.029791703
test_2023,0.022358438
test_2024,1.0
test_2026,0.016408859
test_2027,0.70165527
test_2028,0.24651097
test_2030,1.0
test_2031,0.0
test_2032,1.0
test_2034,1.0
test_2035,0.0
test_2036,1.0
test_2037,0.0
test_2038,1.0
test_2039,1.0
test_2041,0.82760465
test_2043,0.045393564
test_2044,0.061900437
test_2046,1.0
test_2049,1.0
test_2051,1.0
test_2052,0.011795571
test_2053,0.018803356
test_2054,0.9760472
test_2055,0.96166545
test_2058,1.0
test_2060,1.0
test_2061,1.0
test_2063,0.00706519
test_2064,1.0
test_2065,0.0020874385
test_2066,0.9730848
test_2070,0.01065447
test_2071,1.0
test_2073,1.0
test_2074,0.9511196
test_2076,1.0
test_2077,1.0
test_2078,0.011012545
test_2079,0.030608414
test_2080,1.0
test_2081,1.0
test_2082,0.37356892
test_2084,0.0
test_2086,1.0
test_2087,1.0
test_2088,0.014967022
test_2093,0.0
test_2094,1.0
test_2095,0.0011111572
test_2096,1.0
test_2097,0.0049683433
test_2098,0.95550215
test_2099,1.0
test_2100,0.0
test_2101,0.75384295
test_2102,0.0
test_2104,1.0
test_2106,1.0
test_2111,1.0
test_2113,0.0061822403
test_2114,0.0
test_2116,0.24649815
test_2117,0.0
test_2119,1.0
test_2121,0.97344506
test_2122,0.008134702
test_2124,0.02730284
test_2125,0.099465005
test_2126,0.93407947
test_2127,0.0
test_2128,0.015051594
test_2129,0.73902303
test_2130,1.0
test_2131,1.0
test_2133,0.97138
test_2134,0.019077891
test_2135,0.0
test_2138,0.88832897
test_2139,0.004224658
test_2140,0.1017079
test_2141,0.0
test_2143,0.9859736
test_2145,0.9807731
test_2147,0.9726752
test_2148,0.054608136
test_2151,0.9965422
test_2153,1.0
test_2155,0.0
test_2157,0.018294727
test_2158,1.0
test_2159,0.0
test_2160,1.0
test_2161,0.97509366
test_2162,1.0
test_2163,0.0
test_2164,0.027414618
test_2166,0.8938092
test_2168,0.0
test_2169,0.0
test_2170,0.0406883
test_2172,0.0012967456
test_2173,1.0
test_2174,0.8611793
test_2176,0.0
test_2177,0.9030284
test_2179,0.55749387
test_2180,0.0
test_2181,0.0027448237
test_2182,0.050539352
test_2183,0.017773313
test_2186,0.9778849
test_2187,0.0019398797
test_2188,0.006972663
test_2189,0.0018574633
test_2190,0.0
test_2192,0.0001585614
test_2193,0.0015537385
test_2195,0.016987247
test_2197,1.0
test_2198,1.0
test_2199,1.0
test_2200,0.0035215206
test_2202,0.0
test_2203,0.0
test_2206,1.0
test_2207,0.0
test_2209,0.0
test_2211,0.0292988
test_2213,0.9839747
test_2214,1.0
test_2215,1.0
test_2216,1.0
test_2218,0.016509527
test_2219,1.0
test_2220,0.99941397
test_2221,0.0
test_2222,1.0
test_2224,1.0
test_2226,1.0
test_2227,0.86691046
test_2228,0.0
test_2229,0.0
test_2230,0.0037116613
test_2231,0.6673792
test_2233,0.98530364
test_2234,1.0
test_2235,1.0
test_2236,0.030713433
test_2237,0.9902773
test_2239,1.0
test_2241,0.010727575
test_2242,0.97016084
test_2245,0.0
test_2246,0.0
test_2247,0.1311362
test_2249,1.0
test_2251,0.008062586
test_2252,0.0
test_2254,1.0
test_2255,1.0
test_2256,0.013627851
test_2259,1.0
test_2260,1.0
test_2261,1.0
test_2264,0.006725244
test_2265,0.93233716
test_2266,1.0
test_2267,0.0053296406
test_2268,1.0
test_2270,0.021960719
test_2273,0.019019483
test_2274,1.0
test_2275,0.98756814
test_2278,1.0
test_2279,0.0
test_2280,0.2576771
test_2282,0.9462787
test_2283,0.858843
test_2285,0.013975
test_2287,0.038538225
test_2290,0.5269607
test_2293,0.22149846
test_2295,0.47237888
test_2299,0.016881412
test_2300,0.0
test_2302,0.0
test_2303,0.934793
test_2306,0.0
test_2309,0.020501396
test_2312,0.021484768
test_2314,0.00042098947
test_2315,0.006112717
test_2316,0.9523017
test_2317,0.0
test_2319,0.0053230934
test_2320,1.0
test_2322,1.0
test_2323,1.0
test_2326,0.060175017
test_2328,0.02102849
test_2330,0.004013894
test_2332,1.0
test_2333,0.9698771
test_2334,1.0
test_2335,1.0
test_2337,0.6686882
test_2338,0.96440256
test_2339,0.009229442
test_2340,0.94307387
test_2341,0.0009588618
test_2343,0.002338076
test_2344,1.0
test_2345,0.0
test_2346,1.0
test_2348,0.0109166
test_2349,0.0
test_2352,1.0
test_2353,0.0
test_2354,0.031182962
test_2356,1.0
test_2357,1.0
test_2358,0.82277423
test_2362,0.017546287
test_2364,0.0
test_2365,0.0
test_2367,0.9066005
test_2368,1.0
test_2371,1.0
test_2373,0.9996712
test_2374,0.9150607
test_2375,1.0
test_2377,1.0
test_2378,0.17164539
test_2379,0.0033531152
test_2380,0.06305693
test_2381,0.007630227
test_2382,0.9481811
test_2385,0.0038034301
test_2386,0.13478567
test_2389,1.0
test_2390,0.018800622
test_2391,0.012244074
test_2393,0.006690519
test_2394,0.9952109
test_2396,0.10986986
test_2400,0.0022200383
test_2401,0.036580987
test_2402,0.003703108
test_2404,1.0
test_2405,0.10479485
test_2406,0.0375292
test_2407,1.0
test_2409,0.027422262
test_2410,1.0
test_2412,0.074880905
test_2413,0.8605017
test_2414,1.0
test_2416,0.04128132
test_2417,1.0
test_2418,0.6410053
test_2420,0.0
test_2423,0.0
test_2424,0.0
test_2425,1.0
test_2426,0.0
test_2428,0.018978084
test_2429,1.0
test_2430,0.00015367009
test_2431,0.0
test_2433,1.0
test_2434,0.8261425
test_2435,0.022855802
test_2436,0.8293975
test_2437,0.19007458
test_2438,1.0
test_2439,0.0
test_2440,1.0
test_2441,1.0
test_2443,0.011737427
test_2444,0.0
test_2446,0.0074204747
test_2447,1.0
test_2448,1.0
test_2449,1.0
test_2450,0.0010809917
test_2451,9.512156e-05
test_2452,0.98294246
test_2453,0.99944806
test_2454,1.0
test_2455,1.0
test_2456,1.0
test_2457,1.0
test_2458,1.0
test_2459,1.0
test_2460,1.0
test_2462,0.00091316365
test_2464,0.5137197
test_2468,0.31010476
test_2470,0.8905204
test_2471,1.0
test_2473,0.0019189715
test_2475,0.0014522709
test_2476,0.0
test_2477,0.0
test_2481,0.0
test_2482,1.0
test_2484,0.75522196
test_2485,1.0
test_2486,1.0
test_2487,0.0
test_2489,0.0011876747
test_2492,1.0
test_2493,1.0
test_2494,0.17348775
test_2495,0.001298124
test_2496,0.6321316
test_2497,0.03501372
test_2499,0.99444795
test_2500,0.987995
test_2502,0.016138883
test_2503,0.0
test_2504,0.00095704943
test_2505,0.0006507095
test_2506,1.0
test_2509,0.0
test_2510,0.0
test_2511,0.008997856
test_2513,1.0
test_2516,1.0
test_2517,1.0
test_2518,0.9836335
test_2520,0.004521599
test_2523,0.02219353
test_2524,1.0
test_2525,0.97419447
test_2528,0.01641486
test_2531,0.0
test_2532,0.5341166
test_2533,0.0
test_2534,1.0
test_2535,0.001141537
test_2537,1.0
test_2540,1.0
test_2541,1.0
test_2542,0.0
test_2544,1.0
test_2545,1.0
test_2547,1.0
test_2549,1.0
test_2553,7.328577e-05
test_2556,0.0
test_2557,0.03375359
test_2558,0.0
test_2560,0.0
test_2561,0.07147084
test_2562,0.01266917
test_2563,0.059823588
test_2564,0.0
test_2565,0.92468953
test_2566,0.0058394577
test_2567,0.89957327
test_2571,0.43298143
test_2572,0.0012365784
test_2574,0.0
test_2575,1.0
test_2576,0.0
test_2577,0.9144881
test_2578,0.27167606
test_2579,0.0036522504
test_2581,1.0
test_2582,1.0
test_2583,0.0022388902
test_2584,0.0
test_2585,0.0019206274
test_2586,0.0
test_2587,0.08123386
test_2588,0.0027696397
test_2590,0.01974052
test_2593,0.021264983
test_2595,1.0
test_2596,1.0
test_2597,0.9017256
test_2598,0.18126127
test_2600,1.0
test_2602,0.99459314
test_2603,0.28013384
test_2604,1.0
test_2605,0.9078559
test_2606,0.028986434
test_2608,0.0027049165
test_2610,1.0
test_2611,1.0
test_2612,1.0
test_2613,0.9799671
test_2614,1.0
test_2616,1.0
test_2617,0.7145743
test_2620,0.0
test_2623,0.9060579
test_2624,1.0
test_2625,0.79243016
test_2626,1.0
test_2629,0.004629096
test_2632,0.9857557
test_2634,1.0
test_2635,0.0010025185
test_2638,0.0153523665
test_2639,1.0
test_2640,0.0
test_2641,7.338449e-05
test_2642,1.0
test_2643,0.97579163
test_2646,0.04793694
test_2648,0.9679143
test_2649,1.0
test_2651,1.0
test_2652,1.0
test_2653,1.0
test_2654,0.008916587
test_2656,0.036996916
test_2659,1.0
test_2662,0.0
test_2663,0.0
test_2664,0.055403747
test_2665,1.0
test_2669,0.04263317
test_2671,1.0
test_2673,1.0
test_2676,0.02098309
test_2677,0.37903413
test_2678,0.009338042
test_2681,0.22531055
test_2682,0.018719649
test_2683,0.0
test_2685,0.0037872344
test_2686,1.0
test_2687,0.0
test_2689,0.0
test_2693,0.22451286
test_2694,1.0
test_2696,0.074143104
test_2699,0.37306863
test_2700,0.0
test_2701,1.0
test_2702,0.99774086
test_2703,0.0
test_2704,1.0
test_2705,0.9860815
test_2707,0.018362856
test_2708,0.6877843
test_2709,0.0
test_2710,1.0
test_2711,1.0
test_2712,0.017015891
test_2713,0.027215285
test_2714,0.960663
test_2715,0.051222593
test_2716,0.0014784485
test_2717,1.0
test_2718,1.0
test_2721,1.0
test_2722,0.015120605
test_2723,0.0
test_2724,0.04090388
test_2725,1.0
test_2726,0.027511558
test_2727,1.0
test_2728,0.23643748
test_2729,0.00104356
test_2731,0.018141793
test_2732,1.0
test_2733,1.0
test_2735,1.0
test_2736,0.98004925
test_2739,1.0
test_2740,0.0014013592
test_2741,0.0
test_2742,0.0
test_2743,0.0
test_2746,1.0
test_2748,0.03611151
test_2749,1.0
test_2750,1.0
test_2751,1.0
test_2752,0.019528521
test_2753,1.0
test_2754,0.0035819765
test_2755,0.009221915
test_2756,1.0
test_2757,0.0
test_2758,1.0
test_2759,0.9626373
test_2761,0.030190093
test_2762,0.0052417386
test_2766,0.085324906
test_2772,0.0
test_2773,1.0
test_2774,0.01746226
test_2775,1.0
test_2776,1.0
test_2780,0.9841895
test_2782,1.0
test_2783,1.0
test_2784,0.53048825
test_2785,0.91105324
test_2787,1.0
test_2788,0.0
test_2789,1.0
test_2791,0.9673125
test_2792,0.045795135
test_2794,0.019416397
test_2795,0.34960648
test_2796,0.025870437
test_2798,0.024681656
test_2800,0.026830787
test_2801,0.0017144736
test_2802,1.0
test_2804,0.6556317
test_2805,0.0
test_2809,0.0
test_2813,1.0
test_2816,0.12423063
test_2819,0.0070664156
test_2820,1.0
test_2821,1.0
test_2823,1.0
test_2824,0.0
test_2825,0.23934014
test_2826,0.9623009
test_2827,0.0
test_2829,0.0
test_2830,1.0
test_2831,0.004144026
test_2832,0.8910032
test_2833,1.0
test_2834,0.0048688557
test_2838,1.0
test_2839,1.0
test_2840,1.0
test_2842,1.0
test_2843,0.98054385
test_2845,0.0036956035
test_2846,0.020443773
test_2848,0.99901474
test_2849,1.0
test_2851,0.0
test_2852,0.0
test_2853,0.002034001
test_2854,0.0
test_2855,0.0018043984
test_2856,1.0
test_2857,0.0
test_2858,1.0
test_2860,0.007042192
test_2861,1.0
test_2862,0.0
test_2864,0.0
test_2866,0.0
test_2867,1.0
test_2874,0.0050818063
test_2875,0.7606673
test_2876,0.105644755
test_2877,0.8997292
test_2879,0.0014321227
test_2880,0.02920658
test_2881,1.0
test_2882,0.8142732
test_2883,1.0
test_2884,0.0005957689
test_2885,0.018408498
test_2886,0.01075398
test_2888,0.0031748433
test_2889,0.033119224
test_2890,1.0
test_2893,1.0
test_2894,0.86535066
test_2895,1.0
test_2896,0.1865577
test_2897,0.96109396
test_2899,0.014715834
test_2900,0.004697101
test_2901,1.0
test_2902,0.04292962
test_2905,1.0
test_2906,0.0
test_2907,1.0
test_2910,0.017756501
test_2911,1.0
test_2912,0.984319
test_2913,1.0
test_2914,0.026620677
test_2916,0.01647543
test_2917,1.0
test_2918,0.0
test_2920,1.0
test_2921,0.87854517
test_2924,1.0
test_2925,1.0
test_2926,0.0
test_2927,1.0
test_2929,0.0
test_2930,0.9955772
test_2931,0.010575036
test_2932,1.0
test_2934,1.0
test_2936,0.0
test_2937,1.0
test_2940,1.0
