ID,default_payment_next_month
10178,0.22131429
5304,0.096535034
5187,0.098622831
14495,0.096134446
20444,0.048819176
17667,0.100954569
21211,0.186602964
7178,0.473266226
20783,0.043857499
24033,0.365103893
754,0.073531343
23732,0.166234658
6072,0.140177491
17662,0.297926817
5541,0.210773281
22697,0.15162195
29905,0.139626539
6695,0.260386517
12664,0.556741824
15392,0.030339366
309,0.705312931
16129,0.046856528
6324,0.104184282
23673,0.322026992
28889,0.111650797
17687,0.102328381
27129,0.139288734
8487,0.083247083
10304,0.255944661
14991,0.230225303
8380,0.129858783
17401,0.210878561
15805,0.091988267
17839,0.199233301
24324,0.309977925
5925,0.604611148
11137,0.117507462
9991,0.059188047
6622,0.623893925
17112,0.358882543
7694,0.277114011
23055,0.190525476
19684,0.162176457
26520,0.44159922
8633,0.504831189
15602,0.134380969
21244,0.075470988
9804,0.241522657
24276,0.072007832
11723,0.058305055
23656,0.231354758
9047,0.10218513
9246,0.115575198
650,0.679035868
4330,0.109147405
27006,0.405148708
6766,0.045205809
14481,0.163276403
18262,0.194967582
22076,0.141093341
24238,0.213502484
12731,0.151086557
2226,0.13077184
17380,0.282670012
22072,0.145773949
27390,0.141898622
19619,0.009191146
12919,0.171767741
6537,0.243071578
24342,0.69231693
772,0.308659712
12966,0.080137872
18832,0.09100762
9347,0.349468711
29171,0.491191198
18604,0.155964056
25368,0.131439649
14414,0.206654772
4515,0.132528609
27668,0.093095484
20039,0.10012669
28604,0.795523003
19283,0.129443906
29592,0.287676909
5952,0.173380358
14746,0.202613067
8135,0.600734599
936,0.181712932
15106,0.190630088
13717,0.32810009
15431,0.154275718
12176,0.054481618
26616,0.533948846
6585,0.117572101
13415,0.140853911
28033,0.730306448
18775,0.065177023
22414,0.339262143
13628,0.446342971
4437,0.417248521
14083,0.191309649
6745,0.369756892
11214,0.190586339
1200,0.190279526
24915,0.025549703
15317,0.63995391
25130,0.090862519
21497,0.028385056
2432,0.423119854
4312,0.306313001
3390,0.557939568
20785,0.055187619
12516,0.189793952
17228,0.122562747
1845,0.198046749
13834,0.195868496
2290,0.171858644
21988,0.140884821
10445,0.258186376
11991,0.153166414
6818,0.091748946
19525,0.055028765
12878,0.215916401
15762,0.157130346
21397,0.135968425
13127,0.069082712
25072,0.63323159
3227,0.076135129
7260,0.111205432
4366,0.088262052
2185,0.157023045
14132,0.18073041
10094,0.157183577
6815,0.130068038
10788,0.146197544
7364,0.116409855
28316,0.072936976
23427,0.681843122
21496,0.096552511
4802,0.666874014
23522,0.181762426
28206,0.186344422
21212,0.099616233
12017,0.19938707
3081,0.14651532
20225,0.614188944
23735,0.035926644
28396,0.149033884
12618,0.149238189
21897,0.152832919
26866,0.566615766
16713,0.219776988
3319,0.546132912
1177,0.107572041
3511,0.124173332
29192,0.028282836
3229,0.14382373
28167,0.217234915
17445,0.303688081
13853,0.072750412
26977,0.073467577
16572,0.773220862
4969,0.119144842
10276,0.045500435
18699,0.199713202
24230,0.683706566
14127,0.053854134
15285,0.11457061
9057,0.202146257
314,0.387759852
7726,0.289937303
5723,0.095629345
9072,0.078796557
14107,0.20136308
145,0.191731003
24423,0.653940799
22725,0.796831504
20076,0.064682558
8284,0.175972575
8913,0.152785851
6326,0.205853989
13918,0.045415912
2020,0.531677774
8805,0.223356338
18822,0.597116565
20055,0.223645813
1254,0.082373389
10785,0.695671976
18392,0.044465836
6679,0.19612078
2433,0.556736897
17303,0.075477209
23846,0.141022044
12631,0.125320378
16250,0.216757544
26577,0.214408689
18831,0.103752737
14697,0.16269545
20765,0.219278707
26177,0.02018415
29311,0.150065602
24408,0.104167776
6383,0.377033247
20685,0.679880767
3809,0.132099048
21273,0.211842968
18934,0.078686772
14851,0.081575771
15039,0.062820341
28924,0.089462323
20323,0.357722096
4159,0.237120706
23311,0.538447451
18500,0.129501511
12312,0.003812515
5176,0.065736427
29809,0.097008717
8224,0.564785135
26644,0.785828085
21569,0.665855826
3908,0.559926484
14974,0.804140473
19720,0.020101263
13244,0.320491464
18037,0.069966682
29716,0.480263463
6784,0.568319606
3110,0.173351201
26797,0.057545707
29080,0.188867471
19229,0.130838795
16329,0.241845239
13004,0.097668723
25354,0.362632384
7464,0.115699449
7911,0.063570152
15409,0.108483783
20893,0.71913523
10835,0.232697011
21892,0.447054987
25921,0.047226201
26056,0.167207513
26809,0.122861456
13321,0.124981319
17387,0.578364424
21143,0.109101931
213,0.193306208
19401,0.5142003
19504,0.095731651
5788,0.261026994
18353,0.194525533
2683,0.269005833
2159,0.114759439
899,0.205527731
10693,0.198774638
23451,0.068256484
18539,0.235206992
4715,0.086678466
9989,0.133137254
12692,0.171339123
12160,0.352520688
10603,0.145623661
13458,0.124857779
5694,0.242508151
2888,0.050268629
29839,0.065144415
7413,0.332831388
21942,0.30541554
9221,0.060911877
20226,0.059755643
2883,0.05254628
14234,0.319261168
13370,0.733293077
2446,0.139903562
6214,0.100195073
6431,0.212850778
19417,0.214281896
15768,0.310496379
7945,0.691515188
1286,0.122121872
15942,0.683250435
6508,0.192871662
23485,0.137117724
23138,0.092550498
26282,0.039333738
5028,0.160739737
24578,0.269005352
12846,0.669440895
23194,0.111740288
15680,0.192780166
11623,0.333906991
304,0.280381559
7304,0.134226916
3448,0.087583497
28975,0.733744816
25985,0.447593208
29680,0.095326445
1043,0.106061481
28212,0.085870374
5098,0.243070629
17148,0.191325478
26345,0.173835216
28029,0.137830522
16256,0.293087031
22932,0.114509058
17648,0.277493847
13904,0.374575795
14574,0.115518049
7731,0.129294482
2694,0.105929848
14342,0.191903496
9339,0.185519695
19614,0.136278256
3209,0.151006778
11420,0.254388082
6280,0.114340414
13347,0.100075041
22568,0.094682979
22426,0.074785009
27103,0.205006161
28811,0.031748719
27614,0.484726551
17094,0.177395217
8391,0.695378878
14918,0.312156371
18374,0.253282979
24387,0.241511143
5525,0.167177195
29090,0.100584829
11319,0.434943331
19054,0.144547163
20881,0.291501667
13047,0.176792591
8339,0.075881448
8866,0.44173341
8966,0.318499417
24917,0.127671049
24622,0.092388476
7525,0.140528922
23942,0.11527783
8918,0.187209595
2751,0.23829891
24940,0.07453324
12726,-0.025425069
23993,0.117955805
10175,0.209602848
14554,0.13740026
6442,0.169333735
14666,0.138642159
18743,0.210604424
12144,0.180801776
25599,0.110148848
27155,0.832483868
11265,0.294779748
26947,0.209732234
25937,0.229665336
20353,0.19562239
11634,0.118674309
28096,0.294628231
19067,0.191881779
18946,0.136286448
25215,0.10947556
5430,0.143603968
24433,0.097324318
29306,0.146044888
20713,0.108949385
16168,0.094399909
4038,0.09087071
16618,0.068689644
10706,0.231116157
17714,0.089814236
23060,0.325121663
28099,0.151664789
19158,0.061089604
16577,0.67039048
18448,0.07884263
18991,0.189040916
2307,0.209257327
13025,0.177775225
26861,0.133673388
11334,0.71984007
25761,0.212713571
8240,0.101368197
20962,0.634739517
12873,0.135476903
6196,0.162716362
18890,0.146827948
11239,0.053075304
25073,0.169392781
16475,0.19934476
28874,0.104447711
12850,0.157668213
6336,0.076357403
18737,0.368443013
29149,0.188841796
11545,0.108975011
14044,0.110458341
6390,0.287363726
22097,0.041065594
7515,0.100557248
9284,0.690581755
28254,0.151207354
12428,0.187149208
12832,0.769143894
13034,0.101481723
10658,0.175483359
29479,0.317735574
10053,0.161692943
4266,0.025647511
18526,0.188235992
19999,0.100987571
2527,0.515467115
29189,0.108746822
18321,0.136313249
11724,0.101126037
10898,0.190543824
22944,0.166976077
17035,0.295388912
3120,0.062128843
10269,0.076251855
24595,0.392616507
22758,0.034983026
12378,0.102706481
8775,0.094159892
15093,0.0666119
26474,0.074337303
16827,0.276147215
16201,0.287707991
21709,0.533581931
22681,0.054911873
20306,0.209610151
4414,0.032808439
25408,0.073160292
6107,0.413064475
13480,0.797683028
14147,0.24166069
11558,0.144509106
16019,0.045032352
28778,0.108858137
26792,0.047870818
23923,0.149968876
7252,0.250011498
13779,0.725725009
12030,0.441797564
25121,0.076348611
8196,0.420442275
11353,0.207129628
21112,0.174231207
26842,0.089404765
27705,0.514102562
5556,0.109892389
25388,0.505141435
6696,0.224726645
23596,0.136973429
27455,0.386620484
7675,0.124566264
25532,0.183302376
14328,0.58041819
2365,0.030747248
15954,0.168910673
2508,0.295360784
5125,0.159764874
4652,0.203698027
20786,0.082333305
14561,0.13566216
14607,0.049064705
27918,0.188639579
26501,0.603614536
9877,0.447691492
4979,0.082056241
23354,0.149445451
21406,0.163231313
21135,0.024282841
22004,0.118913445
5808,0.106957213
25719,0.076815467
4320,0.135073913
13267,0.166831463
16591,0.438457155
27663,0.412359732
20130,0.731684857
14669,0.192481005
2014,0.249456951
26039,0.247187848
20160,0.142106814
4483,0.190326059
16716,0.135299588
10020,0.151926115
3373,0.032161653
7203,0.151065858
18089,0.205324555
12036,0.773991677
14795,0.01810469
17211,0.087397218
9319,0.541601982
5011,0.195274466
24188,0.057393063
26689,0.256375669
8491,0.421100007
28752,0.103141746
22092,0.061377569
24307,0.054359989
21826,0.047508338
14272,0.06592608
27609,0.056827607
16810,0.051402942
16052,0.143660325
23428,0.237094639
17002,0.293785086
3593,0.572253136
7299,0.132453312
13655,0.130170957
26722,0.083567042
27897,0.075690154
14690,0.090395178
13946,0.303470297
18088,0.05043056
24493,0.083230862
23423,0.332880686
3544,0.066950176
21238,0.119412951
14415,0.487184159
21776,0.236196722
746,0.054093142
964,0.202478588
12573,0.113316552
1119,0.402287522
24894,0.114042431
21855,0.012303048
23988,0.053951547
3640,0.071591001
26538,0.263623398
20036,0.083993355
22454,0.129430975
8403,0.126310761
11704,0.221803254
9524,0.223381802
13982,0.118310029
13331,0.25464336
26961,0.139073428
27119,0.123808809
2844,0.456552216
27690,0.23178976
28157,0.140411058
6478,0.042273766
24766,0.769910686
2989,0.024782791
1662,0.240586949
22734,0.300635811
27096,0.071941785
21646,0.173549408
24197,0.135153331
27983,0.093776717
28471,0.080194747
20835,0.153776424
7139,0.193475432
8039,0.227990813
25442,0.097777418
7372,0.287652031
17338,0.076255789
16644,0.328591342
26236,0.097431971
16612,0.374203869
29075,0.483413051
22962,0.188964637
16232,0.166426041
1325,0.144802654
13368,0.07317174
6564,0.133120167
16291,0.267622691
5536,0.028842928
27721,0.522038508
26363,0.137307343
9580,0.249679189
21320,0.420972865
7649,0.197282631
5274,0.3062916
4072,0.132280721
28612,0.568771176
11241,0.534084025
1135,0.490147375
23543,0.049965798
10512,0.17064382
23925,0.100022741
29641,0.140149245
21365,0.175754711
16204,0.175446948
18028,0.289057218
3695,0.525665152
28042,0.062559205
2878,0.221101947
19837,0.167103923
7120,0.118035995
24793,0.265336239
231,0.131546078
28009,0.283912613
17188,0.286311491
476,0.177610399
18432,0.234496383
8309,0.172805553
13881,0.141256263
11501,0.144387831
14227,0.471365666
19452,0.160649202
21315,0.228541526
24633,0.146942989
18903,0.305186372
28934,0.320014612
12633,0.034532864
3780,0.059787376
478,0.209730184
7917,0.305355964
5904,0.340724549
14649,0.079086875
12806,0.174728162
12496,0.595661225
3501,0.756643013
23998,0.236513115
18014,0.118745297
9497,0.098824689
26439,0.102357028
12553,0.164445856
9671,0.21751907
2305,0.129015233
20194,0.059970617
5270,0.053936634
11553,0.400525156
22256,0.163882581
23168,0.033681318
3455,0.577051044
919,0.1706649
17481,0.037178847
25850,0.168710804
647,0.523701881
3299,0.308781315
4431,0.041143667
19134,0.58094364
23285,0.062486616
26740,0.218561247
9287,0.787519865
25744,0.56392961
5014,0.198158592
28395,0.066043797
12562,0.144407209
15997,0.136268887
26360,0.034293827
4734,0.157223442
26798,0.137433005
23660,0.087863354
28530,0.304339856
20185,0.137348847
12114,0.081779143
4133,0.071827067
6525,0.174328975
6292,0.071556878
2139,0.279696579
4611,0.223324231
25208,0.257400887
10478,0.34872199
9942,0.288779975
3297,0.158782194
20745,0.075223553
2930,0.038729722
18747,0.264089684
1878,0.062582012
22226,0.106861283
17085,0.147328368
6596,0.665959116
29855,0.077437819
17722,0.112084862
25981,0.126060797
9599,0.03758354
19200,0.008464943
21015,0.159428224
13263,0.85220562
8825,0.161453812
19002,0.234326291
11522,0.157684771
11994,0.755206472
6077,0.63539732
1918,0.121942798
14086,0.244585445
10800,0.223621222
959,0.072571604
14932,0.153345075
19461,0.461562378
22783,0.120193266
29950,0.063852668
13637,0.238495606
8305,0.126927843
26152,0.081455013
8806,0.1592713
15649,0.104842042
16706,0.034272365
17182,0.135544693
6053,0.418972658
22514,0.073930229
29370,0.14474364
22182,0.106659349
14335,0.068932504
6961,0.159671802
4105,0.550967459
16780,0.341830704
2847,0.120392611
18869,0.319797148
19080,0.073191902
18952,0.765281686
15647,0.102082189
19570,0.131580231
751,0.172291998
7420,0.303247373
15228,0.039630955
19775,0.036661781
21741,0.677271226
20218,0.325073362
23418,0.748297051
23655,0.059861176
5386,0.277047281
27091,0.28667994
23555,0.108610739
108,0.144987247
12164,0.534177171
7088,0.182586737
20708,0.216140536
8466,0.173852329
19834,0.058665914
29874,0.082084834
24823,0.101732511
21428,0.689106409
13203,0.155103178
10092,0.586910587
7121,0.225345542
4416,0.334453483
26532,0.188625921
23924,0.328641988
23137,0.069766159
10810,0.224722447
8580,0.213972175
6023,0.38572842
21269,0.162566714
9401,0.16832979
16389,0.098831909
12149,0.038238683
25065,0.151086542
7588,0.163734222
10341,0.299300105
7010,0.354845401
27105,0.351733889
17922,0.763458188
23154,0.103050708
8017,0.575173329
10757,0.624085022
20427,0.170715032
6105,0.275378926
2964,0.654797419
12451,0.353873552
1054,0.141790964
15016,0.16716335
23446,0.026886735
6378,0.172735118
2312,0.026562406
15591,0.120445946
6938,0.495039611
21584,0.082387809
4279,0.114969743
26794,0.041350638
10194,0.171635151
11879,0.057467592
4589,0.547384723
24979,0.070698332
4147,0.069130546
19289,0.067921183
28346,0.115386776
135,0.181590043
29606,0.220005125
474,0.415469499
26950,0.070833018
14650,0.736305117
25279,0.094035219
1593,0.086681125
15874,0.072919888
29219,0.133758384
25422,0.223049644
9916,0.291924222
22494,0.125409128
24982,0.336927431
27159,0.269428158
9966,0.082120177
15709,0.019263885
10318,0.166111094
3585,0.057645913
18595,0.062524287
17271,0.053097746
17733,0.555951807
9613,0.090398961
10999,0.186695577
16966,0.185424052
23386,0.553848877
16962,0.114197942
16069,0.141672512
23542,0.058740889
11668,0.227156751
17950,0.126894212
29187,0.236494961
685,0.114906282
19606,0.265050137
24930,0.296246113
21962,0.074841159
2728,0.155215906
20200,0.090796564
1843,0.139516125
1257,0.139287092
6854,0.061710503
28562,0.051429289
640,0.043012666
9650,0.144149021
7104,0
24691,0
19143,0
4380,0
25998,0
22034,0
18170,1
25405,0
1444,0
23688,1
11041,1
4980,0
13394,0
4753,1
15061,1
26738,0
10121,1
7004,0
25595,0
26942,0
16312,0
25330,1
1281,0
719,0
12068,1
29923,0
27342,0
29452,1
4488,0
10043,1
24807,0
15516,1
6142,0
29436,0
29533,0
16681,0
28798,0
18464,0
6950,1
10045,0
12517,1
18147,0
17088,1
1151,0
28648,0
20946,0
14281,1
976,0
180,0
28218,0
26573,0
5812,0
22239,0
21868,0
28467,0
9587,1
17721,0
28506,0
7224,0
24289,0
18846,1
8577,0
17061,1
6797,0
14140,1
967,0
21272,0
21888,0
25481,1
24492,0
6249,0
7197,0
24920,0
23956,0
11822,0
2745,0
3378,0
13545,0
4310,0
16230,0
10995,1
1841,0
18390,0
22825,0
3195,1
4577,0
18707,0
24485,0
14703,0
27946,0
821,0
14862,1
7006,0
23263,0
12288,0
2916,0
16370,0
14691,1
11324,0
16484,0
19284,1
6149,0
7732,0
210,0
5583,0
6144,0
2416,0
20986,0
20902,0
12727,0
14702,0
15007,0
19644,0
29717,1
24089,0
24803,0
10863,0
9860,0
9054,0
28054,0
29437,1
16374,0
21740,1
22887,0
8333,0
19366,0
22985,0
26885,1
22769,1
25897,0
28832,0
23119,1
13062,0
15463,0
25365,0
14742,1
652,0
3051,0
16040,1
1234,0
14351,0
22904,0
23280,0
23648,0
10401,0
12461,0
2670,1
19758,0
21638,0
15485,0
10425,1
23352,0
29065,0
16134,1
10009,1
26390,0
25053,0
11276,0
13554,0
9219,1
872,0
13098,0
13728,0
2383,0
1825,0
23170,0
23165,1
24302,0
2394,0
3964,1
25791,0
24049,0
5434,0
10678,0
28107,0
11273,0
20677,0
16171,0
29759,0
18492,0
15053,1
12964,1
13078,1
22086,0
18515,0
26228,0
11807,0
11399,1
851,0
25527,0
12849,0
24347,0
29242,0
311,0
20701,0
6666,0
287,0
17413,0
27586,1
18424,1
11918,0
586,0
17607,0
2197,0
1986,1
25723,0
21846,1
6325,0
22395,0
26078,0
4738,0
2472,1
23926,0
1665,0
22409,0
28110,1
23546,0
4992,0
24366,0
23007,0
23793,0
13100,0
6612,0
16467,0
29134,0
9039,0
16599,1
26580,0
28021,0
17923,0
2224,0
5545,0
11984,0
25375,0
16941,1
11130,0
22847,0
25345,0
10309,0
25482,0
154,0
28914,0
17815,0
5256,0
24105,0
29401,0
16180,1
12377,0
9468,0
11650,1
3618,0
8336,0
15453,0
25603,0
773,0
18347,0
12782,0
10489,0
19905,0
3948,0
26965,0
1508,0
14257,0
4968,1
27995,0
3111,0
874,0
15883,0
2982,0
25910,0
28327,0
1759,0
9906,0
28461,1
24544,0
18838,0
25796,0
13980,1
29331,0
10594,0
1643,1
16344,1
6020,1
9290,1
15461,0
10668,0
5330,0
1681,1
694,0
453,0
8734,0
12247,0
16778,0
10560,0
1498,0
11309,0
5414,0
23196,0
9875,0
27114,0
5142,0
6931,0
22095,1
2784,0
20496,0
13481,0
19333,0
28000,0
28038,0
2704,0
21004,1
20338,1
10662,0
25697,0
3302,0
29532,1
2724,0
7747,0
25281,0
17558,0
20841,0
19160,0
4168,0
4632,0
8428,0
5959,0
15122,0
29542,0
21392,0
19220,0
832,0
27835,0
19633,0
27889,0
4191,0
17677,0
10272,0
15882,0
16664,0
20659,1
23216,1
23474,0
3330,0
11421,1
1809,0
6310,0
27487,1
6605,0
20585,0
23483,1
2067,0
5329,0
18360,1
16798,0
2493,0
23379,0
23525,0
12936,1
13630,0
17625,1
21509,1
8398,0
4367,1
593,0
22101,0
20265,0
6106,0
15544,0
29077,0
21995,0
2279,1
28022,0
20880,1
27581,1
1784,0
12539,0
3284,0
412,0
7268,0
4875,0
22354,0
21140,0
26112,0
12267,0
16746,0
132,0
27289,1
4384,0
4453,0
9312,0
331,1
21516,0
11311,0
24297,0
16313,0
3788,0
18194,0
15983,0
28398,0
19815,1
29054,0
109,0
17524,0
27348,1
987,0
24958,0
22235,0
16825,1
28927,1
6368,0
1009,0
18798,0
8341,1
18726,1
14135,0
217,1
21832,0
8469,1
23832,0
17719,1
1522,0
9519,0
12457,1
22658,0
9395,0
20378,1
3560,0
24636,1
24155,1
17442,1
12734,0
17161,0
3509,0
22284,0
26404,0
25699,0
4890,0
11673,0
3117,0
3100,0
22755,0
3416,0
20833,0
7202,0
4237,0
12059,0
8787,0
26633,0
19347,1
26758,0
16916,0
850,0
15081,0
21324,0
9227,0
26019,0
21602,1
22056,0
28019,1
29139,1
13954,0
21910,0
22632,0
23661,0
29445,1
20799,0
9406,0
14600,0
23426,0
28931,0
18105,0
2629,0
1510,1
17822,1
22304,0
3268,0
4349,0
8322,0
11437,1
23713,0
14375,0
14154,0
347,0
24429,0
5768,0
15138,0
14941,0
17723,0
17318,0
4274,1
17968,0
29684,0
10652,0
23920,0
7357,1
8947,0
27177,0
11743,0
15179,0
29130,0
3656,0
14713,0
15865,0
16543,1
29622,0
22195,0
20411,0
5757,1
3469,0
4496,0
17912,1
28915,0
3612,0
9112,0
15086,0
14250,0
6153,0
5805,0
5129,0
23301,0
1832,0
10752,1
10243,0
24697,0
15688,0
15675,0
24351,1
28981,0
7719,1
12356,0
27761,0
27932,0
11358,0
13048,0
6661,0
24496,0
17451,1
1626,1
22458,0
28194,0
17531,0
17586,1
23563,1
27079,0
7425,0
8784,0
1081,0
1697,1
17504,0
12952,0
13677,0
21774,0
14751,0
25244,1
16504,0
9303,0
11129,0
25475,0
20712,0
13938,0
8504,0
27552,0
21907,0
8956,0
4144,1
23319,1
15539,0
24462,0
19979,0
28859,0
16571,1
27277,1
16734,1
24962,0
7407,1
18897,0
11678,0
3169,0
5669,1
8157,0
28156,0
23665,1
28771,1
14288,0
1958,0
14841,0
13111,1
25282,0
20655,1
12161,0
4219,0
18847,0
21890,0
16943,1
19292,1
15176,0
29720,0
19969,0
27836,0
3090,0
5241,0
26506,0
8288,0
15608,0
28317,0
29579,0
4049,1
14903,0
18512,1
25735,0
9790,0
2860,0
27822,0
18965,0
26248,0
15776,0
3361,0
9696,0
3243,1
22767,0
27860,0
27199,1
12277,0
11411,0
19760,0
10333,1
18833,0
24200,1
13459,1
8177,0
17008,1
23345,0
19177,0
25013,0
1088,0
3242,1
20751,0
5190,0
930,0
15472,1
20508,0
27483,0
7452,0
5845,0
7458,0
26372,0
12425,0
21765,0
24300,0
22537,1
24812,0
21031,0
531,0
18510,0
12471,0
22707,0
13524,0
17392,0
5731,0
26194,0
5350,1
5275,1
4335,0
2373,0
14845,0
3693,1
25322,0
11110,0
14056,0
10993,0
20422,0
13940,0
5560,0
1526,0
10051,0
3757,0
149,0
10219,0
19516,0
10989,1
11569,1
24206,0
28566,0
26183,0
17374,0
9968,0
29962,0
18280,0
7011,0
4929,0
11168,0
13843,1
21284,0
14158,0
24535,1
1734,0
18810,0
1688,0
3342,0
9141,0
14972,1
4550,0
12707,0
6534,0
24458,0
11229,0
2662,0
9538,1
28180,0
9667,0
17772,0
23323,1
11745,1
10027,0
17255,1
24270,1
3601,0
10483,1
1977,0
26508,0
27649,0
3491,1
4090,1
21848,1
4571,0
11696,0
12205,0
20740,0
18886,0
24120,0
23890,0
1287,0
5445,1
1786,1
24163,0
14455,1
3022,0
9540,0
1273,0
13537,0
19853,0
11892,0
14854,0
11155,0
25612,0
110,0
20418,0
26650,0
27003,0
8515,0
28113,0
1373,0
13781,1
8703,0
14492,0
3813,0
11861,0
7240,1
3467,0
9210,0
26924,0
10695,0
23573,0
4093,0
22984,0
17847,1
24921,0
28873,0
1355,0
26529,1
12544,0
2760,0
29721,0
24337,0
22796,1
6347,0
19510,0
4542,0
6748,0
14680,0
24906,0
14025,0
24505,1
26641,1
29654,0
5706,1
24199,0
16386,0
1300,1
19499,1
18313,0
24008,0
27934,0
7912,1
16429,0
5107,0
3815,0
23961,0
4867,1
3379,0
29695,0
13678,0
17194,1
22140,0
22566,0
9575,0
25077,0
28579,0
520,0
6088,1
3341,0
13469,1
17957,0
7125,1
15292,0
20391,0
17231,1
27325,0
3574,1
27816,0
20977,0
19053,1
9085,1
7016,0
9694,0
302,0
29413,0
8076,0
24319,0
17763,0
19469,0
26785,1
19003,0
26601,0
15028,0
3672,0
16973,1
7007,0
20030,0
28684,1
20040,0
22992,0
5067,0
13862,1
7718,0
25563,0
7430,1
16304,0
19127,1
13602,0
23859,0
823,0
12111,0
10558,0
26678,0
28103,1
24925,0
1762,0
6648,0
9833,1
1555,0
22116,0
13504,1
13979,0
20501,0
23969,1
12520,1
29798,0
19960,0
17181,1
6083,0
22716,0
4741,0
26599,1
18706,1
621,0
21983,0
18801,0
23823,1
384,1
3623,0
26547,0
9244,0
270,1
15927,0
27026,0
519,0
27549,1
8542,1
27075,1
23051,0
11348,0
25467,1
29761,1
28086,0
15434,0
3415,0
24536,0
697,0
10917,0
21117,0
19862,1
4198,0
26642,0
11016,0
13559,1
28868,0
7606,0
4398,0
19779,0
16194,0
22051,0
21037,0
22110,0
28399,0
25129,0
16205,0
11782,0
19646,0
17334,0
29198,0
20412,0
4125,1
28732,1
27976,0
17276,0
17071,0
29372,0
28893,1
23200,0
19142,0
22198,0
26839,0
2876,0
6930,1
18298,0
5662,0
22760,1
24007,0
11672,1
18507,0
1605,0
20457,0
28668,0
27903,0
6685,0
14787,1
10133,0
19608,0
13985,0
28281,0
1029,0
16003,1
7802,1
11836,0
11060,0
26485,1
22159,0
27446,0
11525,0
6235,0
7521,0
3447,1
8715,0
4728,1
15478,0
26247,1
11184,0
25845,1
20938,0
14947,0
24494,0
18588,0
22819,0
13547,0
5544,0
21425,0
4260,1
19894,0
17330,0
9075,0
21581,1
11498,1
840,1
12120,0
18723,0
10626,0
6005,0
27824,1
29349,0
24004,0
3266,1
6472,0
7840,0
8131,0
4477,0
7366,0
11117,0
8929,0
14886,0
24640,0
6613,0
14237,0
16967,0
20736,0
23206,1
17068,0
3759,1
24851,0
25453,0
24054,0
3018,1
28807,1
18771,1
2634,1
27254,1
29026,1
14031,1
14871,0
19322,0
15127,1
16249,0
18529,0
19296,0
20930,0
13742,1
7531,1
7082,1
3936,0
17283,1
22119,0
22738,0
24294,0
8642,1
24528,1
11601,0
29418,0
29391,0
17751,0
4526,0
13356,0
2220,1
15860,0
19878,0
6852,1
5759,1
4793,0
5192,1
22862,0
16254,0
14984,0
14587,1
24904,0
11185,0
13846,0
17310,1
28935,0
21777,0
28735,0
3822,0
11694,0
9551,0
10325,0
10819,1
19535,0
21311,1
3148,1
23273,0
21839,1
18381,0
26625,1
6338,0
5212,0
8251,0
3458,1
28429,0
9689,0
25428,0
28032,0
28412,0
18145,0
17248,1
4141,0
25884,0
3506,0
29220,0
20515,0
16954,0
167,0
24176,0
29613,1
15966,0
23681,0
21849,0
29158,0
23245,0
23150,0
22843,1
7876,0
29014,0
9553,0
3047,0
8744,0
28990,0
13364,0
8019,0
20495,1
26914,1
23892,0
20771,1
2902,0
21271,0
27590,1
22046,0
20318,0
16094,0
12331,0
401,0
24954,1
13249,0
12652,0
7874,0
14560,0
27029,1
29833,0
2848,0
7740,0
20983,0
9278,0
23416,1
18057,0
27522,0
698,0
5228,0
22471,1
1528,0
17065,0
15191,0
221,1
9283,0
26726,0
24936,0
25694,0
6219,0
29114,1
25027,0
3549,1
16376,1
12072,0
4627,0
27698,0
18301,0
4142,0
18228,0
25775,0
4580,1
3963,1
18919,1
1277,0
24001,0
3425,0
9423,0
22496,0
22279,0
17740,0
27667,0
17985,0
4183,0
10029,0
29587,0
8494,0
12704,1
2761,0
21481,1
11773,0
2938,0
28108,0
4684,0
1637,0
15060,0
5947,1
7948,0
21874,0
27109,0
10680,0
23940,1
16646,0
17406,0
19562,0
17197,0
9262,0
19093,0
17899,0
28209,0
4250,0
29417,0
7455,0
12755,0
12688,0
16265,1
29288,0
23105,0
24632,0
4326,0
11632,0
17696,0
2926,0
9722,1
28431,0
3785,0
18459,0
4709,0
20502,0
4037,1
24436,1
17791,0
19648,0
15692,1
7696,0
6470,0
10089,1
21230,0
12699,0
12580,0
18144,0
26476,1
2787,0
6385,0
15252,0
5761,0
14033,0
15208,1
13044,0
23020,1
8540,0
21748,0
11201,0
5250,0
19794,0
13566,0
12742,0
14663,0
26020,0
15119,0
3575,0
9461,1
12766,1
11389,1
9294,0
18546,0
21651,0
10025,1
9894,0
20179,0
26133,0
15627,0
4292,0
13354,0
16132,0
11535,0
22855,0
4690,0
15800,0
29708,0
22368,0
24317,0
24853,0
25711,0
20866,0
20401,0
24879,1
26382,0
16434,1
26187,0
12554,1
17788,0
3294,0
10897,0
28159,0
5179,0
810,0
1780,0
13826,0
17517,1
4327,0
16886,0
17736,1
19340,0
17144,0
17707,0
10619,0
1459,1
3577,0
19736,0
22891,0
21487,0
8855,0
13546,0
20974,1
13282,1
11072,0
1110,0
24586,0
16902,0
14099,1
14315,1
11011,1
25988,0
12414,0
16167,0
22836,0
18187,1
13075,0
28233,0
17306,0
18242,1
28411,0
6962,0
29257,0
24441,0
18559,0
5356,0
4056,0
17834,0
12063,0
26906,0
1609,0
6822,0
11983,0
2262,1
27380,0
2562,0
14581,0
27231,1
15479,0
1262,1
26448,0
612,1
405,1
4804,1
7960,0
29862,0
26036,0
21465,1
27478,0
4721,0
28992,0
402,0
19297,0
13426,0
7576,0
16231,0
28943,0
24945,0
6300,0
8141,0
23578,0
7976,0
29029,1
22540,0
23792,1
8648,0
22243,0
26556,0
29703,0
452,1
14059,0
10062,0
1853,0
2481,1
26128,1
807,0
17753,0
11581,0
17778,0
21506,0
11628,0
296,0
14551,0
29367,1
20700,0
8972,1
14785,0
6876,1
21889,1
3300,1
16460,1
7257,0
7867,0
24024,0
12469,0
2861,1
21956,0
29530,0
28961,0
11218,1
3965,0
28509,0
14843,1
4006,0
17274,0
16295,1
15961,0
4837,0
102,0
21507,0
20029,1
9053,0
12500,0
5452,0
20618,0
14648,0
27110,0
15728,0
26328,1
21604,0
22178,1
15311,0
21947,0
1005,1
18433,0
26246,0
24177,0
5718,0
7614,0
1586,0
24309,0
27401,0
22418,0
26106,0
6654,1
19436,0
9024,1
16070,0
1976,0
17843,0
14265,0
28906,0
64,1
18899,1
12896,0
23123,0
7958,0
20088,0
8502,0
5598,1
11680,0
25857,0
27219,0
19847,0
13572,0
14038,0
23637,0
14291,0
21331,1
136,0
3847,0
13775,0
27823,0
16347,1
27099,0
1573,0
297,0
12790,0
25185,0
24078,0
21624,0
7000,1
1710,0
9482,0
28448,0
21729,0
15480,0
10761,0
13387,0
22317,0
23187,1
10889,0
9151,0
1311,1
24570,0
7099,0
15245,0
17914,0
22538,1
25419,1
8887,1
9488,0
1970,0
20557,0
14175,1
2157,1
12190,0
10913,1
20091,1
25579,0
27246,0
6182,1
27867,0
29705,0
24041,0
21208,0
18782,0
29175,0
73,0
24897,0
7390,0
26954,0
24624,0
6204,0
29553,0
19835,0
11030,0
23861,0
18584,0
27864,0
8051,0
27588,1
17601,0
4543,0
26400,0
22127,0
14493,0
13852,1
26150,0
24136,1
23231,0
6614,0
4557,0
29785,0
4674,1
9548,0
140,0
4588,0
21146,0
278,0
21613,1
18721,0
5643,0
3122,0
27408,0
5540,0
29511,0
13030,1
18770,0
13079,0
28354,0
11423,0
8641,0
11023,0
13301,1
21547,0
8285,0
28782,0
16724,0
27966,0
7449,0
24190,0
27229,1
822,1
23876,0
6419,0
5894,0
1396,0
13591,0
22443,1
1984,1
9103,1
10586,0
25435,0
6948,0
14232,0
12609,1
14387,0
15869,0
1749,0
13315,0
21346,0
9111,1
28671,1
8126,0
27435,1
22408,0
131,0
8302,0
25366,0
19174,0
10955,0
8527,0
397,0
9079,1
9884,0
9846,0
26831,1
29552,0
13861,0
9525,0
5716,0
22381,0
21452,0
2426,0
14275,0
12684,0
29774,0
25557,0
6257,0
4383,1
9073,0
27442,1
23691,0
18971,0
17253,0
9032,1
7309,0
11744,0
28223,0
18078,1
12067,1
8451,0
17205,0
8960,0
13820,1
25242,0
691,0
19820,0
13660,0
15389,0
29911,0
18260,1
24385,0
15145,0
12711,0
1426,0
2605,0
14192,1
23696,0
15335,0
18382,1
21161,0
14721,1
10480,0
23862,0
9014,0
16968,0
13919,0
5161,0
24271,0
11222,0
9799,1
5027,0
15960,1
9203,0
9951,0
23002,0
16865,0
5776,0
13126,0
2484,1
15167,0
21169,1
17988,0
14684,0
28111,0
3068,1
22678,0
19252,1
7523,0
19724,0
17448,0
20571,0
6915,1
9155,0
8673,0
6461,0
15542,0
24198,1
7385,0
2534,0
4421,0
15923,1
27545,0
15562,0
13430,0
10313,0
20737,0
3465,0
21779,1
9180,0
820,0
27511,0
25700,0
21831,1
11851,1
20802,0
14117,0
5248,0
3976,0
27397,0
82,0
1988,0
5300,0
24638,0
25752,0
28422,0
29884,0
21611,0
23100,1
24272,1
23885,1
18845,1
14318,0
6074,1
13068,0
26793,0
17565,0
28001,1
15348,0
2729,0
23332,0
29662,0
13774,0
9644,0
14831,0
1704,0
27735,0
26192,0
5496,0
5371,0
27150,1
11306,1
29127,1
29408,0
5130,0
5784,0
22029,0
11942,0
16133,1
724,0
15371,0
17894,0
26816,0
4761,0
19101,1
20511,0
12743,0
10940,0
7763,0
18335,0
26281,0
10477,1
24214,0
24284,0
18113,0
10147,1
3064,0
25044,1
2511,1
4805,0
5657,0
29231,0
29422,0
29816,0
6216,0
29628,0
13295,0
11116,1
9171,1
3196,0
24914,1
7668,0
21136,1
6733,0
13473,0
28094,0
5780,0
6459,0
17416,1
25953,0
23480,1
9645,0
26428,0
26221,0
23689,1
16747,0
24281,0
6682,0
24693,0
5207,0
5215,0
22157,0
24704,0
14271,1
8862,0
11568,0
13017,0
5139,0
9311,1
9952,1
27093,0
28460,1
5686,0
15563,0
17275,1
14346,1
28685,0
19029,0
19137,0
16675,0
11657,0
13031,0
1549,1
13453,1
28128,0
12014,0
28309,0
76,0
22844,1
19004,0
20523,0
9688,0
17426,0
9096,1
9035,0
25647,0
4179,0
14807,0
1235,0
28026,1
17771,0
27197,1
8219,0
29834,1
9008,0
21521,0
12472,0
2874,0
16448,0
2232,1
25254,0
24203,0
4660,1
15889,0
12285,0
29034,1
17409,0
14354,0
12552,0
2025,0
22242,0
24123,0
27221,0
18996,0
18442,1
8338,0
11902,0
17875,1
22055,0
10367,0
5224,1
20615,1
22111,0
14868,1
7701,1
7387,1
12223,1
26137,0
5064,0
19710,0
3285,0
25348,0
4648,0
16481,1
1315,0
2980,0
26265,0
1493,0
27833,0
16367,0
8612,0
7565,1
28179,0
8291,0
6736,0
25844,0
21769,0
2181,0
27270,0
25361,0
14520,1
18221,0
28596,0
21354,0
14808,0
28090,0
7511,0
15824,0
20856,1
6433,0
12182,0
15847,1
10362,0
16030,1
21814,0
8792,0
15617,0
25416,1
12992,0
2823,0
5714,0
23544,0
8182,0
11977,0
8662,0
13258,0
11022,0
15246,0
4382,0
3724,1
20961,0
26046,0
22417,0
24292,0
10338,1
11282,0
28288,1
1706,1
18151,0
2198,0
19387,0
3026,0
417,0
26945,0
8087,0
8709,1
943,0
398,0
17996,0
13,0
24711,1
9431,0
22736,0
258,0
4136,1
24456,1
9450,1
6258,0
29583,0
18142,0
2276,0
10216,0
27834,1
2879,0
21334,0
24414,0
12643,0
4791,1
14082,1
21789,0
10821,0
9253,1
25198,0
1481,0
2473,0
16430,0
16762,0
7910,0
11713,0
22461,0
29637,0
21959,1
3876,0
9890,0
26557,1
29786,1
5252,0
14212,1
2322,0
26227,0
12485,0
22801,0
1908,0
20617,0
7442,0
4739,1
20687,1
9803,0
6476,1
1743,0
22463,0
8402,0
28625,1
1953,0
13718,1
5630,0
6924,0
18254,0
16700,1
13635,1
6561,0
16377,1
12579,0
8110,1
8938,1
29988,0
14863,0
16596,1
3773,0
1434,0
12748,0
29184,0
18995,0
954,0
16182,1
25773,0
18947,1
10151,0
15780,0
8564,1
28557,0
26991,0
3385,1
18067,1
14263,0
28162,0
143,0
16433,1
668,0
26985,0
4641,0
17716,0
21590,0
13705,0
22706,0
1935,1
27049,0
2513,1
2052,0
10004,0
12925,1
14507,0
23801,0
29353,1
15558,0
25005,0
6367,1
13373,0
3296,1
11909,0
9983,0
7199,0
26862,0
19001,0
29407,0
8068,0
19639,0
7856,0
2148,0
6620,0
20114,1
3980,0
17800,0
18165,1
14276,0
16074,0
16209,1
22777,1
1030,1
3353,0
24207,0
3803,0
14352,1
3804,0
5010,0
19108,0
18893,1
17291,0
27814,0
23951,0
4242,0
12597,0
23755,0
13361,0
7336,0
24479,1
26500,0
1766,1
29767,0
25763,0
28243,1
26440,0
21511,0
9016,0
6907,0
16720,0
22338,0
28384,0
29799,0
7493,0
17436,0
12301,0
27837,0
15067,0
27790,0
18213,1
10167,1
11313,0
14477,0
18591,0
15784,0
22249,0
5261,1
29239,0
25997,0
12972,1
10942,0
28358,0
6624,1
16520,1
16704,0
24135,0
20679,1
25955,0
26795,0
18034,1
4886,0
14864,0
9768,0
10188,0
28937,0
29435,0
24667,0
15149,1
4541,0
20592,0
28171,1
28039,1
13226,0
15128,0
22934,0
22560,0
8493,1
12086,1
27591,0
12910,0
10679,0
12077,0
25708,0
16831,0
4720,0
13417,0
9683,0
20528,1
2222,0
29430,0
11174,0
22049,0
2983,0
11410,0
8329,0
8345,0
12909,1
15720,0
5425,0
25638,0
10434,0
20875,0
18728,0
5391,1
18073,0
20149,1
26919,0
27331,0
8613,0
9235,0
3149,0
25165,0
11921,0
18654,0
12323,1
19875,0
23039,0
19423,0
12370,1
29092,1
29745,1
13376,0
6528,0
7516,1
22585,0
23935,1
20631,0
4767,0
28426,1
5200,0
21502,0
5739,1
25091,0
20838,0
14526,0
26445,0
22240,0
1862,1
26786,0
27351,1
91,1
28270,1
16809,0
20869,0
6405,0
27764,0
24249,1
3527,0
12118,0
14009,0
29002,1
24824,0
27349,0
14550,1
26765,1
26351,0
7893,0
5520,0
10149,0
26270,0
24032,0
28928,0
9682,0
23628,0
17654,1
3261,0
3204,0
22143,0
5209,0
29137,0
13972,0
3371,1
7906,0
25327,0
12504,1
23553,0
19719,0
11815,0
2886,0
26497,0
23010,0
28168,0
12070,0
1566,0
29664,0
13516,1
22214,0
18021,0
22660,0
16595,1
14300,0
316,1
5882,0
7468,0
6898,1
11287,0
19057,0
5164,1
14767,1
8702,1
13856,0
1098,0
9810,0
4264,1
27262,0
3686,0
7041,0
87,1
29887,0
7457,0
21314,0
24442,0
14796,0
3599,0
9788,1
148,0
27317,0
15354,0
5815,0
2179,0
7849,1
11193,0
18844,0
10647,0
20254,0
17368,0
9880,0
21196,1
7780,0
27125,0
27185,1
16560,1
8347,0
9316,0
25135,0
1581,0
11663,0
24599,1
23434,0
5729,0
3534,1
21049,1
8826,0
16125,1
22375,1
10365,0
29268,0
1507,0
19295,0
9230,0
1565,1
20613,0
4878,0
18329,0
28122,0
10653,0
2689,1
20857,0
6711,0
8061,0
3747,0
2349,0
4916,0
11318,0
28016,1
11471,0
16619,0
24949,0
10969,1
18006,1
6134,0
14341,0
24658,0
6522,1
24642,0
14089,0
14995,0
3931,0
27692,0
29953,0
26693,1
9972,0
12001,0
16597,0
21735,0
5432,0
27427,0
6488,1
17311,0
6375,0
8448,1
18422,1
29017,0
29104,0
8086,0
657,0
25241,0
5530,0
19852,0
4265,0
13335,0
1866,0
14675,0
4789,0
654,1
27532,0
23654,0
945,0
28438,0
18713,0
28475,0
162,0
1655,0
1781,0
17566,0
8583,1
9280,1
21105,0
24585,0
6382,0
29440,0
27092,1
26419,0
323,0
10244,0
17476,0
5049,1
12974,0
1036,1
26987,0
5715,1
4592,0
4444,0
12810,1
27890,0
26639,0
29766,0
26781,0
974,0
22547,0
11438,0
16770,0
19037,0
14036,0
5378,0
13339,0
2752,0
23278,0
8836,0
29851,0
17659,0
242,0
6448,0
26398,0
18198,0
4628,0
7253,0
22886,0
15580,1
8465,0
21589,0
26681,1
9721,0
1308,0
9372,0
1880,1
19265,0
4915,0
22579,0
23508,0
21686,0
21538,0
14701,0
25878,0
4238,0
6139,1
24968,0
26744,0
6885,1
6438,0
7504,1
3200,1
27515,0
22470,1
22250,1
23148,0
10247,0
15725,0
23812,1
23189,0
27982,0
7318,0
20622,0
2074,0
12568,0
6266,0
17441,1
12226,0
27174,0
21734,0
2482,0
8020,1
4109,0
9729,0
29363,0
27768,0
9101,1
17838,0
26874,0
662,1
14066,0
24519,0
15729,0
23510,0
27999,0
10885,0
17032,1
21063,0
2682,0
23287,0
15358,0
29599,1
8188,1
12533,0
5317,1
15483,0
1415,0
21056,0
13114,0
13525,0
29069,0
23719,0
14930,0
13586,0
26306,0
24813,0
11249,1
19664,0
1796,0
23756,0
16245,0
19062,0
15975,0
25547,0
13255,0
6115,0
1290,0
24953,1
12658,0
19427,0
17935,0
3513,1
1449,0
22741,1
21454,0
4533,0
104,1
5373,0
7136,0
16006,0
14166,0
28293,0
1176,1
29549,1
25267,0
19987,0
14080,0
4959,1
20746,0
14071,0
396,0
25838,1
13348,0
19291,0
434,0
14063,1
16169,0
18577,0
14295,1
11897,0
3183,0
4381,0
14456,0
25344,0
12090,0
25979,0
18368,0
12191,0
4166,1
4003,1
126,0
15214,0
5878,0
1079,0
18729,0
18148,0
21957,0
25170,0
23564,0
29828,1
24086,0
1085,0
21749,0
15644,0
28867,0
5850,0
12360,0
11882,0
6260,0
20170,0
13183,0
22170,0
17381,0
19557,1
16224,1
23248,0
6677,0
158,0
27625,0
29489,0
14891,0
10978,1
3536,1
13693,0
13815,0
4360,0
6256,1
4251,0
13634,0
19892,0
3024,1
13351,0
9660,0
21349,0
4531,1
22185,0
22455,0
5641,0
27490,0
2582,0
11495,0
6402,0
17528,0
26955,0
15740,0
8902,0
829,0
4842,0
5457,0
19824,0
8399,0
6259,0
16035,0
23001,1
29193,1
22094,1
4556,1
25564,0
22708,0
28363,0
16620,0
12875,0
2643,0
29547,0
13176,0
26135,0
20959,0
29845,0
27255,0
26315,1
24398,1
24095,0
6189,0
21661,0
13257,0
10002,0
19178,0
15599,0
6039,0
4036,0
10379,0
22584,0
22915,0
19899,1
16666,0
24421,0
8799,0
4614,0
22166,0
13657,0
23296,0
4205,0
16412,0
12865,0
11027,1
8697,0
24907,0
14806,0
11331,0
22739,0
9936,0
5527,0
28720,1
23324,0
13177,0
19234,1
18319,0
22969,0
21160,0
10791,0
25054,1
12046,0
2764,0
15266,0
26858,0
8958,0
28329,0
8508,0
2219,1
2746,0
8589,0
24969,1
27449,1
8233,0
21762,0
13720,0
12397,0
29164,1
16185,1
5944,0
6401,0
23895,0
25670,0
20332,0
28261,1
10252,1
12764,0
6073,1
14852,0
21007,0
4005,0
14628,0
19538,0
22557,0
26959,0
2928,1
22792,1
10731,0
14661,0
27906,0
25181,0
15003,0
11607,0
7781,1
16192,1
14074,0
13965,0
10048,0
28146,0
12606,0
29900,1
16793,0
12051,0
21329,0
5909,0
2090,1
3967,0
7017,1
24142,0
4040,0
884,0
27113,1
3219,0
12474,0
28245,0
22378,0
13289,0
21224,0
15267,0
16418,0
28670,0
21131,1
13801,0
23974,0
20539,0
112,0
14195,1
16502,0
15739,0
16921,0
27228,0
26410,0
10058,0
25064,1
16470,1
11056,1
729,0
18901,0
20814,0
10164,0
2487,0
2034,0
22419,0
19722,0
19369,0
4970,0
19096,0
1469,0
25197,1
673,1
24637,1
155,0
21574,1
21270,0
5298,0
3074,1
125,0
13071,0
19891,0
800,0
20953,1
15430,0
25389,0
9161,0
25387,0
24434,0
5084,0
29535,0
6279,0
6826,0
28540,0
5170,1
8319,0
27723,0
25702,0
23579,0
14901,0
20998,0
833,1
4086,0
11770,1
13933,0
18692,0
18455,1
563,0
24884,0
14182,1
27269,0
9362,0
18011,1
25567,0
14776,0
1791,0
19343,0
7018,0
27413,0
27539,0
14159,1
21527,0
14783,0
16754,1
18025,1
924,0
16705,0
27917,0
25488,0
22951,1
4810,0
26143,0
1389,0
11393,1
22413,0
14306,0
16758,0
1519,0
9955,1
15801,0
21712,0
9888,0
20847,0
9590,1
3745,0
9787,0
8247,1
13222,0
29278,0
7869,1
26894,0
13246,0
25229,0
18562,0
1611,0
23714,0
23899,1
6877,0
12006,1
7492,0
26100,0
8516,0
616,0
6923,0
25637,0
2233,0
9026,0
25540,0
2747,1
22184,0
23562,0
29499,0
1753,0
4755,0
29154,0
8043,1
16455,1
21387,0
17730,0
21242,1
141,1
720,0
25480,0
29089,0
6473,0
13419,0
9333,0
15684,0
16690,1
17974,1
2374,0
11452,1
6040,0
7553,0
27634,0
2381,0
19350,0
6120,1
23450,0
10681,0
18026,0
11731,0
4131,1
12112,0
17941,1
6646,1
353,1
15834,0
19945,0
22667,1
17812,0
10508,1
13865,1
29116,1
21989,0
26378,0
3253,0
2831,0
18569,0
3372,0
24584,1
28588,0
29522,0
16314,0
13290,0
4376,1
3363,0
25559,0
21980,0
6428,0
13841,1
5709,0
5901,1
26498,0
18379,0
28151,1
1310,0
6734,0
23445,0
12088,0
12136,0
15101,1
18397,1
22422,0
28851,0
28347,0
17459,0
20728,0
22121,0
3248,1
27947,0
16469,0
7522,0
4009,0
26156,0
28319,0
12537,1
1842,1
9554,0
11769,0
7988,1
25415,0
26597,0
5853,1
753,1
11820,0
25469,0
11122,0
12309,0
1982,1
24830,0
2941,0
1407,0
24760,1
3114,0
23517,1
28496,0
1342,0
19889,0
605,0
3676,0
4765,0
29697,0
13613,0
18182,0
14707,1
11483,0
28918,0
25178,0
2018,1
19418,0
19216,0
21843,0
4478,0
12322,0
11183,0
18440,0
21498,0
14383,0
18765,0
27826,0
20548,0
11964,1
17652,0
18835,0
23204,0
9710,0
6409,0
17765,0
3073,0
21861,0
19188,0
13560,0
28010,0
19670,0
8857,1
254,0
8780,0
4104,0
7500,0
12141,0
29273,0
3071,0
26593,0
11903,0
27671,1
11574,0
14364,1
17196,0
9619,0
23003,0
20118,0
18082,0
19596,1
343,0
12931,1
3894,0
19150,1
8156,0
20610,0
4001,0
12968,0
28688,0
27294,0
429,0
25079,0
23780,0
12412,0
13091,0
11005,0
4207,0
18532,0
29494,0
27163,0
10184,1
26953,0
27951,1
19406,0
19915,0
15338,0
23948,0
24533,0
8901,0
18563,0
8047,0
2301,0
13008,0
22597,0
19785,1
4445,0
21258,0
19318,1
22388,0
15445,0
25521,0
3262,0
11610,0
11510,0
28954,0
6207,0
27301,0
18463,0
554,0
11391,0
25710,0
4920,0
4768,1
12769,0
26186,0
8848,0
8296,1
21606,0
12252,0
7396,0
9065,0
24604,1
3704,0
17929,0
20546,0
4011,0
15000,0
27961,0
14638,1
18999,1
1616,1
926,1
19231,0
12295,0
25040,0
29709,0
28917,0
23367,0
13072,1
12203,0
25874,1
14,1
18186,1
6532,0
13763,0
24010,0
8690,1
16725,0
22997,0
9830,0
28563,0
28842,0
27365,0
17879,0
14112,0
23028,0
20454,0
28499,0
8548,0
8158,0
13428,0
1647,1
8125,1
23178,0
28879,0
6783,0
6118,0
23591,0
11355,1
4927,0
6205,1
9109,0
16023,0
27245,0
22719,0
17804,0
20652,1
12946,0
13420,1
28258,0
21966,0
12532,0
5489,0
13397,0
15806,0
24806,0
24732,0
20281,0
6598,0
25618,0
6543,0
10793,1
23453,0
7276,0
28938,0
7663,1
3129,0
3979,0
8978,0
29676,0
22916,0
714,0
9257,1
21462,0
3718,0
27631,1
8097,0
29076,0
27140,1
251,0
1362,0
16663,1
2403,0
9452,1
6663,1
15849,0
3432,0
14547,1
25238,0
10775,0
200,1
1113,0
14482,0
2551,0
9563,1
17450,0
15674,0
20003,0
23884,0
12695,0
11756,0
21185,0
667,0
27459,0
23907,0
7616,0
7899,1
20830,0
18622,0
4656,0
25837,0
10721,0
13699,0
15460,0
14416,0
16086,1
27226,0
10524,1
12081,0
7847,1
27142,0
20286,0
16217,0
26214,0
19233,1
6069,0
653,0
27218,1
13012,0
28823,0
10803,1
22663,0
23442,0
26231,1
7246,0
3450,0
22731,0
17056,0
12608,0
10939,0
10933,0
123,0
26197,0
15264,0
28376,0
11351,0
4471,0
23113,0
25032,0
1317,0
8297,0
10255,1
18959,0
13497,0
8211,0
26297,0
22804,0
10671,1
26074,0
18990,0
21525,1
24460,0
502,0
22657,1
23836,0
26904,0
3625,0
18590,0
15196,0
4590,0
23057,1
27984,1
27962,0
12489,0
9197,1
29848,0
4532,0
27844,0
14433,0
20555,0
8387,0
5377,0
28294,0
8723,0
27202,0
23220,0
14556,0
5226,0
15368,0
27569,0
3548,0
7973,0
28060,1
2677,0
29989,0
6989,1
74,0
24251,0
18496,0
20321,0
25946,0
27779,0
8529,0
26571,0
5922,0
26353,1
3993,1
24831,0
1748,0
24723,0
22936,0
10657,0
22467,1
2987,0
18981,0
13599,0
12304,0
14687,0
17835,0
11972,1
5550,0
18621,0
6250,0
24122,0
15388,0
11363,0
14062,0
21552,1
18150,0
23087,0
8050,0
13747,0
27935,0
26141,0
20527,0
26854,1
24360,1
11798,0
14952,0
16880,0
17972,1
12892,0
6483,0
12719,1
949,0
23315,0
24992,0
4964,0
9007,1
2652,1
1990,1
14665,0
1992,1
24375,0
8582,0
6568,0
11029,1
6751,1
5957,0
2194,0
940,0
2347,0
12464,0
15170,1
22009,0
14548,0
28165,0
4953,1
14398,1
18286,0
14836,0
572,0
14773,0
14768,0
26450,0
10737,0
1447,1
20301,0
27047,0
12938,0
17767,0
11788,1
10823,1
18192,0
29332,0
23621,0
2587,1
8063,0
27396,0
6192,1
3034,0
9196,1
5919,0
578,0
4723,1
3462,0
12344,0
18679,0
18676,0
1206,1
21647,1
24267,0
480,0
11378,0
28669,0
23128,0
19900,1
23541,0
27477,0
18802,0
4169,1
7782,0
9143,1
1171,1
16127,0
2589,0
7889,0
3387,0
21901,1
6394,0
1903,0
8171,0
22341,0
8707,0
12791,0
18246,0
1938,1
11810,0
7334,0
8413,0
14508,0
18465,0
8689,0
14422,0
23477,0
23035,0
28904,0
16487,0
4188,1
18096,0
4581,0
20630,0
6547,0
5522,0
25856,0
5786,1
192,1
10802,1
1921,1
29842,0
27482,1
25120,0
14740,0
27656,0
28064,0
2974,0
19716,0
29612,1
8756,1
26996,0
27632,1
2060,0
29119,1
490,0
470,0
19884,0
7290,0
23747,0
9841,1
2611,0
783,1
12877,1
28255,0
7353,0
21806,0
25879,1
13007,0
26675,0
8688,0
18888,0
1061,1
2267,0
16235,0
5534,1
27774,1
11215,0
15,0
5835,0
18825,0
24091,0
15700,0
1568,0
28884,0
12933,0
29446,0
1849,0
3565,0
12015,0
20103,0
25112,0
28351,0
15850,0
8231,1
28301,0
21537,1
8414,0
13133,0
19408,0
29778,1
26530,0
18251,1
27012,0
6323,0
17795,0
19392,0
22508,0
11409,0
28676,1
10507,1
25952,0
29059,1
25417,0
27879,0
19474,0
26359,0
15625,1
29713,0
16541,0
2187,1
9086,0
28702,0
24210,0
12177,1
15666,0
4885,1
9043,0
25119,0
6183,1
26849,0
4758,1
13026,0
4034,0
29971,0
12448,0
23382,0
23143,0
28837,0
10606,0
6349,1
340,0
10543,0
26087,1
23274,0
27222,1
21281,1
3765,0
16001,1
2486,0
28968,0
24415,0
7812,0
28481,0
12885,0
8150,0
27474,1
21262,0
13916,0
23447,1
29582,0
29405,0
588,1
29099,0
28273,0
4094,1
13995,1
12212,1
7266,1
14541,0
16552,0
26787,0
22526,0
26490,0
15300,0
21799,0
17287,0
9723,0
25642,0
16532,0
13118,0
11344,1
7620,0
17011,0
25664,0
481,0
17857,0
9157,0
14943,0
9038,0
1875,1
4226,0
17398,0
13234,0
8168,0
22435,0
17335,0
2261,0
11751,0
4937,0
15577,0
24394,0
13087,1
7211,0
19006,0
27392,0
6360,0
14803,0
27525,0
18451,0
29974,1
24352,1
8751,0
4452,1
14238,1
10938,0
22532,0
2123,0
22262,0
15603,1
3343,0
26841,0
21166,1
12429,0
4572,0
13019,0
6334,0
21850,0
11169,0
29362,0
21243,0
13947,0
6636,1
27443,0
8748,0
18212,0
15070,0
19374,0
27799,0
16669,0
12420,0
16985,0
26652,1
20598,1
2092,0
8243,0
17173,0
23152,0
21026,0
7463,0
10310,1
29333,0
23239,0
15940,1
13913,0
23475,0
26850,1
20834,1
1138,0
12589,1
6051,0
7713,0
25134,0
27524,1
15056,1
16899,0
6912,0
16811,0
12715,0
12499,0
4194,0
22460,0
11957,0
6616,1
5989,0
5758,0
17109,0
642,0
10428,0
16929,0
22020,0
26075,0
18751,0
13552,0
25093,0
8281,0
27058,1
3013,0
18027,1
27194,1
18220,1
24332,0
17593,0
16711,0
11322,0
28827,0
13218,0
3518,0
14194,0
10755,0
22299,0
8558,0
21145,1
18819,1
5392,0
10328,0
28298,1
15823,1
20044,0
6165,0
10033,1
5103,0
784,1
22668,0
7827,0
4733,0
1525,0
27468,1
24731,0
28910,0
17856,0
13778,0
23282,0
2030,1
12181,0
29797,0
29525,1
26003,0
6032,0
27044,1
25259,0
15573,0
9168,1
24287,0
11682,1
7328,1
20282,1
28404,0
18957,0
15125,0
11204,0
3843,0
1927,0
14880,0
25097,1
21092,0
26865,0
2112,1
7783,1
18339,0
10443,0
28102,0
19438,0
8057,0
29729,1
8152,0
5155,0
24995,1
24799,0
8306,1
15694,0
11804,0
14892,1
5748,0
1298,0
27845,0
17970,0
25184,0
2203,0
26732,0
10738,0
23246,0
18196,0
29097,0
2315,0
11002,0
23753,1
55,0
15715,0
1971,0
3912,0
4822,0
11305,0
11357,0
12201,0
27059,0
1169,0
18342,0
5504,0
15526,0
23556,0
19667,0
9731,0
20379,0
4978,0
15924,0
23821,0
3033,0
10851,1
14121,0
2583,1
28616,0
3957,0
23316,1
12897,0
14828,0
17038,0
28132,0
4529,0
7858,0
10145,0
14479,0
317,0
23224,0
22167,0
16401,1
29320,0
12583,0
12400,0
11580,0
4505,0
6271,0
14898,1
8654,0
21664,0
3322,0
3916,0
4309,0
23680,0
17859,0
1712,0
8497,0
19821,1
29873,0
29692,0
3388,0
12073,1
300,1
5326,0
23006,1
27506,0
20066,0
26875,0
20948,0
4106,0
10337,0
16964,1
6305,1
14326,0
8922,0
21657,0
17862,0
20976,0
8300,0
24330,1
19924,0
26237,0
26595,0
5116,0
19066,1
13588,0
7627,0
15077,1
14425,0
17963,0
22079,0
12146,0
18300,0
29788,0
5428,0
10264,0
5340,0
27745,0
12162,0
13701,0
10203,0
1650,0
25110,1
15018,0
7972,0
280,0
19442,0
12062,0
28058,1
12355,0
886,0
1506,0
12491,1
18611,1
20690,1
25274,0
25839,1
3173,0
209,1
17774,0
13663,0
10705,0
1946,1
24162,0
7343,0
28907,0
15634,0
24717,1
11132,1
29739,0
17711,0
14224,0
26030,1
24476,0
25542,0
11953,1
1467,1
1512,0
6706,0
9137,0
19039,0
22718,0
7412,0
10826,0
23413,0
15851,1
7993,1
19206,0
11448,0
24621,0
24730,0
17064,1
11615,0
22776,0
19371,0
20860,0
174,1
2765,0
13142,0
13633,0
17332,1
7478,0
27785,0
14975,0
1152,0
20105,0
17046,1
4462,1
15633,1
14314,1
18839,0
29668,1
5557,0
10779,0
26536,1
7806,0
4186,0
4689,1
23989,0
19790,0
16949,0
9964,0
13432,0
3970,0
25243,0
3800,0
28330,0
14150,0
28308,1
6463,0
16452,1
9852,1
4862,0
15451,0
25648,1
16695,0
3566,1
12879,0
29217,0
18698,0
5722,1
22897,0
29044,0
24836,0
24757,0
19770,0
17014,0
28582,0
9981,0
17005,0
9019,0
1204,0
15450,0
21093,0
15098,0
22361,0
8040,0
486,0
25252,0
7280,0
9323,0
6720,1
12234,0
7739,1
7930,0
4662,0
9725,0
1551,1
5666,1
23954,1
170,0
3270,0
4626,0
26535,1
28106,0
21119,0
14592,0
15982,0
29266,0
29141,0
29572,0
1157,0
13542,1
10186,1
11462,1
14557,0
2818,1
1109,1
27107,0
21747,0
14958,0
579,0
8026,0
2625,0
21338,0
25308,1
18645,0
10444,0
23684,0
28733,0
18199,1
18641,0
17718,0
14247,0
24193,1
26619,1
5513,1
5092,0
9078,1
22396,0
20850,0
12803,1
28861,0
9854,0
22524,1
23012,0
29395,0
6157,1
25381,0
3512,0
8976,0
14695,1
2333,0
12662,0
2797,0
21987,0
7278,1
24022,0
4329,0
7380,0
24059,0
19225,0
2594,0
3572,0
9148,1
17576,1
13042,0
25495,0
5695,1
10021,0
2739,0
17006,0
8630,0
10230,0
27022,0
18647,0
13692,0
12600,0
1737,1
17201,0
25496,0
15611,0
5994,0
20642,0
25783,0
1193,1
7480,0
3456,0
10128,1
4799,0
13548,0
7100,0
2868,0
10494,0
7272,0
20196,0
7302,0
25510,0
13652,0
12110,0
26311,0
14260,0
14910,0
28825,0
27497,0
18323,0
21700,0
7749,0
21114,0
13014,0
11765,0
24255,1
11178,0
16394,0
15117,0
22689,1
3850,0
21451,0
8722,0
11834,0
16160,0
10865,0
4348,0
23221,0
7303,0
2390,0
9930,0
28136,0
3833,1
14631,1
22968,1
7585,0
17185,0
18774,1
3453,0
19505,0
2212,0
649,1
20632,0
17917,1
27375,1
25881,0
25520,0
12253,0
11255,0
21383,0
23651,0
24090,0
9512,0
10776,1
2898,0
15111,0
6234,0
5564,0
26860,0
9924,0
9814,0
18993,0
27447,0
27148,0
17555,0
12611,0
14645,0
16505,0
5347,0
15459,0
21553,0
11904,0
24459,1
17213,0
23308,1
7371,1
4770,1
15638,0
3814,0
21340,0
17384,0
23255,0
1233,0
6893,0
777,0
24593,1
29431,0
9272,1
13738,0
7768,0
18488,0
27266,0
21369,0
10555,0
21175,0
16293,1
18070,0
7065,1
23338,0
2174,0
26649,1
28646,0
16826,1
928,0
1902,0
24472,1
23520,0
7916,0
14524,0
14312,1
27716,0
24539,0
991,0
16983,0
28643,0
10641,0
5754,1
717,0
21239,0
26157,0
2494,0
29878,0
15589,0
27780,0
6560,1
19135,0
2535,0
24000,1
4435,0
4877,0
12248,0
26287,0
8647,0
20532,0
27290,0
639,0
2217,0
7566,0
1795,1
19351,1
6494,0
25139,0
21853,0
22905,0
29515,0
8375,0
10280,0
17391,0
22068,1
6000,0
13385,0
7239,1
16053,1
6187,1
21246,0
27973,0
21008,1
5254,0
12154,0
25601,0
6844,1
2669,0
7860,0
16901,0
8132,0
25002,1
10064,0
18445,1
9130,0
1570,1
2592,0
22347,0
26471,0
2454,0
26550,0
15988,1
6226,0
23763,0
29605,0
7143,0
17216,0
25724,0
29820,1
20481,1
18012,0
2273,0
11476,0
13592,0
12542,1
9997,0
15497,0
24132,0
19959,0
8042,1
14110,0
15092,0
16356,0
348,1
8832,1
2894,0
10038,0
9909,0
17551,1
1219,0
559,0
9453,0
13277,0
19085,0
3267,0
4879,0
25639,0
19836,0
3697,0
6872,0
22118,0
21360,0
3017,0
13168,0
2967,0
28228,0
6467,0
13691,0
15662,0
8099,0
16328,0
20910,0
4845,0
4507,0
1545,1
23299,0
1435,0
16240,0
27312,0
29957,0
3783,1
12246,0
29821,0
18387,0
21684,0
27173,0
13863,0
5690,0
26847,1
13214,0
17598,0
5030,0
27626,0
29712,0
19319,0
25581,0
9747,0
19958,0
23449,0
28436,0
17122,1
26764,0
15217,0
29920,1
25025,1
6253,0
12689,0
15066,0
14513,0
18352,1
374,0
6229,1
19512,0
29782,0
4796,0
6262,0
3383,0
27456,0
748,1
13681,0
2142,0
3364,1
18058,1
8692,0
26288,0
27800,1
6873,0
1202,0
11162,0
19244,1
10510,1
16373,0
10357,0
3991,1
20702,0
20531,0
21079,0
20756,0
9807,0
27061,0
1241,0
25732,0
6277,0
27958,0
10676,1
4068,1
11638,0
5785,0
15787,0
19078,0
11753,0
24677,0
29373,0
25486,0
8538,1
19354,0
9456,0
7358,1
25337,0
9436,0
27564,0
13894,0
13209,0
24870,0
21997,0
3414,1
14442,0
26082,0
16893,0
28373,1
26978,0
18324,0
5703,0
20429,1
24298,1
24553,0
21786,0
20693,0
17404,0
12548,0
3562,1
16625,0
16191,1
24571,1
26470,0
24937,0
28365,1
22134,0
20957,0
26717,0
15203,0
1275,0
2298,1
20442,0
17798,1
6554,0
20683,0
15956,0
23834,0
1349,0
20298,0
24562,0
11128,0
11824,0
4617,0
14970,1
6953,0
21187,0
9535,0
15458,0
27623,0
4324,0
26203,0
18185,0
11848,0
16051,0
27702,1
13893,1
3543,0
16106,1
7490,0
28545,0
9994,1
2422,1
88,0
23125,1
29483,0
15293,0
25305,0
23022,0
1357,0
23943,0
13492,0
24092,0
13288,1
16215,0
6111,0
4908,0
22232,0
5365,0
11481,0
775,0
18542,0
10384,0
6408,0
12525,0
18666,0
17180,1
8298,0
24081,0
11152,1
14251,0
22682,0
16199,0
20074,0
21142,0
11114,1
26811,0
19393,0
29310,1
27441,1
11075,1
27888,0
28802,0
1159,0
10763,1
28815,0
13924,0
24977,0
20262,0
26350,0
21732,0
10462,0
13421,0
27261,0
1836,1
19205,0
24871,1
25552,0
20143,0
15379,0
15010,0
968,0
20584,0
21992,0
28617,0
21754,0
5596,0
7220,1
768,0
29191,0
29960,0
6314,0
7661,1
29010,0
14402,0
8562,0
15587,0
17688,1
1900,0
3611,0
29666,0
28996,1
21154,0
27010,0
25182,0
7320,1
12536,0
6749,1
24508,0
14101,0
12257,0
2029,1
24840,0
1445,1
16693,0
19256,0
4800,0
7386,0
4760,0
17871,0
19010,0
17509,1
15134,0
9434,1
17939,0
24487,0
10577,0
3419,0
27732,0
14183,0
27750,0
6972,0
5413,0
17840,0
13128,1
16582,0
23250,0
15429,0
6181,1
12338,0
16788,1
18866,0
10879,0
24235,0
7753,1
21322,1
18806,0
274,0
9558,0
27450,0
2225,0
5384,1
13868,0
28400,0
13573,0
144,0
21863,0
18975,0
574,1
9849,0
8253,0
14830,0
14452,0
17414,1
14385,0
535,0
19266,1
14388,0
17759,1
5741,0
22981,0
13532,1
7754,0
29677,0
11505,0
27829,0
13129,0
22136,0
20572,0
10286,0
11604,0
12211,0
29825,1
1128,0
6313,1
9757,0
15418,0
28750,0
723,0
7035,0
11544,1
24310,0
4418,0
4794,0
1769,0
10137,0
10301,0
25940,0
11125,0
6199,0
17096,0
18977,0
18599,0
730,1
4866,0
6555,0
608,0
26095,1
25465,0
15491,1
18259,0
4840,0
22334,0
18937,0
6838,1
14602,0
2335,0
1542,0
14883,0
21811,1
19186,0
4823,0
16738,0
6230,1
27927,0
20028,0
587,1
1947,0
2702,0
5942,0
28360,0
4806,0
5707,0
18074,1
4102,0
27873,0
11534,0
26676,0
4941,0
22082,0
20595,1
1037,0
22384,0
8776,0
5264,0
22498,0
12995,0
11149,0
14942,1
828,0
28105,0
17589,0
24737,0
12967,1
17552,0
11450,0
1598,0
24988,0
675,0
722,1
18,0
4293,0
3494,0
25447,0
10208,0
8351,0
8554,1
17502,0
12254,0
18580,0
3490,0
2518,0
19168,1
1690,1
796,0
2202,0
15171,0
20757,1
2993,0
24866,1
4971,0
26913,0
7270,0
18502,0
20743,1
24087,0
6062,0
15873,0
24847,1
3621,0
20934,0
23404,0
955,0
7205,0
13506,0
27264,1
3861,0
2437,1
6591,0
27560,0
6511,0
24891,0
20489,0
21431,0
12607,1
16942,1
18980,0
4149,0
26696,0
7563,0
6227,0
27065,0
18210,0
1670,0
15726,0
3381,0
2171,0
14928,1
29534,0
815,1
6691,0
5807,0
24443,0
21030,1
17986,1
1716,0
13994,0
11587,0
11458,0
29910,0
5034,0
12410,0
2080,0
23153,0
24649,0
18974,0
25888,0
10112,1
8634,0
1701,0
14512,0
11488,0
20407,0
9537,1
23147,0
25349,1
17155,1
1803,0
4893,0
2959,0
18487,0
1330,0
25175,1
9567,1
19957,0
16163,1
16468,1
9067,0
561,0
1617,1
3983,0
20351,0
16996,0
7965,0
10967,0
760,0
26138,0
12518,0
21197,0
26817,0
14313,1
19052,0
14505,0
8166,0
22236,0
11055,0
2773,1
11944,0
6417,1
17649,0
1203,0
6861,0
9881,1
14531,1
28119,1
22742,0
2824,1
15186,0
24473,0
13530,0
20641,0
3952,0
3210,0
29726,0
25066,0
20912,1
4397,0
4137,0
27576,0
19595,0
2953,0
21562,0
11578,0
21514,0
390,1
24208,0
15443,0
16179,0
23675,1
10492,0
29838,0
18249,0
18711,0
1412,0
11384,0
22292,0
2128,0
3681,0
23310,1
26859,1
17393,0
1859,0
895,1
6576,1
7755,0
29794,1
22720,0
4464,0
28654,0
16960,1
22427,0
24175,0
18804,0
23088,1
27538,0
24108,0
28615,0
6017,0
15198,0
5112,1
19952,0
1540,0
26777,0
17174,0
4148,1
25901,0
25804,0
2264,0
20430,1
28762,1
15590,0
17159,0
22866,0
27448,0
5046,0
841,0
28444,0
4493,1
20784,0
27793,0
10554,1
20366,0
1776,1
7784,0
25263,1
21017,1
29779,1
27207,0
20195,0
7865,0
23500,0
1154,0
20287,0
13696,0
28959,1
16613,1
28217,0
14085,1
25575,1
13443,0
21206,0
28446,0
6217,0
3663,0
8317,0
1344,0
23866,1
16338,1
28335,0
14258,0
9397,0
15465,0
6843,0
19375,0
26245,0
28856,0
19489,0
14184,0
14739,0
6869,0
20806,1
871,0
23797,0
3304,0
6455,0
1347,0
1162,0
29084,0
20534,0
29507,0
21916,0
23175,0
23790,0
22683,0
19711,0
7232,0
19372,0
6264,0
2379,1
10584,0
7900,0
25859,1
19353,0
27791,1
2351,0
25529,0
21656,0
458,0
6968,0
4960,0
6033,0
12478,0
22858,0
6879,0
21263,1
14164,0
26162,0
932,1
7295,0
19772,0
5296,0
13446,0
23574,0
3014,0
23636,1
1023,0
8161,0
385,0
26544,0
13557,0
8405,0
29928,0
29107,0
16402,0
3135,0
1663,0
29827,0
1860,0
20604,1
5077,0
11138,0
19565,1
2658,0
3320,0
5837,0
20922,0
1042,1
10220,0
7002,0
19695,0
5449,0
18924,0
28831,0
8742,1
23021,0
25043,0
29818,1
2282,0
12075,0
6188,0
16435,1
6850,0
21542,0
19753,1
10405,0
10390,1
20217,0
7745,0
8396,0
18907,0
11037,1
6379,1
19254,0
26427,1
6171,0
2064,0
11521,0
21692,0
4413,0
23593,0
16333,0
6637,1
14632,0
19337,0
27085,1
22669,0
10114,0
6416,0
25631,0
36,0
28809,0
21862,0
6800,1
3124,0
15533,1
29691,0
26609,0
27561,0
9469,1
8486,0
9543,0
18637,0
825,1
16337,0
3545,1
8280,0
1898,0
20915,1
22986,0
22078,0
23548,0
5013,0
28492,0
19590,0
24726,0
9459,1
10282,0
997,0
9374,0
4940,0
9839,1
15376,0
380,1
24204,0
23549,0
14916,0
5367,0
5833,0
5658,0
207,0
24354,0
7805,0
18509,1
3739,1
5797,0
223,0
11614,0
26406,0
20413,0
7567,0
14980,1
846,0
5450,0
10714,1
18582,0
8218,0
128,1
7813,0
6146,0
25144,1
19973,0
9601,0
13254,1
4735,0
26134,1
10766,0
18849,0
3289,0
28045,0
5416,0
23626,0
24690,0
9364,0
29444,0
15822,0
21337,0
14373,0
10687,0
20062,0
19246,0
17669,0
29800,1
1826,0
4615,1
2438,1
9870,1
15432,0
9523,0
7744,1
22117,0
2796,1
3828,0
15842,0
16196,1
4455,1
21058,1
3898,0
21512,1
29849,1
1718,1
12228,0
29946,0
11511,0
29806,0
21699,0
23405,0
20279,1
18528,0
17731,0
7599,0
10474,0
11245,0
8023,0
10335,0
28828,0
14329,1
29330,1
2842,0
3442,0
15452,0
7426,0
22603,0
9429,1
9776,0
20991,0
10368,1
13477,0
9201,0
22254,1
25342,0
18168,0
4190,0
8205,0
27850,0
19671,0
28483,0
28379,0
14997,0
21795,0
21803,0
13935,0
28130,0
14635,0
24603,0
11123,0
24005,0
6905,0
28767,0
25591,1
14630,0
17786,0
8661,0
13715,0
14957,0
12691,0
3426,0
2610,0
7659,0
20554,0
28311,0
24956,0
13371,1
18571,0
14187,1
107,0
28478,0
29648,0
3690,0
2604,0
11803,1
19568,0
22867,0
28441,0
16878,1
215,0
15435,0
4817,0
25646,1
17802,1
25539,0
5606,0
28013,0
22179,0
7308,1
4860,0
25815,0
24516,0
5056,0
18913,0
13507,0
6803,0
16350,1
10268,0
29210,0
23075,0
24629,0
24743,0
12085,1
28577,0
7470,0
11269,0
430,0
6163,0
15218,0
29814,0
15436,0
1411,0
2533,0
23677,0
2832,0
5255,1
14769,0
14758,0
17849,0
5554,0
15745,1
1010,0
24093,0
12935,0
13189,1
4253,0
1899,0
9606,0
5001,0
20594,0
18702,0
1852,0
291,1
8223,0
25251,0
17608,0
19571,0
26239,0
6809,0
6348,0
549,0
12509,1
19765,0
27554,1
6542,0
28939,0
5318,1
11635,0
14774,0
16368,1
23059,0
13662,0
4913,0
26546,0
16055,0
19065,0
27238,0
27134,0
1981,1
12052,0
4334,0
17951,1
5587,0
16908,1
26909,0
23844,0
2145,1
4358,0
10233,1
876,0
23302,0
20147,1
1963,0
4525,0
24369,0
26455,1
25668,0
9010,0
5912,0
18372,0
11559,0
12630,0
24169,0
2431,1
105,0
10098,0
2417,0
5979,0
11939,1
20017,0
22452,0
21564,0
11058,0
5816,1
22611,0
23240,1
6627,0
20890,1
20809,1
1284,0
25538,0
12667,0
24376,0
27676,0
22673,0
24842,0
14566,0
20329,0
1924,0
25201,0
15045,0
2931,0
4300,0
10120,0
13228,0
9123,0
15251,0
2981,0
15195,0
22393,0
3010,1
15995,0
20285,0
24755,1
12041,0
23497,0
10902,0
17744,1
2506,0
27504,0
14865,1
28603,0
24724,1
11312,0
12384,0
23662,0
27172,0
23852,0
11594,0
10580,0
3709,0
14756,1
695,0
26855,0
10061,0
10059,0
18989,0
16846,1
10317,1
29975,1
12594,1
12880,0
5352,0
15047,0
15584,1
11153,0
12855,0
23879,0
18309,0
25425,0
9327,0
9349,0
1504,0
12023,0
14609,0
24383,1
24149,0
17553,0
29283,0
14846,0
4973,0
15487,0
21276,1
8170,0
16076,1
27530,0
2084,0
5015,0
6824,1
24619,0
443,0
11272,0
602,1
17118,0
10520,0
7971,0
27208,0
19509,0
3807,0
28911,1
21225,0
21220,0
4713,0
12716,0
2152,0
11057,1
17924,1
819,0
25098,1
14298,0
22896,0
17479,0
23602,0
20348,0
16158,1
10947,0
12930,0
17039,0
13616,0
17799,1
24371,1
20032,0
25313,1
142,0
12570,0
29775,1
24748,1
6956,0
26035,1
5245,0
3503,0
12262,0
23439,0
8804,0
11915,0
8225,0
21792,0
20333,0
1140,0
27547,0
9687,0
7448,1
19103,0
2946,0
29531,0
18674,0
6391,0
48,1
8053,0
22627,0
18123,0
22729,0
14620,0
21128,0
21402,1
8967,1
26845,0
24714,0
5818,1
1561,0
27715,0
25679,1
17415,0
27600,1
17977,0
3665,0
2404,1
2995,0
151,0
22003,0
14611,0
11840,0
27512,1
2574,0
28160,0
16609,1
17410,0
29642,0
8073,0
27650,0
5469,0
27809,0
17692,0
23385,1
6544,0
5907,0
1035,0
16558,0
20073,0
3142,0
12503,0
8954,1
14171,0
27842,0
11969,1
8374,0
20791,0
5955,0
12839,0
27000,0
17078,0
442,0
22349,0
21065,0
29559,0
23886,1
11085,0
19947,0
5672,0
20787,0
19817,0
16661,0
29524,1
12752,0
19784,0
7469,1
27052,0
7024,0
22677,0
22570,0
2150,0
11554,0
10205,0
27859,1
12889,1
25580,1
7301,0
8581,0
16790,1
22923,0
13208,0
20990,0
27232,0
6892,0
6066,0
5954,1
12467,0
5487,0
29660,0
866,0
20363,1
15565,0
13816,0
11296,1
26296,0
7823,0
4754,0
20775,1
12443,0
13184,0
27322,1
3333,1
23358,1
17007,1
1014,0
12840,0
1828,0
18564,0
1430,0
13058,0
16096,0
21062,0
11555,1
9712,0
18345,0
4597,1
28727,1
9940,0
20099,0
7574,0
25050,0
29062,0
7086,1
22120,1
7137,0
11996,1
14780,1
2459,0
16862,0
13211,0
22448,0
2146,0
1092,0
25431,0
19100,0
25103,1
6523,0
7891,0
13488,0
7868,0
29326,0
16670,0
11392,0
19573,1
25332,0
22328,0
16012,0
1636,0
13625,0
27242,0
14859,0
28366,0
20327,0
28983,0
17934,0
25010,0
20982,1
7485,1
7218,1
27978,0
13195,0
15815,0
5635,0
9614,1
18923,0
18659,0
6856,0
19576,0
23081,0
267,0
366,0
7800,0
29999,1
28425,0
26829,0
23929,0
4682,0
27424,0
94,0
29945,1
18759,0
25012,0
4536,1
8591,0
10887,0
25088,0
20754,1
7445,0
9824,1
5614,0
15227,1
4035,0
7095,1
8258,0
4450,0
3615,0
2736,0
25132,0
1066,0
20911,0
3451,1
2537,1
403,1
27882,0
27866,0
9582,0
8411,1
23455,1
19939,0
11873,0
11955,1
1641,0
9778,0
18612,0
21264,0
20601,1
21254,0
25089,0
13885,1
3552,0
18662,0
18868,1
13583,0
1312,0
18253,1
6951,0
3202,1
7894,0
19126,0
17431,0
18209,0
1371,0
27032,0
8468,1
15547,0
1436,1
11106,1
27931,0
5065,1
13412,0
24102,0
957,0
14428,0
6365,0
17709,0
28057,0
24248,0
628,0
28830,0
9270,0
6456,0
18970,0
3499,0
3032,0
8235,0
1218,0
11659,1
8424,0
26635,0
979,1
1033,1
18638,0
21040,1
20045,0
26513,0
17124,0
13155,0
26879,0
4848,0
26662,0
6641,1
23351,1
27872,0
15636,0
16702,0
26741,1
2124,0
7312,0
24881,0
8475,0
27227,0
24976,0
24211,0
18400,0
10049,0
20717,0
20463,0
20973,0
1725,0
28300,0
2638,0
14791,0
21555,0
7381,0
12953,0
3475,0
14180,1
2579,0
1089,0
1797,0
17462,1
18252,0
4977,0
8574,1
10928,0
19631,0
19661,1
1672,0
7229,1
5302,0
2937,0
6477,0
19629,0
18275,0
15380,0
24066,0
20455,0
13656,1
13812,0
1457,0
5007,0
15401,0
14395,0
5062,0
2791,1
27213,0
19638,1
4603,0
11622,1
9018,0
9298,0
22918,0
19215,0
4181,0
11094,0
9562,0
18395,1
26467,1
7835,0
10570,0
18384,1
29686,1
20904,1
14226,1
23902,0
21470,0
19011,0
13273,0
4342,0
28191,0
7498,0
22950,0
25294,0
25105,0
9017,0
7897,1
971,1
21617,0
26005,1
28278,0
23664,1
18179,0
2439,0
22169,1
13090,0
17516,0
7227,0
2085,0
29830,0
4234,0
25902,0
8464,0
10465,0
10165,1
20207,1
19672,0
23180,0
23622,1
26291,0
24818,1
2059,0
25667,0
20810,0
2184,0
28296,0
9432,0
16565,0
25245,0
29433,0
28488,0
10532,0
15131,0
9266,0
22246,0
23864,1
4830,0
14522,1
25692,1
15813,0
4080,0
4162,1
3595,1
15659,0
20399,1
28843,0
9040,0
24432,1
24389,0
23507,1
14817,0
14518,0
5670,1
15178,0
8433,0
7664,0
8933,1
22599,0
13438,0
21182,1
17207,0
25650,0
7145,1
20978,1
3495,0
19542,0
14378,0
9291,0
17129,0
2048,0
21939,1
7261,0
22552,1
1661,0
19522,1
15868,1
15753,0
12986,0
13618,0
12131,0
2599,0
10240,0
4355,0
28210,0
15188,0
17296,0
10916,0
11063,1
3083,0
25131,0
8730,0
188,1
18084,0
29968,0
19788,0
22315,0
9835,0
27358,0
21536,1
10473,0
26012,0
4655,0
6634,0
400,0
4834,0
17702,0
23720,0
19024,1
9324,1
26280,0
29564,0
13141,0
4064,1
20940,0
13996,0
5052,0
19152,0
12236,1
8079,0
29556,0
7700,0
9914,0
21662,0
29199,0
17125,0
21882,0
10429,0
21409,0
4192,1
20086,0
29425,0
1394,0
23070,0
12101,0
22222,0
22348,0
24627,1
12965,0
4777,0
20018,0
13096,0
7182,0
27498,0
12235,1
16091,0
4872,0
7444,1
21293,1
6500,0
10423,0
25933,0
8241,0
28629,0
16186,0
26083,0
13598,1
4370,0
27989,0
17562,1
9598,0
11079,1
9834,0
11584,0
28986,0
16118,0
7724,0
11956,0
2070,0
26683,0
29750,0
9815,0
20204,0
17052,1
24386,0
5244,0
10100,1
21073,0
5150,1
11577,1
15616,1
1907,0
20376,0
14720,0
14671,0
22650,0
13112,0
19782,0
1192,0
28477,1
20124,0
7931,1
26646,1
30000,1
6011,0
16327,1
12612,0
15230,0
24017,0
3384,1
12218,0
8128,0
23421,1
24124,0
21819,1
21045,0
4303,0
12665,0
13866,0
8340,0
7296,0
18883,0
10060,0
3332,0
5888,0
17761,0
28776,1
16181,0
19458,0
41,0
22093,0
6934,0
21283,0
392,1
2732,1
11096,1
11109,0
28221,1
7654,0
29915,0
8239,1
4906,0
26394,0
10090,0
1644,0
6653,0
14483,0
15441,0
16083,0
8977,0
9170,0
23659,0
6992,0
14963,0
11001,0
11599,0
8181,1
8064,0
10363,0
5397,0
27642,0
17568,0
29783,0
18776,0
25166,0
2302,1
23632,0
1282,0
27117,0
15769,1
16253,0
19705,0
5790,0
6100,0
4756,0
14323,0
24085,0
23320,0
1777,0
11100,0
12307,0
27688,1
17249,1
7792,0
8307,0
2919,1
16411,0
25325,0
15948,1
12405,0
8818,1
4396,0
6090,0
14131,0
15926,0
29880,0
3441,0
20605,0
22998,0
24684,0
11515,0
28236,1
1793,0
7996,0
21631,0
19170,0
8310,0
16668,1
2173,0
4117,1
22230,0
13309,0
27760,1
26592,0
16984,0
27898,0
25328,0
29280,0
18406,0
12300,0
12680,0
1174,0
20326,0
6689,0
28030,0
19293,0
5810,0
23207,0
1820,0
8480,0
17429,0
7864,0
3829,0
8632,0
8936,0
6922,0
6937,0
20311,0
2398,0
29406,0
5661,0
23972,0
26204,0
29180,1
25534,0
12389,1
18717,0
5385,0
29518,0
23029,0
10041,0
5976,0
12656,1
25258,1
25995,0
16763,1
20121,1
21691,0
25782,0
9261,0
15916,0
14240,0
2635,1
544,0
29388,0
28231,0
15757,0
15629,0
29498,1
20656,0
21358,0
16269,0
23069,0
10844,0
17706,0
10113,0
1744,0
15280,1
4631,1
24855,0
10257,0
14046,0
12127,0
19180,0
4426,1
21472,0
15248,0
5981,0
5532,0
29005,0
28919,0
24901,1
20046,1
3016,1
23575,0
22593,0
2213,0
27318,0
7151,0
13685,0
22387,1
16993,1
14953,0
28628,0
22077,0
17592,0
2265,0
19851,0
21086,0
28908,0
18029,0
21738,0
7389,0
27278,0
24725,0
7106,0
24331,1
26923,0
6812,0
29936,1
11219,0
23295,0
26355,0
4930,0
18518,0
23162,0
3031,0
24547,0
25123,0
10974,0
27431,1
1242,0
5408,0
13201,0
6273,0
11665,0
3846,0
2970,0
16112,0
19741,0
12396,0
13358,0
1877,0
29465,1
25159,1
19980,0
15367,0
17080,0
19734,0
27753,0
18892,0
14827,0
22149,0
4375,1
11490,0
24495,0
29543,0
23364,0
7043,0
463,0
4386,0
24071,0
3998,0
15503,0
23730,0
10503,1
461,0
16088,1
10075,0
25449,0
26791,0
9719,1
2058,0
18843,0
27175,0
26432,0
24037,0
27685,0
27819,0
11872,0
20919,0
13619,0
10287,0
11113,0
17346,0
4568,0
27534,1
11460,0
19077,0
475,0
19407,0
20975,0
17660,0
29948,0
11350,0
20173,0
29961,0
22775,0
16166,0
13101,0
19709,0
13529,0
10927,0
182,0
27901,0
8814,0
7809,0
21622,0
22475,0
18494,0
10415,0
5858,0
7967,0
16948,0
3127,0
22591,1
11235,1
4223,0
4436,0
28627,0
2478,0
6081,0
26017,0
16884,0
6515,1
21344,0
28114,0
1060,1
21625,0
28891,0
11888,0
6819,0
26294,0
27821,0
9358,0
10408,0
20291,0
20058,0
17057,0
19877,0
25827,0
17514,0
25695,0
1232,0
13960,0
26626,0
11090,1
4492,0
24663,0
28644,0
2721,0
19456,0
18180,0
4831,0
25786,0
7173,0
472,0
17284,0
9414,1
29523,0
21675,0
21122,0
19533,1
5482,0
26933,1
17312,1
13879,1
2973,0
38,0
18752,0
8674,0
8738,0
25604,0
7586,0
2094,0
23950,1
16382,1
9970,0
27346,1
16061,0
17119,0
25582,0
18447,0
5585,0
19228,0
2244,1
9755,0
12133,0
10404,0
11595,0
7830,1
7223,0
22163,0
23889,0
26307,0
2000,0
925,0
21586,0
21129,0
16564,0
12188,0
4828,0
3407,0
10829,0
6741,0
22885,1
21139,0
7987,0
23818,1
17495,0
3002,0
16189,1
21034,1
21568,0
26517,0
25438,0
28318,0
21713,0
13278,0
25424,0
23983,0
25619,0
16387,1
28818,0
9457,0
25533,0
18417,0
7678,0
16874,0
5555,0
22131,0
24647,1
2799,0
6881,0
5848,0
12550,0
24563,0
11852,0
7258,1
5982,0
20182,0
18938,0
17195,0
16203,0
18355,0
20788,0
8252,0
15543,1
20241,0
3688,1
29318,0
25122,1
27315,1
870,0
11382,1
12560,0
8363,1
20927,0
14677,0
24011,0
1466,0
27675,0
22105,0
15110,0
2063,0
6265,0
23209,0
23341,0
7887,0
13749,0
21404,0
8092,0
29682,1
5485,0
13587,0
10319,0
17022,0
4045,0
27828,0
18640,1
17141,1
3792,1
175,0
28328,0
6747,0
1785,0
27127,0
19194,0
24448,0
1065,1
5859,0
4028,0
11180,1
22429,0
11352,0
29000,0
8736,0
12637,0
19662,0
21671,0
9932,0
10323,0
15568,0
26714,0
27230,0
12423,0
27070,0
18015,0
1182,0
16546,0
12462,0
14444,0
5057,1
13094,0
14654,0
24581,1
13870,0
26104,0
377,0
22656,0
17214,1
4678,0
21791,0
106,0
23491,1
20409,1
24872,0
11813,0
14668,0
5474,0
12913,1
7674,0
22505,1
8090,1
16226,1
466,1
17226,0
25865,0
1960,0
4474,0
18330,1
2424,0
16079,1
16844,0
25983,0
16514,0
25524,0
29780,0
177,0
28198,0
13106,1
11916,0
28726,0
12804,1
4870,0
10767,0
5411,0
13520,0
21859,0
27575,0
18060,0
20558,0
29980,0
9785,0
5592,0
14016,0
22415,1
256,0
15467,0
5879,0
25270,0
25034,1
16820,0
19481,0
2742,0
10393,1
18124,0
11992,0
17797,0
6929,0
25578,0
23335,1
19583,0
2671,0
3440,0
16438,0
11432,1
20033,0
11588,0
1173,0
27430,0
13381,1
29748,1
27423,0
20543,1
22074,0
2503,0
8725,0
6820,0
6445,0
21986,1
413,0
20396,0
15377,0
25602,0
17432,1
10278,0
26115,0
17048,0
18063,1
26729,1
23577,0
26326,0
15723,0
27077,0
10211,0
27399,0
14589,0
1680,0
15183,0
8755,0
21751,0
29295,0
5514,0
5857,0
7462,0
25298,0
6678,0
29983,1
24849,0
20762,1
16526,0
4111,0
21761,1
21011,0
1941,0
21099,0
19129,0
14545,1
8543,1
2779,1
17658,0
9015,0
651,0
26362,0
7331,0
28274,0
3482,1
27017,0
2692,0
14699,0
23236,1
18503,0
23422,0
630,0
1440,0
19226,0
24481,0
23706,0
9851,0
5794,0
22913,0
21133,0
15996,0
7944,0
21551,0
12097,0
22692,0
11640,1
10088,0
28689,0
19669,0
23847,0
18954,0
12032,0
10159,0
22462,1
10296,0
13069,0
533,1
28178,0
12700,0
21109,1
10654,0
11802,0
22987,0
6491,0
24013,1
12563,1
11006,1
9360,0
16121,0
28692,0
4634,0
22156,0
9427,0
2308,0
824,0
25522,0
4851,0
16919,0
11552,0
23432,1
17428,0
7346,0
8370,0
4691,1
18357,0
7541,0
29934,0
23887,0
63,1
4635,0
16888,0
21867,0
25011,0
12645,1
22212,0
29260,0
13390,0
14457,0
3586,0
3541,1
17783,0
25151,0
20763,0
5945,0
6340,0
29886,1
19042,0
17117,0
4193,1
3523,0
24068,0
19861,0
28816,1
9720,0
12165,0
4694,1
17704,0
4751,1
13281,0
5844,0
26269,0
17793,0
12447,0
28135,0
23947,0
16835,1
9891,0
21563,0
2015,0
29791,0
14564,1
13120,0
23855,0
17408,0
1534,0
14270,0
27596,1
11778,0
6190,0
23867,0
29305,0
24745,0
17958,0
6647,0
21616,0
22966,0
5456,1
5733,0
21764,0
3175,0
16090,1
20985,0
28313,0
16503,1
22316,1
12830,1
14451,0
24170,0
16801,0
24278,0
25779,0
27018,0
24452,1
21291,0
8598,0
3355,0
16032,0
22746,0
18709,0
23598,0
23111,0
24396,0
16130,0
26603,0
427,1
28528,0
5599,0
17018,1
18976,0
16549,0
26222,0
19451,0
7544,0
10945,1
26117,0
19056,1
29864,0
8889,1
14368,1
26645,1
14201,0
8853,0
15902,0
16677,0
8793,0
11299,0
20023,0
3832,0
13256,0
27817,0
27076,0
27415,0
9309,0
29103,0
5091,0
3172,1
4002,1
26974,0
5491,0
2781,1
7341,0
18636,0
28834,0
27798,0
8216,1
3505,0
19410,0
484,0
9310,0
56,0
14734,1
21760,1
28082,1
1095,0
17670,0
7992,0
21875,0
24077,0
29540,0
7398,1
6866,0
19449,0
10975,0
18208,0
7330,1
18128,0
8666,0
20530,0
8137,0
26598,0
22359,0
23399,0
10226,0
25001,0
3627,0
14133,1
13710,0
12021,0
17324,1
4873,0
25943,0
9458,1
4600,0
2856,0
3424,1
12812,0
4151,0
4258,0
23355,0
28279,0
18985,0
27082,0
2889,0
8476,0
22399,0
24620,0
17026,1
902,0
4651,0
23380,0
18427,0
13032,0
24229,1
8969,0
19777,0
5088,0
9426,0
12172,1
29581,0
23458,0
11651,1
15628,0
26711,1
16610,0
16378,0
6424,0
17113,0
25434,0
12413,0
3443,1
756,0
12404,1
19658,0
3039,0
25167,0
8381,0
1047,1
8210,0
20704,1
3287,0
4281,0.120818828
14714,0.126329697
23633,0.113340716
16211,0.230519721
17992,0.198796389
20014,0.15041984
26065,0.134474489
27622,0.180063629
26151,0.768839849
27195,0.076395643
795,0.129114597
25271,0.029348096
24750,0.223377162
19692,0.123752322
4524,0.146701073
13180,0.078258222
19480,0.110396145
27574,0.098888654
786,0.165879202
6943,0.381599943
5211,0.375965487
5603,0.09302863
21467,0.303811932
28955,0.048630399
15919,0.100913007
24061,0.119901465
15162,0.135922912
3474,0.01490261
10850,0.103905788
19202,0.21228631
880,0.608787351
17319,0.726070357
20517,-0.00872945
26113,0.092296807
17663,0.095150251
22447,0.169563893
10973,0.178978952
7743,0.072333521
12422,0.156664318
13797,0.087221364
1870,0.655196256
20202,0.034750859
22488,0.06212046
2510,0.626500386
20897,0.168195962
34,0.041435555
14162,0.485154121
25841,0.040393438
1657,0.125640354
16297,0.248751603
24973,0.164373623
8202,0.1107703
345,0.069814654
4899,0.072292646
4676,0.074518105
16617,0.131439767
10076,0.225886075
11980,0.165088464
22841,0.146925238
6763,0.381544013
15175,0.255182305
12333,0.265402677
22481,0.06185303
2942,0.594804412
1226,0.199512121
14870,0.208599545
13838,0.111374653
14719,0.450819398
28806,0.018315289
19864,0.179255438
21223,0.116933637
23850,0.368679213
22486,0.215430549
8404,0.039422068
6577,0.179108325
24220,0.314722759
19030,0.678113505
17975,0.510844172
8320,0.170598442
15454,0.109209755
15528,0.076780466
26229,0.105056164
17411,0.184252349
12045,0.09697062
5022,0.103808919
21972,0.290794629
9379,0.052155779
769,0.200151534
23552,0.145966344
19317,0.229287773
13441,0.723323921
21386,0.169062574
26146,0.128760757
3858,0.181877993
29071,0.138967609
12284,0.154449341
29144,0.147568123
19073,0.062966632
631,0.240364937
6538,0.113633419
12777,0.069649691
26660,0.292845264
1794,0.133905038
12760,0.145853261
26457,0.177383593
14527,0.117862567
10435,0.192464822
9023,0.278522327
5380,0.18313731
29111,0.092355191
15116,0.175906196
13533,0.079935326
13684,0.027248459
13125,0.139915096
14217,0.332197605
13502,0.207980652
21394,0.262859694
4239,0.276768013
15891,0.738302383
9420,0.627384465
5993,0.325699614
24368,0.08307303
26581,0.15209088
9288,0.400562686
27149,0.067202534
1337,0.607684181
4985,0.040190557
28888,0.125091348
6418,0.161321639
18949,0.250053379
20836,0.077125459
29573,0.115729244
27391,0.056254079
5985,0.116199687
24327,0.224677099
19954,0.155951458
24805,0.035636428
20123,0.073301614
14890,0.063530674
26006,0.236891074
24602,0.571992521
18359,0.450101628
20828,0.043692521
19810,0.478785084
21323,0.080923939
29661,0.154121956
6449,0.221091802
6533,0.169031297
13556,0.036415731
28126,0.415188554
3418,0.038705069
8571,0.155853258
19385,6.12E-04
18297,0.420910025
6361,0.115773496
4337,0.703188932
25635,0.116545054
5742,0.041810392
20807,0.099754339
25378,0.228443933
28952,0.253557612
29067,0.224749713
18669,0.130118172
24687,0.062385425
19778,0.101041052
16404,0.305257794
19831,0.185124787
24051,0.055546149
7938,0.136605543
28680,0.090973257
2925,0.136225553
6286,0.489198945
12289,0.324927998
24232,0.099057847
10963,0.196941932
3218,0.060592773
14067,0.38669919
28203,0.153030674
27324,0.221883728
6042,0.102595721
9600,0.433113966
16020,0.138962661
11539,0.283850812
6980,0.089229441
16474,0.28250936
21887,0.083895322
5728,0.065689614
29050,0.316639855
2255,0.122094482
2135,0.658907467
3335,0.20799288
9949,0.105039623
15390,0.053364114
29472,0.064981819
19025,0.078424305
26627,0.171400364
18606,0.12582296
16109,0.258678103
7142,0.122518303
16143,0.09984676
24537,0.08214005
17483,0.624923145
22201,0.152395687
15687,0.067139997
12096,0.097226786
22506,0.180049875
17726,0.083866735
22495,0.627498259
4103,0.202103655
13041,0.278035841
19214,0.072024166
20958,0.370544844
8896,0.335464065
23672,0.068592917
2901,0.18400662
18232,0.17187695
10669,0.170702543
18683,0.128932975
6742,0.227323817
29865,0.034454419
10806,0.087555691
24357,0.097403333
21309,0.2043737
8839,0.219029175
10395,0.283404872
29675,0.13424649
11354,0.052533111
19044,0.135712119
6744,0.182151305
19381,0.048456238
5917,0.113704451
11809,0.267013212
12292,0.120901058
19609,-4.05E-04
17242,0.144622058
767,0.086087526
19196,0.115905523
24628,0.701800094
7101,0.117621767
22761,0.028798037
28642,0.498333737
6035,0.212660464
26629,0.152691287
506,0.288227325
20319,0.578497741
26053,0.165163037
1684,0.243628181
10509,0.102467979
7069,0.703116619
25634,0.767914926
29696,0.206241907
11998,0.344693697
26757,0.054044519
29539,0.740339947
2800,0.061711743
28572,0.089834649
12833,0.112561763
26268,0.070271008
29172,0.137194694
7399,0.174171174
22248,0.176699089
17628,0.190270425
9624,0.102109182
22601,0.084384541
15353,0.333499758
14357,0.189872379
15732,0.154286825
5510,0.107581845
16940,0.07428857
3687,0.641259966
28237,0.030254696
514,0.604482719
16913,0.297991858
14885,0.274449625
18953,0.082669029
12566,0.135477783
29667,0.073313348
25113,0.132136159
14801,0.184380372
25951,0.090800087
13850,0.202063745
24117,0.046622258
26832,0.04778884
25734,0.088576732
7325,0.205196254
3522,0.016683139
25627,0.025044033
17234,0.159660455
1742,0.159776748
24258,0.527572368
11048,0.441855011
21267,0.7465189
24779,0.096406938
2329,0.205801551
7251,0.193528149
6330,0.096992839
23037,0.078265226
29346,0.510107065
29003,0.341119939
17093,0.188921723
23004,0.07254344
29969,0.171005125
1728,0.606432695
24392,0.147303062
17358,0.117326826
21118,0.133310182
10684,0.224584081
10154,0.225936236
942,0.187774028
2378,0.342444505
9869,0.634194222
24466,0.13511705
17348,0.087849559
22704,0.238235905
23275,0.11722097
7080,0.206365842
19636,0.138838049
9823,0.17902195
17868,0.126876555
22307,0.363021916
20467,0.082451532
25961,0.35998117
8265,0.034915063
29109,0.579552534
1237,0.580336477
618,0.111429636
28463,0.33166664
9388,0.194144085
26009,0.219339388
24877,0.76267118
8897,0.154551374
13721,0.193864917
28933,0.266779192
21913,0.098710347
15347,0.104707319
26158,0.07070201
13549,0.140343506
20127,0.194264963
9050,0.113622315
19311,0.261819174
2118,0.418533866
5569,0.135538269
14968,0.22087765
26123,0.066437017
1034,0.067540764
21685,0.086444233
15094,0.048164376
25654,0.265600892
10123,0.201854073
17790,0.440863817
24895,0.076952377
28498,0.036189172
525,0.037373893
14403,0.230964771
6150,0.149201442
2355,0.155072867
16243,0.138943926
5887,0.563798281
198,0.171848573
28673,0.260422853
11833,0.047885225
6789,0.299229035
912,0.091527728
22376,0.164782466
7116,0.156788933
13666,0.219394939
12374,0.042469527
16140,0.088533057
29399,0.28891306
25673,0.161719626
189,0.156375191
28306,0.350379083
5950,0.128255794
26175,0.152526055
6701,0.594932292
11431,0.270581752
2382,0.033095123
29299,0.18209955
5101,0.189305223
901,0.155643268
22497,0.139884442
27988,0.110638469
14647,0.759744481
130,0.471161746
8062,0.215457129
24150,0.143937237
9308,0.267317871
18921,0.160727932
28,0.057447321
20627,0.060268316
12293,0.065414835
2905,0.098787156
24114,0.28985345
23406,0.149998083
16786,0.492389834
8446,0.198665857
11617,0.659355497
10911,0.099171552
11573,0.196361615
18466,0.17464755
29060,0.19181563
562,0.157432877
18439,0.129302674
16980,0.321738383
7761,0.312583142
22130,0.035232107
1376,0.201806453
22971,0.080716891
26881,0.724731323
29687,0.030121075
20369,0.170363425
7760,0.412889155
13027,0.25628451
15986,0.308148482
6304,0.110857472
18545,0.083838319
5251,0.278183464
12348,0.171780666
10377,0.207683417
25977,0.185757743
28650,0.093937972
13669,0.14315881
22490,0.086414825
21147,0.26432184
21666,0.109112137
28500,0.055010777
5649,0.173935533
25371,0.045574609
1107,0.130045826
5121,0.07750114
13578,0.322607106
10893,0.109673254
25450,0.101397641
22322,0.068062816
10332,0.174931143
13463,0.163210001
11720,0.665308514
24548,0.054903037
19873,0.272101506
606,0.442390351
750,0.594572851
6156,0.325727833
5253,0.070171531
28390,0.049256659
27807,0.143222603
28324,0.755481275
6731,0.106159174
16045,0.289832263
4257,0.116596078
6240,0.057181288
10832,0.210686522
6823,0.123614278
15752,0.748330561
3557,0.074151254
18394,0.756685884
3147,0.165421762
28678,0.036730279
16548,0.048222614
14689,0.056102741
7836,0.344765534
8909,0.254001274
15945,0.117796344
19682,0.102372603
28930,0.065185086
9622,0.092494489
3484,0.21481972
26034,0.049303729
29322,0.115815388
12659,0.067991081
29082,0.407719571
7479,0.122659993
11698,0.154336033
5847,0.232347875
25036,0.277074693
14470,0.113955688
12722,0.192934406
25852,0.645432749
13398,0.211021271
11291,0.158191004
7981,0.144097977
22115,0.65790988
27595,0.168653863
881,0.073994539
19964,0.240791549
8691,0.20520555
9369,0.087295954
376,0.131507175
8027,0.185691961
9013,0.455918197
17501,0.400102073
1018,0.504123862
5551,0.145473077
20233,0.082640372
2491,0.15879605
10266,0.232689609
26492,0.120614981
19298,0.257752836
20288,0.20172763
4771,0.225136765
26461,0.143691689
10901,0.323139932
22712,0.071024088
9514,0.093475518
13162,0.067669858
28998,0.028688412
26534,0.256424612
4126,0.125335228
5734,0.055446053
6236,0.345936081
29463,0.043695508
11383,0.134679387
19362,0.13640557
19125,0.040786598
25421,0.622908267
11777,0.56720138
10639,0.074961588
1462,0.196073079
20692,0.105991974
22161,0.056865611
9066,0.11249615
28659,0.05167674
20336,0.665175919
11158,0.149696448
19222,0.01313709
18768,0.059901404
12872,0.112640222
27111,0.345408582
23944,0.462889441
11401,0.027937725
20538,0.038445617
8397,0.163001687
15693,0.256139972
21295,0.102006795
11195,0.202815202
5002,0.040884078
2368,0.118791893
13323,0.42555857
27274,0.222022271
7833,0.122952535
29486,0.100785545
9108,0.661390872
12977,0.246253959
9899,0.131804485
3078,0.15313321
3913,0.128383762
25403,0.130924039
8255,0.202415736
22394,0.142847444
1186,0.306318511
12035,0.212097595
3569,0.456320862
25531,0.780551144
4448,0.687379672
19128,0.024638628
27054,0.747183176
26742,0.503947007
14599,0.576467102
11774,0.150714302
29781,0.120088216
12674,0.715205585
14987,0.368140159
21477,0.087850906
19585,0.140533224
20979,0.141581235
21096,0.149599325
21384,0.087757463
4041,0.268985648
8327,0.060550517
21100,0.311168127
22800,0.148406679
23080,0.044493233
7388,0.130395939
9717,0.06777034
5956,0.192325266
29514,0.330639989
20337,0.203691851
13771,0.188256711
13393,0.146590422
18137,0.215230314
10110,0.108182249
16519,0.212018574
10773,0.398559808
26142,0.00840209
20774,0.058053037
23814,0.077527941
14683,0.381561184
3366,0.3540764
4594,0.333630102
28145,0.136554312
26509,0.142539337
3021,0.534323932
9908,0.148127782
11890,0.190681094
849,0.587658167
5548,0.099359776
17735,0.423152001
15985,0.102474899
15225,0.168587217
25451,0.107927363
960,0.217109131
8834,0.546756654
5782,0.101763261
6210,0.101987527
19881,0.074451075
13467,0.268330705
16451,0.250961269
6004,0.092840731
2504,0.227707565
12778,0.104678119
4569,0.171250216
2062,0.159583493
4165,0.21907971
22402,0.746130289
19858,0.137314979
7734,0.162377199
4999,0.133572823
23572,0.260251274
16891,0.063443389
16629,0.19992086
1603,0.102403156
1197,0.124868771
10847,0.296876069
1458,0.332664847
702,0.144291282
10080,0.059327954
9883,0.245605425
25126,0.439947377
8238,0.3751197
22909,0.186601118
21389,0.129058035
5868,0.496042934
3677,0.151890257
10756,0.18162349
12543,0.062465832
23482,0.404200145
28456,0.169739702
14588,0.572991862
15095,0.397332149
12129,0.179084057
27241,0.135502885
9980,0.736993329
21614,0.207611637
11979,0.030174494
23277,0.079945723
793,0.136115363
12268,0.106061735
21965,0.029581776
2475,0.213265196
8473,0.152847749
29421,0.189999051
11676,0.156796547
20716,0.103828493
17150,0.261372069
17999,0.263145383
18277,0.19792538
2754,0.241129397
20832,0.143122011
25754,0.178906298
1096,0.090318945
18783,0.193452114
13121,0.132893201
5372,0.563096096
21588,0.229095354
18274,0.168151672
11188,0.209325718
7243,0.31081848
3925,0.0538988
18816,0.168631131
25701,0.027651664
8807,0.177146655
25610,0.062309701
1884,0.092881978
27007,0.274031771
28883,0.097670789
9702,0.263821835
2943,0.122997054
8078,0.048729481
509,0.185722675
4319,0.048927452
28586,0.393804891
5688,0.040180806
11049,0.102876783
21999,0.046862252
5483,0.262514455
9000,0.195567587
28332,0.078833713
5750,0.174299422
14243,0.026681363
23978,0.131920136
1699,0.254823381
11949,0.09871382
18041,0.135175015
23842,0.080490194
7535,0.498304242
16686,0.313044839
26804,0.613468733
858,0.618419438
13970,0.070398359
25682,0.274173598
10235,0.202598816
3764,0.173482724
24665,0.449772585
16428,0.272616408
20759,0.144520449
1118,0.375801603
13518,0.030154526
3346,0.309306446
27740,0.141817206
9681,0.584429924
29289,0.11504858
17355,0.193328793
15476,0.503397702
19948,0.530219525
12622,0.113353217
9748,0.126182767
15803,0.597886139
23303,0.118961494
6752,0.200663706
25183,0.624939836
8138,0.127022451
15097,0.131507011
21053,0.825634123
19679,0.105695408
25020,0.164634951
23229,0.180443902
11003,0.07426429
5093,0.108955855
27275,0.180077997
9465,0.110897862
11359,0.179074061
17427,0.266609
4613,0.133301608
1108,0.246368143
26392,0.063806762
5233,0.323249219
9585,0.568561684
4508,0.47753444
29453,0.309447173
3975,0.036117403
29689,0.629472148
5118,0.163656761
9250,0.135295472
2676,0.350433048
12725,0.208761947
25963,0.030801332
23630,0.10872348
99,0.13817141
7843,0.368256317
2877,0.43050061
26559,0.117573752
2208,0.129842185
17564,0.181268861
20302,0.041821557
7854,0.112028942
14430,0.140268972
25788,0.140590586
19628,0.161698856
28517,0.215702909
4218,0.502097551
14950,0.233826042
16492,0.287168215
15373,0.025898543
3044,0.719529124
2191,0.09996832
993,0.134251129
20551,0.111740874
1105,0.387602463
10592,0.161438037
11418,0.367729048
9816,0.378153061
2088,0.097331901
21241,0.661204166
26789,0.087162678
17402,0.205726728
3486,0.509928431
3240,0.30555563
20335,0.045243531
19136,0.245713376
6735,0.071124045
5604,0.080552207
24678,0.363759247
22958,0.085329
1920,0.240383356
3863,0.141289589
328,0.637376095
1455,0.169159414
10018,0.327170938
137,0.03029298
19280,0.125615425
29115,0.242841617
1517,0.196861684
8259,0.072740937
2026,0.584350098
20277,0.182094467
6352,0.558766393
22403,0.268666633
4473,0.068561897
20715,0.147454136
24453,0.076937012
10597,0.162355765
20609,0.162843217
7306,0.22143532
20521,0.272502547
24735,0.06291972
17375,0.581310921
27909,0.076259694
4585,0.177921459
10825,0.152591996
7050,0.158793421
17908,0.302037729
20603,0.258748848
6380,0.599726818
8758,0.267485987
25766,0.218540396
28774,0.3286868
27662,0.135371483
4152,0.058262043
11596,0.162825458
29669,0.829201637
23493,0.109203394
12303,0.507057466
10224,0.144537773
3896,0.247971681
23318,0.269436639
1664,0.175706552
8427,0.276713077
15057,0.385743876
24702,0.067600834
2962,0.11704575
4549,0.061898738
11225,0.145309466
2977,0.159722258
29160,0.030930691
23784,0.177529501
1925,0.109563257
22612,0.088299216
20669,0.47434191
23328,0.069850184
22113,0.124486961
5724,0.656202622
3145,0.082318727
8965,0.143084998
8560,0.114499845
11742,0.258963439
13216,0.147663632
16554,0.278798325
7159,0.109940133
17079,0.282579008
10232,0.105892098
6446,0.157867271
9064,0.217858721
18265,0.066379251
14170,0.395712122
4401,0.174193755
6243,0.120250351
5138,0.132817784
983,0.058601727
16507,0.553846851
23700,0.258442253
11254,0.058254356
1351,0.311807218
13093,0.692526114
17264,0.094463872
12826,0.38673429
6551,0.411672787
9577,0.404615572
13136,0.234963386
27166,0.250405176
25240,0.13795246
19863,0.139000109
16357,0.134722334
4357,0.133836843
16081,0.044145246
15980,0.084686067
25092,0.068337228
9265,0.365823473
3603,0.036885203
16276,0.134209797
9573,0.161482451
8312,0.127083771
18331,0.117525337
3728,0.195756997
3436,0.35098471
27865,0.115705127
27463,0.059240317
1889,0.367242335
5471,0.074271878
19111,0.093293119
9192,0.552510859
1904,0.066673801
10271,0.588245968
16879,0.029588752
6080,0.029598115
10069,0.059256692
26064,0.025769119
10890,0.063587198
11124,0.115052091
19518,0.090812264
2492,0.212351063
7132,0.156281393
15495,0.191189147
25087,0.121175733
27040,0.271292897
17860,0.103768428
29831,0.33844702
27579,0.209008684
27635,0.161251278
4530,0.119750939
3497,0.093064106
17921,0.193741547
29771,0.798440278
29793,0.170412395
23960,0.294271162
23188,0.074511335
16453,0.04260707
16587,0.066079191
15994,0.093870018
20034,0.404155975
24727,0.195207486
12789,0.138974155
4563,0.06991605
16345,0.28681027
23396,0.161802537
28764,0.031546081
28686,0.137840419
12798,0.035253705
3835,0.478661088
7679,0.150138811
16563,0.151649593
17810,0.093284599
7788,0.188559111
22854,0.130377895
19107,0.173173573
10981,0.341425221
25289,0.078640122
2499,0.150618194
25556,0.404170982
27847,0.116774729
672,0.170106255
4785,0.139482456
23567,0.034622917
24577,0.039622705
3735,0.200139681
19379,0.101178654
12354,0.700056464
27412,0.090629622
11943,0.499457638
21090,0.06343361
10413,0.341027718
29859,0.270290188
27684,0.626231373
10014,0.306610903
26159,0.063261301
16098,0.543585041
9855,0.147035557
5597,0.057749219
14643,0.380709681
24403,-0.002818532
3775,0.04478578
86,0.06192075
10348,0.21840255
12838,0.095015887
12683,0.176872371
15185,0.818421876
18476,0.210914781
19446,0.136595465
3841,0.176014469
4995,0.02680712
906,0.258036519
20914,0.546523326
16655,0.288591132
16114,0.067170694
10163,0.546592319
6175,0.726361069
16645,0.30620524
14812,0.109344497
22075,0.036202625
22411,0.175601569
11192,0.245850629
18575,0.178909849
5971,0.13617604
27187,0.077001145
25959,0.077214862
18346,0.106531274
21626,0.080393302
22155,0.314145962
9621,0.085765919
1604,0.150425861
19104,0.402532189
1790,0.081171714
2289,0.323407907
25812,0.04217925
20197,0.090003537
29570,0.620704041
12479,0.227276949
20384,0.230233655
21775,0.558174595
10295,0.186178747
6337,0.097668134
13181,0.124891128
12179,0.051367874
20764,0.021821668
12625,0.033207185
3411,0.207923451
9346,0.029907815
14322,0.093719223
17059,0.257021213
10550,0.12287458
17045,0.28644984
11089,0.140129372
17105,0.096929539
24659,0.152610844
9544,0.122242908
16538,0.131314893
15177,0.113984775
499,0.249754899
22457,0.040661124
24746,0.321605339
24138,0.053479347
29693,0.110031375
19968,0.145588848
20011,0.173528213
26668,0.174377761
28739,0.146442239
27080,0.076329243
7042,0.14913116
9539,0.148474764
27987,0.016699034
5217,0.078415446
14438,0.115221952
3723,0.086273206
1331,0.156878737
22834,0.018707503
21921,0.082597024
27697,0.519927549
19551,0.123566636
26876,0.100141925
22220,0.037367672
26116,0.31198237
27473,0.103068149
28694,0.097870942
22058,0.046092394
28905,0.069884099
27371,0.075990108
9631,0.612054235
17494,0.083056092
21436,0.342551369
25214,0.119194363
4575,0.214475404
10361,0.61273091
29512,0.286609384
8212,0.032434648
134,0.09767489
20650,0.180528888
58,0.169953321
11014,0.123841345
25357,0.046423864
18344,0.15679058
11989,0.268211531
233,0.094985456
2547,0.056508422
1070,0.256504185
16852,0.208228406
23046,0.199878474
28297,0.080708949
12944,0.202420847
7852,0.218002054
13824,0.217991786
26169,0.405013698
25934,0.57994329
12834,0.145174883
8038,0.125860258
10522,0.70006339
5704,0.167504128
28995,0.02785195
17021,0.79536745
14128,0.144589931
1062,0.171253619
11881,0.11802861
28958,0.182784778
20796,0.18857961
29937,0.174083132
1075,0.158062861
23031,0.728146104
4680,0.546559345
15305,0.118490058
8194,0.108514133
29027,0.086959725
24172,0.092501736
7644,0.202708228
15082,0.137308799
24722,0.233090402
15221,0.212890048
11026,0.066965169
12668,0.074588313
20037,0.172388838
26057,0.088421889
12854,0.266811254
25736,0.130551501
29917,0.058853546
22233,0.070142274
28725,0.042182506
5405,0.415993044
14951,0.828110099
6778,0.329801646
2699,0.137488542
18480,0.310351661
20885,0.05968706
4243,0.286926432
27985,0.09901162
19603,0.162070526
15743,0.074515954
2251,0.109806786
28610,0.099485248
4461,0.081315918
19632,0.036940047
26198,0.086534582
22499,0.201641221
2719,0.161570244
10103,0.726327287
23708,0.195235163
24378,0.062483879
13403,0.037114886
13232,0.800240778
1997,0.098561343
9173,0.104146176
22084,0.122523149
1420,0.062577613
10449,0.121741247
7397,0.252788593
7752,0.410807919
4044,0.216091628
26997,0.801485976
27417,0.121613818
4365,0.155743256
5619,0.183485166
1051,0.611573063
6887,0.323060233
2229,0.15590498
27531,0.150811869
22598,0.185688381
23435,0.14916055
23650,0.532242665
9526,0.140940507
8482,0.126399524
19738,0.679393266
1897,0.122676163
13704,0.183938888
23024,0.80618111
6656,0.099833434
19320,0.115756539
14959,0.049472321
2645,0.32298859
17,0.419345856
4905,0.287094285
24888,0.195825651
26658,0.280651436
9806,0.135053017
2636,0.248090074
13414,0.133547676
17889,0.38211066
24422,0.116838102
29891,0.335838041
16340,0.849643948
3400,0.168826263
21376,0.158755998
16851,0.064579434
10505,0.14012628
27518,0.331858182
15036,0.216603243
27479,0.144447459
29685,0.086279816
4911,0.50354837
19213,0.770968497
508,0.122635885
3131,0.056765254
18598,0.086513648
6758,0.234731248
13425,0.291435041
9340,0.504073252
23043,0.042282068
855,0.13934519
26008,0.210075826
15912,0.097904307
10663,0.654307977
16524,0.20197397
12508,0.310076753
2855,0.670081706
4881,0.032962463
18218,0.187892424
778,0.250698887
6728,0.074037936
1629,0.631570515
19725,0.045943074
16413,0.176924418
17210,0.159538663
24002,0.132609665
17019,0.166816089
23415,0.371194281
