0,1,2,3,4,5
0.174075987,0.206057949,0.185377804,0.21749809,0.070857025,0.130887482
0.105562587,0.225335956,0.202412525,0.266167258,0.049805121,0.131422318
0.151560182,0.184390198,0.185382899,0.161447585,0.067909549,0.220781606
0.211285132,0.210620083,0.228921834,0.092828454,0.178004716,0.070451498
0.130841238,0.28916184,0.202976747,0.145083389,0.12599807,0.094442898
0.153932641,0.173802812,0.258529997,0.194184547,0.059882221,0.140597883
0.207019101,0.185350847,0.148114949,0.246725175,0.05333874,0.139817481
0.193286824,0.245639505,0.209606782,0.130806639,0.132437087,0.078726106
0.20855345,0.225598947,0.159112522,0.168290629,0.080894436,0.138144394
0.162916078,0.135296405,0.233333036,0.223362185,0.065173318,0.158363993
0.162905303,0.164283233,0.13270268,0.180598124,0.08648333,0.244413023
0.121027737,0.242817011,0.225696064,0.132153364,0.08783111,0.169815552
0.137065598,0.341899697,0.142999895,0.130486324,0.126729533,0.105706215
0.126613127,0.158019133,0.179727318,0.238741654,0.053814001,0.216029528
0.125473517,0.379694694,0.137132539,0.116034233,0.064558003,0.155371337
0.134498714,0.126966333,0.226964431,0.273476303,0.029339289,0.187531597
0.177336766,0.224863961,0.168931262,0.133951615,0.159387776,0.117082972
0.115230256,0.117678532,0.26776696,0.25151622,0.040014241,0.189624275
0.163483844,0.217862864,0.164034322,0.169480187,0.10245645,0.163779202
0.124178793,0.175138137,0.185398502,0.260961757,0.034414021,0.202314647
0.139686746,0.211023099,0.208931646,0.181385515,0.105335051,0.136459873
0.144825943,0.182493446,0.157017721,0.187376031,0.077537749,0.227468197
0.129451808,0.154096911,0.172605771,0.23163106,0.070781256,0.217690444
0.111591586,0.202332348,0.180872356,0.243661065,0.063710045,0.175079625
0.242733034,0.234962997,0.18347801,0.121849639,0.124515546,0.080944349
0.119330391,0.173925043,0.137200205,0.206121189,0.083190762,0.252868399
0.182339666,0.273757157,0.180749488,0.09651687,0.137058496,0.115654021
0.239300119,0.203469249,0.227067248,0.167576226,0.069641006,0.083052755
0.311008188,0.218951341,0.208099163,0.101998508,0.107174444,0.048221238
0.118401212,0.111374883,0.236843972,0.309040343,0.033154821,0.169318007
0.105401225,0.22056435,0.160192049,0.157597107,0.077033295,0.252647322
0.217243683,0.251284501,0.140961961,0.145963651,0.130251267,0.101591034
0.123793501,0.375683042,0.141738924,0.10955335,0.130341033,0.105736002
0.143551254,0.120695852,0.272192956,0.193369865,0.058680326,0.187531602
0.115481751,0.142590655,0.160719312,0.339936252,0.045092446,0.173935552
0.201469006,0.225684004,0.213962168,0.116515108,0.129398241,0.095724883
0.262140969,0.21602511,0.195249897,0.130585633,0.086343303,0.096934263
0.291775562,0.193270586,0.181414269,0.114821633,0.134488046,0.0753168
0.167841047,0.235046321,0.253503758,0.16132931,0.092821019,0.081536963
0.145588485,0.091090455,0.335410439,0.271797817,0.035132007,0.110890062
0.19269327,0.334904441,0.143020637,0.100944919,0.111894951,0.106478794
0.268472652,0.175961819,0.212705979,0.128880318,0.120030036,0.078727715
0.169194873,0.165882415,0.220264874,0.21656256,0.066099045,0.142743482
0.154308038,0.217885013,0.216577527,0.154716671,0.109014743,0.129155879
0.146426686,0.183418235,0.196602835,0.200537024,0.075452794,0.17810523
0.133085272,0.177946498,0.299011975,0.213931871,0.030563261,0.132201684
0.221634402,0.179857788,0.158990337,0.118081811,0.170517795,0.133982977
0.170155211,0.153933803,0.229599289,0.242414727,0.043686058,0.141453364
0.272811297,0.210996334,0.186235698,0.160476966,0.059797813,0.094629955
0.256725573,0.16123345,0.188457709,0.158837833,0.119501595,0.104223613
0.23566215,0.238631344,0.170120806,0.171676701,0.062037393,0.110597459
0.190945965,0.208562804,0.221073991,0.130984522,0.121633812,0.116262629
0.154823011,0.15594732,0.274608923,0.18597633,0.054091281,0.158326108
0.109474061,0.08977674,0.273081462,0.200479465,0.042554677,0.253597897
0.212267826,0.14802476,0.182123298,0.211872168,0.077212551,0.150606567
0.218809931,0.151728369,0.262745116,0.196439381,0.051374946,0.103020599
0.126583764,0.182501372,0.26399127,0.17900094,0.051576777,0.174601888
0.156285619,0.192927855,0.302035838,0.179680788,0.049029223,0.105353639
0.178346467,0.196827377,0.269047035,0.135467738,0.110796989,0.096369334
0.177307161,0.115774567,0.209048295,0.282863196,0.054451449,0.140988714
0.225079899,0.241146985,0.202450446,0.114695475,0.083142778,0.118344592
0.142722159,0.303142593,0.195305558,0.101119819,0.151416093,0.092596365
0.169613667,0.251858643,0.147330211,0.144504715,0.112092417,0.155293041
0.197689681,0.276927936,0.187247917,0.098746952,0.132903986,0.096413571
0.156465116,0.18307938,0.301707311,0.167185733,0.086939007,0.093308414
0.180702963,0.140331304,0.337756091,0.209538278,0.030924881,0.087728027
0.240019726,0.23553305,0.195712761,0.099696431,0.16707296,0.055351716
0.163893358,0.188414699,0.20039484,0.190537164,0.050982439,0.186546725
0.16662293,0.350291758,0.189114406,0.093512416,0.098068094,0.089070594
0.071454162,0.086065574,0.347635752,0.282128652,0.015998801,0.174952213
0.116985088,0.144229275,0.195830413,0.26792245,0.040196181,0.211689659
0.142665093,0.179312722,0.206133391,0.162607179,0.174675588,0.117233222
0.1917947,0.228258879,0.179481858,0.158405942,0.110050147,0.119453516
0.147762079,0.135018492,0.161954106,0.279774904,0.041214928,0.207083268
0.223178008,0.209085312,0.171616905,0.176961739,0.080330162,0.126617514
0.160186313,0.181985864,0.176006295,0.259920836,0.060888244,0.143970313
0.168021303,0.208887263,0.1461083,0.208730326,0.050020715,0.195110287
0.217538186,0.257438472,0.144377433,0.134182225,0.107630314,0.12372065
0.139758072,0.123981464,0.322967176,0.190757626,0.043381918,0.160006552
0.258184024,0.153354027,0.173793832,0.167461042,0.088190439,0.140409456
0.119808497,0.097106937,0.193546794,0.317393428,0.033435899,0.215022325
0.099855491,0.248502957,0.169290259,0.293073096,0.065191714,0.112116105
0.090394273,0.099680156,0.159713452,0.427601285,0.02172087,0.173633829
0.096169604,0.465644474,0.114312963,0.086359,0.056317343,0.158471308
0.142352124,0.16785745,0.252494276,0.258152939,0.032239914,0.12783175
0.100021786,0.112562816,0.185738213,0.284325156,0.049614328,0.23547127
0.251873419,0.208189639,0.212775459,0.130225732,0.11321496,0.073891216
0.121585027,0.186832344,0.257562216,0.198659667,0.075354611,0.136227792
0.23213782,0.223002249,0.15802335,0.15068377,0.086083146,0.134047251
0.191309846,0.284768116,0.158053161,0.105115133,0.140739386,0.108347551
0.249807068,0.166122299,0.202096471,0.192342882,0.075950379,0.101627004
0.137519442,0.204187706,0.200579429,0.213339221,0.077907558,0.143674701
0.152472415,0.185781382,0.178132658,0.270486359,0.075032492,0.122671059
0.227052957,0.208289231,0.212023135,0.13987822,0.117482658,0.088626974
0.091586221,0.175342651,0.178550462,0.229901023,0.063987658,0.227591594
0.201741739,0.216062431,0.187494928,0.16823136,0.099953319,0.113755238
0.107026248,0.236832788,0.155456045,0.288410693,0.052621797,0.141244761
0.168621696,0.208142361,0.143929064,0.236352151,0.048134645,0.171949976
0.148761804,0.157417304,0.157039486,0.289222536,0.056392014,0.169156398
0.221408335,0.234944023,0.211185092,0.134134202,0.108461713,0.079499282
0.132416296,0.18582988,0.13086507,0.187750552,0.067752103,0.260381082
0.092434402,0.08056935,0.329839258,0.264774643,0.024597686,0.185280155
0.157957277,0.117867027,0.181894698,0.35885307,0.033768668,0.134196205
0.165093053,0.237792166,0.285462908,0.142210629,0.055394377,0.098280819
0.171346199,0.238169255,0.161073376,0.230738574,0.066775675,0.117781027
0.127920117,0.256501432,0.167525386,0.158990186,0.135532573,0.134714412
0.205423471,0.194583331,0.253658132,0.111851588,0.118414394,0.105299139
0.107550324,0.170214455,0.178657763,0.230367875,0.080476627,0.206678108
0.154733936,0.15053298,0.210106264,0.181100979,0.067298899,0.2011409
0.126953029,0.220658839,0.143017849,0.110679968,0.295242106,0.092462494
0.157148093,0.248155507,0.282437788,0.148065262,0.067353931,0.08665468
0.177558838,0.210092159,0.150051876,0.118456397,0.142958489,0.180615498
0.188546942,0.279060497,0.180266351,0.091826642,0.139787402,0.110029942
0.220142863,0.171799846,0.259256374,0.160271443,0.051603949,0.121331501
0.200857953,0.281077662,0.135475944,0.146055423,0.131081941,0.094852568
0.121989579,0.148240473,0.219639665,0.276060399,0.028172704,0.179708956
0.126550545,0.142371471,0.157795941,0.199876749,0.063957579,0.271387563
0.172275533,0.140283701,0.28889536,0.21556878,0.069572715,0.100060201
0.125445188,0.173757146,0.257312157,0.190902493,0.112585294,0.123883166
0.232164077,0.195557232,0.233163689,0.116520132,0.145800892,0.068210454
0.232568431,0.205939205,0.189532334,0.140211399,0.123251421,0.095315273
0.193409234,0.183874057,0.303760574,0.140198862,0.065821402,0.102243369
0.149877217,0.180192051,0.165673792,0.273130576,0.065572647,0.152819617
0.28223737,0.20101789,0.18162632,0.095693983,0.186554745,0.046605471
0.159403851,0.216330043,0.226433782,0.214390854,0.047932676,0.119461967
0.122537886,0.335057391,0.184794921,0.167748878,0.058536632,0.114956546
0.116874954,0.406472219,0.150747795,0.090913674,0.099669251,0.123968573
0.122827542,0.256192828,0.200881048,0.178979391,0.096772089,0.130388029
0.144210086,0.237756161,0.316921713,0.146707341,0.080489652,0.066966666
0.181313389,0.145085927,0.255976148,0.213779895,0.050731546,0.132076298
0.193929834,0.227036809,0.204573724,0.108620584,0.199528463,0.058803985
0.188393664,0.274263652,0.13966885,0.109720498,0.187660837,0.089025926
0.101856105,0.181065703,0.214752313,0.204000585,0.08555625,0.188888822
0.20786177,0.319893058,0.147257096,0.101847688,0.148170463,0.066177893
0.144757523,0.229651008,0.186505231,0.153046724,0.089199167,0.178044278
0.129147881,0.16607972,0.13612346,0.273818542,0.082689721,0.190308667
0.137154976,0.294068563,0.121855428,0.143376037,0.137171605,0.153006523
0.1703995,0.150622266,0.211359147,0.227875878,0.040846308,0.178982844
0.213921255,0.20950872,0.218530242,0.111603429,0.085004218,0.143131069
0.157826715,0.21557531,0.247967246,0.141931471,0.133600865,0.091984674
0.157494814,0.27461332,0.147769921,0.147470634,0.101145405,0.153678788
0.160491986,0.298972118,0.176422826,0.14404574,0.097702678,0.110359257
0.183980567,0.206425156,0.233156503,0.145054677,0.106192863,0.113044576
0.14989517,0.193691454,0.180724253,0.208605634,0.050790656,0.191482127
0.080764963,0.553681955,0.140829857,0.066648677,0.088040137,0.063242402
0.12326946,0.127910504,0.267673866,0.211945208,0.050057941,0.195677469
0.16292648,0.200045299,0.288189104,0.185440443,0.062152141,0.092621303
0.194150486,0.171035388,0.253116525,0.173163134,0.063664664,0.124806235
0.134562964,0.276086846,0.150291303,0.195505698,0.082590125,0.14451592
0.214369358,0.235015608,0.160360961,0.173773804,0.116793806,0.087064204
0.234582406,0.201823282,0.221170005,0.125145964,0.094739205,0.109037108
0.184171516,0.146284602,0.269283253,0.250611789,0.042342095,0.094891298
0.124980756,0.374428859,0.135709844,0.146050354,0.106024838,0.103972669
0.094709992,0.117320198,0.189184989,0.299575963,0.040976217,0.230397937
0.122981846,0.422485767,0.154863759,0.128428955,0.073990584,0.085006615
0.094186674,0.164114826,0.172603661,0.263476524,0.03558933,0.234433968
0.268761159,0.209529215,0.246031231,0.079331646,0.104147697,0.0857694
0.083473931,0.150229053,0.152206167,0.40831507,0.032512353,0.15087805
0.217591641,0.180377641,0.268742768,0.106706275,0.122534137,0.092135008
0.100748997,0.180914289,0.126852835,0.236373478,0.068649114,0.258559733
0.124000495,0.221635505,0.175246793,0.22504879,0.059723624,0.167408688
0.100827751,0.08853087,0.255641971,0.328614432,0.044257034,0.16029832
0.120276095,0.172588092,0.252706208,0.223143866,0.047650975,0.162313706
0.135408016,0.278402848,0.190198661,0.148554384,0.11984523,0.112374891
0.083242842,0.209387499,0.16869416,0.258425572,0.062544741,0.199388795
0.116543345,0.222035668,0.10998976,0.260818718,0.073427314,0.195018403
0.244636464,0.150929617,0.250711054,0.170297789,0.071833647,0.09735804
0.088612384,0.174196537,0.153471484,0.311308414,0.043481853,0.207340792
0.124706029,0.258206612,0.149027675,0.15980327,0.129431065,0.15615855
0.186267955,0.188496227,0.276862457,0.184601556,0.068579178,0.085909738
0.126443381,0.131573603,0.229119362,0.246093047,0.048638282,0.198926848
0.190896024,0.21677796,0.218708803,0.184622259,0.049498708,0.125157959
0.079353486,0.141761073,0.232890795,0.268782091,0.022964837,0.22868785
0.145075895,0.306848999,0.164977392,0.218437054,0.054011924,0.09822431
0.146631456,0.164582021,0.233539341,0.16749379,0.039222592,0.218703486
0.084651062,0.190312119,0.160567773,0.273182679,0.064915441,0.202749007
0.199629347,0.22620233,0.257895211,0.140239661,0.071346475,0.095052551
0.112269777,0.190450106,0.119769884,0.202936968,0.173977266,0.18205707
0.183962089,0.164125618,0.276558407,0.201666037,0.061671411,0.10213135
0.152238582,0.254309523,0.157869836,0.159439818,0.087359123,0.166276937
0.158228566,0.177821704,0.201706702,0.259577972,0.065647561,0.122330068
0.085094648,0.091943357,0.275954064,0.346306234,0.020253555,0.159727407
0.145820652,0.172338652,0.192640411,0.22164495,0.056961355,0.188074138
0.146479193,0.150718712,0.218217236,0.176942904,0.062285701,0.220456373
0.190069583,0.196322249,0.176666999,0.18148342,0.066799519,0.170078811
0.139701205,0.188139081,0.125771395,0.230005449,0.06469821,0.2265815
0.240931262,0.244782811,0.159506898,0.147360791,0.118140656,0.080570985
0.123554548,0.137153299,0.297846586,0.210462933,0.037029458,0.175673492
0.160053142,0.196230437,0.267405325,0.208349544,0.066704818,0.089657617
0.152995987,0.236471742,0.206027645,0.185912341,0.08081957,0.126004281
0.090891479,0.181083597,0.220475346,0.223374054,0.055553679,0.205206884
0.085919554,0.138470402,0.230546301,0.327909097,0.020528605,0.174909637
0.159662997,0.200103935,0.133481672,0.165623687,0.177212878,0.142321036
0.163710671,0.17628403,0.258109223,0.226771058,0.063034121,0.094749571
0.126046922,0.303558977,0.144191977,0.140294171,0.161100633,0.109537513
0.185678924,0.147967107,0.268361576,0.172000704,0.037968079,0.1673959
0.148146463,0.21545361,0.160094387,0.137580781,0.20877078,0.119218903
0.18826693,0.193155405,0.26575755,0.159580915,0.084353397,0.094567285
0.158139089,0.207030233,0.215678546,0.190163064,0.050732999,0.161400323
0.086940228,0.089804685,0.36266408,0.25735788,0.024485659,0.159994198
0.175215884,0.166601507,0.214392791,0.176389525,0.088415274,0.160369281
0.105273458,0.167793,0.219307435,0.247693713,0.039330746,0.196903419
0.166318972,0.18654232,0.213923769,0.155799687,0.123934072,0.135240423
0.220305813,0.241532564,0.245469601,0.10818131,0.075166796,0.096532081
0.168083155,0.125391384,0.227533617,0.243751705,0.069149877,0.15162842
0.161809507,0.170996267,0.325183694,0.134226102,0.081613705,0.112233826
0.105834336,0.174871163,0.176686603,0.313670241,0.047460188,0.161967217
0.170574425,0.130000436,0.210982108,0.202028199,0.060286789,0.199682134
0.220570788,0.265202885,0.200483249,0.145476959,0.064186056,0.093412272
0.215614529,0.24433224,0.153980331,0.147201567,0.129647996,0.098535437
0.213027921,0.19035527,0.240707473,0.139980106,0.08918444,0.114223108
0.14176635,0.1907772,0.227683048,0.223310883,0.041304737,0.158694718
0.206804758,0.19615906,0.192327608,0.142392353,0.11026055,0.136449057
0.199952352,0.240870962,0.209891509,0.115272096,0.148446841,0.075674363
0.267477414,0.176894421,0.171277368,0.136273326,0.055662876,0.173040782
0.104950816,0.207541595,0.209254842,0.186960105,0.08157789,0.189047638
0.139811612,0.22136511,0.129023702,0.135561982,0.149819825,0.200609781
0.137111178,0.220579732,0.188623747,0.213591203,0.10040744,0.123926988
0.115687957,0.134291618,0.262713457,0.309419945,0.027062403,0.130577953
0.155528947,0.31723998,0.212224277,0.130320353,0.080028662,0.094162464
0.178817303,0.147304046,0.321130199,0.202026969,0.040421965,0.100207867
0.118120987,0.175220158,0.164059338,0.242304465,0.044804983,0.226503259
0.143346754,0.112568867,0.301886606,0.211532641,0.040070699,0.165725737
0.235634316,0.205698138,0.177207326,0.154530647,0.08688574,0.126702823
0.129239754,0.221318416,0.170895946,0.210979228,0.088506553,0.161888872
0.104108442,0.198348991,0.207709691,0.28331973,0.031406107,0.154249016
0.10380812,0.104079861,0.259470284,0.268008198,0.031660737,0.208901834
0.191298512,0.149965148,0.214215295,0.221989423,0.063500541,0.139125324
0.102588528,0.197849722,0.228588619,0.248036788,0.043993639,0.164663081
0.149845776,0.162240596,0.334458779,0.212000387,0.04009585,0.088379481
0.240422623,0.233283958,0.194022931,0.148617572,0.073500151,0.098146887
0.093545792,0.350314713,0.239716204,0.162333304,0.042717616,0.098262767
0.144179334,0.160075781,0.27178409,0.289319332,0.038429614,0.086804253
0.12423828,0.159080355,0.261614314,0.275022977,0.03464938,0.129152863
0.235679203,0.278774052,0.176937058,0.127245068,0.077139305,0.092634004
0.069630286,0.103049846,0.218396209,0.293147756,0.023134849,0.25848316
0.17157043,0.130722185,0.382265749,0.170101471,0.035056792,0.097134668
0.166526125,0.239358312,0.184795582,0.123862806,0.126462185,0.143294909
0.167235988,0.267284385,0.220415902,0.17619816,0.072154051,0.084312408
0.090526762,0.160273175,0.161329149,0.324552263,0.04487828,0.193056191
0.149793515,0.189303222,0.158796308,0.203466012,0.137549279,0.144572053
0.143713871,0.091390474,0.332239882,0.248702252,0.032629502,0.138136167
0.23936374,0.192714305,0.164896857,0.198665941,0.109801561,0.084536437
0.180900057,0.196167919,0.18298019,0.106972859,0.249224979,0.074802995
0.147413684,0.174724461,0.270208872,0.178451585,0.074320433,0.138427675
0.144491847,0.182023558,0.195179811,0.189720436,0.096090447,0.172403611
0.084148835,0.080127556,0.187551417,0.237040211,0.040588969,0.328514053
0.174040793,0.281192598,0.231690882,0.151170097,0.084465961,0.067361134
0.142820259,0.165898892,0.185729716,0.248318042,0.067668326,0.171391164
0.188514007,0.193995282,0.213941856,0.151557203,0.119122569,0.117797636
0.091060607,0.205904783,0.125945125,0.318625414,0.032298555,0.202740031
0.216292958,0.186829478,0.244475791,0.12657511,0.12941903,0.085674331
0.188931827,0.212337289,0.335439352,0.121274643,0.066163065,0.065806954
0.182108912,0.130604296,0.263463793,0.221823934,0.039368369,0.144218689
0.156583572,0.174407949,0.260063174,0.188315355,0.058628385,0.14307971
0.091838338,0.107304882,0.18558875,0.257281058,0.045996818,0.280015774
0.205742989,0.296871501,0.158178568,0.122532251,0.116538711,0.091207412
0.09385212,0.139912757,0.227577101,0.218747254,0.089824977,0.198833821
0.131604393,0.160849118,0.225581378,0.236821068,0.049575516,0.175738203
0.154595982,0.172107025,0.257727656,0.203866387,0.043526461,0.150616153
0.161088633,0.141563864,0.129444878,0.335907732,0.07120422,0.143188708
0.201221456,0.170011709,0.268629074,0.100000709,0.123769412,0.120886479
0.173978206,0.16494099,0.195153198,0.140738522,0.086608388,0.220438546
0.116659745,0.242624314,0.129230474,0.259902105,0.073753331,0.158518315
0.158619995,0.176046678,0.210406273,0.222958805,0.061532593,0.151973799
0.169351538,0.242110803,0.251091112,0.102160914,0.152172245,0.073248902
0.100909067,0.131220623,0.154624432,0.21464554,0.072823371,0.287994097
0.127242187,0.397122118,0.192260851,0.107388556,0.100680948,0.065895076
0.167419844,0.139310235,0.16716411,0.201863309,0.054779803,0.238675888
0.133877245,0.182988061,0.301237713,0.140129008,0.053355398,0.170232168
0.221961997,0.167261794,0.231412349,0.115514775,0.130271296,0.115530706
0.162395522,0.198747881,0.17139667,0.205903314,0.078466017,0.164839395
0.105450529,0.129200361,0.268899491,0.23237452,0.062055072,0.180945593
0.190734159,0.215181931,0.176956826,0.193229271,0.11079248,0.10189721
0.219020139,0.222252448,0.20224731,0.173887799,0.064455876,0.104894724
0.217858789,0.158866743,0.185551279,0.204993,0.064242329,0.148651293
0.178650858,0.305158335,0.129270864,0.104961121,0.15589585,0.113919536
0.162479815,0.225834191,0.231563716,0.133136646,0.122080068,0.109367288
0.190142882,0.179231653,0.220867293,0.130916583,0.128271742,0.135694975
0.106169686,0.167248091,0.278488472,0.249194594,0.037264076,0.14362292
0.106258509,0.161628812,0.224333245,0.230644531,0.04404935,0.20652482
0.199939251,0.21053892,0.191880254,0.16969158,0.120332572,0.093662878
0.205807441,0.190419476,0.196752675,0.210308629,0.10108491,0.084375697
0.108836885,0.099823787,0.194422144,0.237930754,0.019760921,0.302865429
0.111713366,0.109244531,0.268947205,0.250001742,0.026089014,0.203575928
0.25569327,0.252049788,0.200286277,0.106303514,0.118820872,0.06028
0.222072055,0.204206588,0.203234813,0.153529502,0.059756395,0.140643001
0.167518736,0.202755215,0.192742706,0.119092444,0.173112189,0.126555876
0.219558465,0.237314316,0.24087778,0.086402687,0.125302247,0.076890492
0.130004086,0.138938893,0.164702489,0.253615839,0.064252185,0.223354485
0.151262663,0.222182095,0.312370088,0.168729361,0.031496174,0.102058787
0.172545677,0.293305771,0.177939958,0.123346887,0.087809514,0.128487718
0.127505811,0.108036727,0.188828254,0.241910627,0.070600531,0.235798596
0.267335488,0.151192092,0.254460538,0.156767597,0.0583511,0.099311182
0.2713371,0.205200661,0.141940006,0.143512747,0.128497843,0.09580191
0.118854549,0.438199845,0.16890374,0.106169735,0.090723856,0.068875146
0.182897582,0.244365478,0.188437005,0.124486691,0.120079728,0.125717339
0.161857348,0.151192358,0.2612912,0.23178332,0.023671509,0.145218258
0.12412348,0.207609524,0.161386071,0.21692097,0.054066877,0.208580336
0.149093991,0.125084279,0.203274094,0.211779137,0.044013804,0.231511056
0.125416774,0.209858578,0.138164324,0.217236846,0.096283868,0.189566934
0.130904949,0.198888063,0.202790997,0.248803533,0.068337238,0.134207864
0.09855582,0.121799655,0.127662423,0.262621982,0.045582789,0.305397382
0.1301131,0.168190738,0.141990868,0.234759212,0.059235797,0.237649233
0.19032615,0.268083935,0.144927982,0.143699091,0.128237849,0.110612745
0.102350878,0.100256061,0.265759126,0.301127718,0.022456865,0.18568264
0.188808015,0.233592767,0.21467927,0.144001365,0.055805869,0.146243111
0.143102539,0.195485498,0.160229891,0.18637913,0.056078611,0.230281256
0.20436678,0.153985206,0.174851536,0.127555941,0.079268771,0.225074889
0.086140276,0.141861303,0.175560666,0.303004767,0.041207039,0.22411067
0.092323765,0.157626388,0.19105559,0.215752456,0.056194388,0.24991493
0.161127425,0.160194346,0.358170063,0.170036157,0.042364897,0.095655545
0.156618972,0.165345286,0.293023332,0.153357076,0.094044554,0.118687888
0.118108484,0.160843537,0.13542647,0.315363825,0.043493061,0.200796231
0.131476299,0.160239107,0.244884483,0.238710944,0.027924388,0.173599152
0.090094932,0.165338871,0.268772074,0.229803102,0.035704364,0.188621835
0.230841239,0.17143253,0.168397648,0.165435155,0.152281589,0.098922362
0.200001223,0.228207777,0.186979495,0.113921049,0.183589974,0.078717695
0.176146344,0.172355242,0.226211216,0.224056151,0.063622077,0.121087575
0.152508919,0.155941115,0.203388151,0.226107481,0.082813022,0.159531135
0.150209471,0.233256546,0.179631845,0.182334896,0.083920011,0.150574783
0.114098866,0.116743361,0.222210072,0.260159325,0.039736259,0.218863967
0.148046022,0.126480836,0.19374626,0.293614442,0.041360743,0.178027261
0.112932357,0.121205054,0.299754925,0.234220498,0.043407941,0.164935994
0.136369782,0.136663931,0.233078707,0.25038746,0.037698393,0.179938959
0.174656615,0.192634568,0.306645324,0.178588214,0.064526835,0.074376471
0.212662019,0.202492178,0.242872422,0.139757502,0.075746366,0.111804282
0.11533636,0.204980458,0.223383131,0.172876768,0.125816349,0.139767652
0.139947418,0.426780568,0.168269582,0.094171669,0.075342404,0.084688484
0.112145535,0.10035896,0.28335309,0.265003895,0.031323364,0.179453436
0.094548211,0.190036905,0.220804276,0.261400363,0.069428723,0.145398142
0.217250755,0.168566199,0.224299253,0.171865906,0.070054,0.130875623
0.166795571,0.244217785,0.19331262,0.183399903,0.09369776,0.104994042
0.206033773,0.162737916,0.213087846,0.127270822,0.190702545,0.089819499
0.19597849,0.159819895,0.223099275,0.213522021,0.074496265,0.114110081
0.101140798,0.091869139,0.170057308,0.322997675,0.032883569,0.255051278
0.201234193,0.142209384,0.357650862,0.108637484,0.097700665,0.082315366
0.153448615,0.187791307,0.199027793,0.183047262,0.130470892,0.122897619
0.116854023,0.170864424,0.159889647,0.257917021,0.06086411,0.211189233
0.16748336,0.2802741,0.121994792,0.160359814,0.105949303,0.137849243
0.188749864,0.195994038,0.168098606,0.179167228,0.057499089,0.18574974
0.147357028,0.193922513,0.265546362,0.218032978,0.057055293,0.106478747
0.0958667,0.179018659,0.156720193,0.23119238,0.053479838,0.252595522
0.162639946,0.140379037,0.300345572,0.124223343,0.086829449,0.16345112
0.20324451,0.170971456,0.209417308,0.189221548,0.079218067,0.134844753
0.201603154,0.253059684,0.141917464,0.161100422,0.094357824,0.135081203
0.20723674,0.172360864,0.265001194,0.154560858,0.118125761,0.075509855
0.178405618,0.185796414,0.161408586,0.114866311,0.165879253,0.167997511
0.160403775,0.28492693,0.154367143,0.110619121,0.125111851,0.146507462
0.190877466,0.295214327,0.155956648,0.160879513,0.103084007,0.084156666
0.16550185,0.262984475,0.145032189,0.148214305,0.075184248,0.182390349
0.189789579,0.252118478,0.225375738,0.157785574,0.068077647,0.092566978
0.128562894,0.11450271,0.26612203,0.293665024,0.039996315,0.13277041
0.236323959,0.184876335,0.19488291,0.138417058,0.135214299,0.097926545
0.110178129,0.145408106,0.183406741,0.269198258,0.081658047,0.19001687
0.148739899,0.249517218,0.148684935,0.134961916,0.152198106,0.146313327
0.196454235,0.334969792,0.155051698,0.105628647,0.137194409,0.063310734
0.212184817,0.182648109,0.242790922,0.167183122,0.085692842,0.093282799
0.300751569,0.129464766,0.265799075,0.12551447,0.064129089,0.100799675
0.19407953,0.146735061,0.213841475,0.19941299,0.034607196,0.186214083
0.103776927,0.167395254,0.231352896,0.271853866,0.034078166,0.168551232
0.11059113,0.225259689,0.160465642,0.221443185,0.038235663,0.216267628
0.195516657,0.175820308,0.2147606,0.186698867,0.051508865,0.160937033
0.112956391,0.268175529,0.125660497,0.159739771,0.050295134,0.24830437
0.195592232,0.226936927,0.191366598,0.108079254,0.097208143,0.16086716
0.129358468,0.18570218,0.215537002,0.234238629,0.062513315,0.152023897
0.096902703,0.098541599,0.184571797,0.348707982,0.020012206,0.231990777
0.157394172,0.154176594,0.183637247,0.210926642,0.073646801,0.193601981
0.221612033,0.250412479,0.221398995,0.136970297,0.062802516,0.094452443
0.124141938,0.134621608,0.205986319,0.203965592,0.077975645,0.223169884
0.243793204,0.223849753,0.202973813,0.137833674,0.091169434,0.088445623
0.205220253,0.16033378,0.260355227,0.228530646,0.055039258,0.081273824
0.233172158,0.210049333,0.223652339,0.133340514,0.09568198,0.095016999
0.152034681,0.247985688,0.176002347,0.242277213,0.069013074,0.09800499
0.145019405,0.382298054,0.135442856,0.112834206,0.092777429,0.116147029
0.129151118,0.202128303,0.144136507,0.196831845,0.055244455,0.240209692
0.133582522,0.233484428,0.211699352,0.132850816,0.090012728,0.176152
0.116837373,0.094372277,0.197841606,0.362780311,0.018823406,0.18370602
0.15436104,0.266869264,0.208077318,0.119827029,0.082800428,0.152777999
0.113972039,0.13362331,0.194893831,0.327098504,0.040527114,0.169813586
0.127988334,0.167183809,0.172712161,0.15334545,0.103662299,0.248201618
0.169031621,0.208586136,0.305933274,0.176633761,0.050382358,0.079545579
0.214548034,0.239940081,0.221194416,0.154333814,0.085204177,0.075044189
0.121977586,0.324713481,0.114160933,0.16732359,0.075043923,0.177433569
0.202316208,0.224240172,0.254815291,0.126704357,0.112877864,0.069281411
0.126667955,0.347886314,0.119441243,0.133932501,0.104187221,0.147423844
0.28345913,0.176834887,0.239707073,0.091514711,0.124183751,0.075947756
0.114237962,0.262426905,0.171716992,0.183474251,0.104722413,0.144434008
0.115198418,0.163936433,0.271120392,0.253709975,0.066679525,0.116534729
0.12591034,0.174648023,0.322253969,0.199912672,0.037468973,0.123346986
0.15114899,0.157733062,0.202002007,0.228784647,0.045923764,0.188876028
0.07413092,0.122901129,0.172275962,0.342860902,0.027799908,0.22548315
0.162564859,0.291384005,0.140648583,0.101028727,0.19588462,0.095199221
0.304975171,0.149262211,0.289894095,0.103351566,0.059687608,0.083353211
0.10834807,0.286678831,0.190362573,0.133792242,0.103343291,0.161772792
0.226760352,0.184710873,0.176591942,0.148530576,0.176280595,0.077448589
0.129013587,0.159516071,0.159186158,0.200154176,0.071213004,0.253397806
0.16928816,0.218800516,0.234482191,0.194559181,0.05156201,0.113929525
0.196946451,0.200200164,0.201358997,0.157179573,0.129758051,0.102140748
0.134765825,0.213759238,0.286739734,0.18779242,0.039461655,0.125734062
0.210006843,0.230354186,0.243111219,0.117893297,0.123211706,0.066983704
0.235375577,0.180821022,0.269936943,0.143582307,0.063632055,0.096012593
0.092087965,0.196769715,0.191965992,0.234773882,0.054455123,0.202343546
0.113200093,0.175649247,0.153236363,0.231756315,0.063736707,0.234414331
0.134725288,0.124594816,0.215231129,0.264896762,0.054806977,0.176702253
0.154554177,0.276466037,0.148519053,0.134296432,0.145216635,0.129084303
0.164383011,0.227037826,0.18280413,0.106897539,0.162402314,0.142288607
0.161908599,0.345837813,0.122429251,0.109378638,0.136536576,0.110519564
0.186450204,0.188211522,0.26938822,0.103418692,0.142062087,0.097876261
0.144094712,0.14917656,0.243742899,0.187303498,0.09407799,0.160959516
0.206593296,0.183545539,0.22069697,0.155580568,0.090400739,0.121833117
0.22201703,0.234141539,0.173216144,0.18608566,0.056216112,0.112778029
0.18846089,0.159520581,0.294748503,0.156921627,0.068650025,0.116289691
0.154414276,0.244177756,0.17704408,0.147023783,0.080446971,0.172537996
0.130078332,0.19528592,0.120288129,0.218245936,0.056649586,0.249167842
0.118572374,0.151035293,0.151511532,0.213088711,0.071175103,0.265184685
0.112579534,0.167138536,0.171258037,0.192379498,0.048528798,0.268940758
0.188666998,0.24652038,0.18351543,0.172244261,0.088818203,0.107422308
0.134713561,0.123354209,0.346341079,0.234812187,0.032794061,0.112953638
0.108128198,0.174143368,0.274687554,0.202600437,0.037992708,0.180262125
0.117307324,0.198350944,0.263911183,0.151945841,0.075338962,0.172516678
0.141257752,0.327873005,0.14778325,0.156770705,0.094033784,0.117892314
0.175430045,0.115762478,0.291411576,0.169429307,0.056828478,0.166679084
0.106231157,0.229677115,0.174350093,0.290360602,0.032962854,0.146499147
0.157478623,0.188050286,0.144832625,0.205198051,0.122559066,0.162425583
0.130098795,0.146649438,0.186580757,0.244366683,0.048582657,0.216616984
0.164023856,0.159445684,0.282408139,0.202941975,0.061287523,0.116845644
0.145861116,0.183348095,0.161390437,0.117708082,0.197101487,0.177916828
0.255389897,0.236880117,0.196402511,0.11948377,0.097144053,0.085582444
0.124468175,0.079901601,0.35808305,0.173495462,0.027813295,0.212609818
0.141832566,0.195994304,0.215615028,0.175289399,0.12184995,0.134731932
0.12388996,0.185351421,0.177613733,0.175995849,0.086655029,0.224665745
0.137980108,0.127900974,0.197236856,0.239296725,0.042588269,0.225225738
0.156497567,0.134598608,0.242194748,0.229838127,0.065356086,0.150875889
0.155784218,0.233707376,0.19104712,0.113504407,0.191389337,0.101304428
0.254771647,0.212794946,0.156872897,0.105860236,0.155158604,0.102176156
0.109440662,0.109177315,0.333012872,0.24420182,0.034514103,0.150659512
0.121137287,0.117625241,0.174540454,0.27395265,0.033431782,0.250345878
0.176473127,0.172847141,0.271034896,0.155215017,0.091429969,0.118467968
0.237089013,0.181739923,0.212013915,0.162246948,0.07814705,0.116980066
0.121859292,0.174098316,0.226537245,0.26395986,0.037417637,0.158849305
0.084146754,0.109188881,0.260352464,0.276579539,0.024704681,0.221094828
0.147622271,0.171483064,0.205531537,0.197747383,0.064671261,0.185177144
0.17033384,0.324311471,0.129996026,0.107719228,0.135426904,0.117905605
0.131149972,0.144264977,0.277105496,0.221224033,0.023049627,0.182252877
0.203606065,0.19136836,0.209830805,0.156304829,0.064245034,0.151543915
0.177473969,0.115374339,0.187137204,0.306747827,0.035965639,0.159852024
0.177567469,0.225837711,0.196654194,0.165822513,0.091332735,0.127276026
0.217138358,0.226397557,0.146791678,0.104249204,0.182653347,0.11061632
0.200693641,0.251941898,0.171820933,0.109529305,0.142687495,0.108319206
0.134354861,0.14561847,0.177298954,0.276233026,0.021750241,0.220145403
0.129290282,0.138591221,0.148179828,0.218640146,0.054541825,0.281428846
0.056637701,0.100930643,0.180001194,0.25375922,0.030309074,0.343445601
0.130274845,0.171179011,0.273139632,0.187314435,0.045013556,0.173057171
0.149770193,0.215474556,0.202733259,0.164531531,0.090410974,0.153871446
0.256324103,0.23142064,0.198154524,0.120406077,0.068738395,0.109842657
0.162039019,0.230920385,0.196148942,0.133820839,0.188350534,0.075658239
0.160588138,0.191596769,0.246189367,0.203167444,0.058705222,0.124545803
0.217176183,0.208232597,0.175927009,0.133969337,0.092787581,0.152580377
0.116418897,0.456615098,0.1554277,0.086652443,0.064694614,0.110496604
0.205659264,0.261408163,0.146181513,0.149889441,0.089781944,0.129625751
0.127326906,0.334409019,0.178991358,0.171610763,0.076727267,0.097942876
0.144291358,0.184776578,0.232953398,0.169716404,0.105338506,0.147092509
0.190818848,0.180433359,0.200209459,0.109206206,0.249216062,0.063331695
0.114613361,0.142047078,0.193315878,0.262028322,0.025535713,0.237133467
0.141562428,0.12530374,0.229499862,0.250043471,0.043169852,0.191438842
0.129470349,0.224708318,0.171445818,0.234116439,0.039517003,0.178913898
0.186080607,0.185988395,0.29785385,0.146575213,0.056628927,0.11264937
0.125761614,0.182619346,0.153548936,0.207967878,0.035064916,0.259675998
0.170149491,0.218611661,0.287999735,0.185079498,0.060126038,0.068133457
0.196407916,0.189145734,0.203912686,0.15884659,0.098875294,0.139759065
0.157652412,0.181734327,0.186629009,0.178351344,0.087839003,0.185180858
0.199352718,0.199937405,0.175120917,0.186261767,0.107864913,0.113565741
0.223184353,0.217685898,0.166729701,0.119111176,0.180439983,0.08386454
0.056203234,0.114534787,0.20521633,0.268625837,0.015321054,0.300952698
0.133562455,0.227491986,0.242058483,0.160918229,0.086674005,0.131726862
0.189720025,0.11207813,0.216117801,0.274983065,0.032258384,0.159241467
0.124866021,0.130715776,0.263379315,0.233012115,0.031500604,0.196232363
0.149276713,0.159509162,0.211472612,0.260375961,0.048334605,0.153129558
0.129196011,0.178624695,0.263629715,0.22530964,0.037427452,0.144991936
0.133630163,0.17252504,0.218347508,0.256655199,0.055916391,0.14729671
0.14242155,0.133089887,0.212001061,0.256434663,0.038214197,0.189754937
0.103858104,0.077510725,0.27051289,0.309967814,0.025206327,0.188183009
0.18775383,0.156896654,0.16441471,0.19361868,0.110235851,0.166747114
0.167148508,0.260171405,0.238139155,0.138006065,0.088896594,0.095895315
0.128417275,0.096867252,0.328950546,0.273300872,0.02531524,0.13238382
0.177429355,0.293004508,0.176115586,0.115120064,0.112222121,0.113640517
0.175193079,0.261450171,0.185978208,0.154182634,0.125378958,0.087027295
0.145222174,0.199770727,0.23442998,0.127084875,0.098003681,0.169845025
0.11253504,0.119778336,0.248323398,0.271741781,0.04831149,0.174541185
0.250121665,0.174490358,0.267447751,0.154364059,0.053192916,0.08977687
0.160782002,0.309568628,0.167054415,0.162422695,0.088872762,0.100877412
0.187920683,0.221132718,0.1820968,0.112423216,0.152972539,0.126600041
0.114969625,0.392151734,0.170405425,0.101140812,0.084001608,0.123715431
0.1290121,0.209511981,0.250180715,0.224971214,0.040167551,0.128276114
0.195852957,0.159949081,0.2692806,0.207547502,0.045977149,0.108391527
0.114105365,0.169926556,0.189801501,0.218952787,0.061661866,0.22175998
0.104340472,0.2864755,0.186934052,0.145521048,0.147998141,0.116393082
0.171804635,0.290724738,0.120740814,0.168968184,0.082832042,0.144581377
0.160061521,0.161893257,0.182530206,0.221295513,0.029493989,0.219907437
0.137515538,0.191006107,0.2213026,0.239114097,0.076944685,0.122637657
0.173659811,0.242935389,0.192499826,0.193806878,0.07982318,0.104810596
0.166827916,0.196599763,0.258136178,0.214066286,0.033535329,0.116201738
0.17324937,0.148592335,0.25530293,0.17866393,0.049167902,0.171808024
0.197525671,0.156525812,0.20664495,0.183447497,0.061663189,0.17379182
0.156767533,0.223951003,0.127829871,0.154439922,0.153239459,0.166595871
0.14974075,0.166807645,0.244138867,0.229170639,0.075655984,0.118528742
0.172779536,0.289852053,0.134768441,0.132028641,0.112722425,0.138668898
0.230129817,0.202781235,0.217797601,0.141007859,0.1310248,0.068986364
0.119629131,0.195441694,0.157416079,0.164779491,0.081433686,0.253425363
0.149840158,0.224982036,0.190144774,0.164421461,0.100444005,0.153354731
0.185666786,0.165007407,0.34036633,0.128184572,0.103372945,0.070313503
0.126603995,0.16624911,0.169260843,0.223613516,0.040813474,0.238623028
0.095285945,0.206445704,0.196491598,0.234298626,0.047285539,0.198151194
0.159696147,0.176754219,0.231886572,0.215684257,0.050433639,0.142222646
0.088437699,0.231927501,0.121195071,0.195017083,0.074548216,0.25923533
0.161708394,0.156190864,0.253458458,0.175318975,0.056645286,0.173011815
0.103884956,0.230419326,0.135220726,0.228441812,0.042742557,0.230241669
0.192170551,0.231372603,0.280627269,0.1161264,0.077666687,0.087768586
0.153584482,0.189695527,0.215685575,0.169160415,0.13576523,0.123394751
0.234492386,0.215936696,0.198482618,0.132678161,0.106299165,0.10033534
0.162334074,0.180491059,0.208284725,0.188852034,0.052660703,0.181668834
0.203679414,0.22292649,0.235455805,0.085036156,0.189705396,0.056599263
0.118876403,0.119765129,0.276863779,0.251261416,0.036701716,0.177065084
0.200736537,0.161715121,0.292580188,0.200405006,0.064721789,0.069995423
0.093695567,0.105478456,0.141992447,0.399655778,0.025991747,0.201281976
0.108362532,0.131417103,0.13737151,0.243871877,0.048171614,0.295188509
0.14609179,0.145236038,0.301216419,0.179223784,0.048432178,0.159141443
0.114651575,0.138584054,0.178227421,0.31077746,0.049115562,0.185877211
0.215978784,0.210929857,0.186022637,0.139506717,0.120759924,0.112121309
0.164281175,0.21360618,0.256575685,0.127518828,0.060853861,0.159935598
0.12620164,0.317314353,0.181842331,0.111696238,0.136778528,0.112320289
0.187891735,0.266202699,0.193599682,0.10550425,0.158328742,0.077067542
0.160658944,0.229677652,0.198819208,0.167389858,0.094037159,0.135334945
0.112224538,0.483102977,0.159329812,0.072407014,0.097482939,0.068805845
0.18240592,0.275645708,0.165915,0.095258136,0.121560204,0.142360417
0.135337749,0.144424045,0.192187553,0.229424906,0.065299158,0.206404995
0.140014268,0.097513227,0.184079793,0.222898259,0.036717958,0.289798369
0.163849118,0.123116261,0.297496216,0.218073764,0.055460971,0.128279437
0.185161061,0.160941606,0.189196043,0.251342767,0.054291779,0.143362792
0.083408581,0.16473358,0.204682973,0.315049669,0.033258213,0.178840097
0.194917262,0.247533588,0.182957503,0.131884561,0.12231171,0.106709228
0.111329928,0.126731187,0.264507243,0.256499594,0.055675049,0.163114401
0.201691767,0.225288306,0.268227799,0.156961039,0.054529895,0.086166635
0.228108843,0.212103886,0.181433129,0.137917228,0.086882301,0.137151563
0.147289332,0.165883084,0.201690104,0.228178811,0.059960641,0.174498866
0.214369688,0.161705216,0.254765863,0.153153076,0.07199288,0.126450893
0.123457454,0.103233858,0.291545834,0.259458229,0.02323567,0.179444999
0.192862188,0.124608978,0.228932968,0.200521223,0.082766596,0.152800407
0.118120777,0.149865985,0.148792403,0.294299905,0.086898112,0.174101697
0.112043099,0.284841921,0.122147581,0.20134606,0.102588421,0.160845371
0.216741196,0.201091516,0.202146036,0.180605089,0.096942713,0.088722635
0.110242626,0.170364945,0.205137185,0.255910089,0.051561369,0.182176496
0.104947907,0.241897113,0.161237974,0.158852006,0.089253355,0.212584726
0.085767606,0.112569125,0.191192318,0.313433338,0.034624782,0.23245191
0.132620242,0.199388419,0.118084378,0.229922354,0.06304896,0.230742245
0.16831733,0.242897125,0.223149699,0.187457377,0.060976896,0.106388943
0.140165504,0.163793375,0.211277419,0.254669047,0.04260088,0.166257644
0.210995275,0.15980829,0.17654294,0.161142929,0.132256942,0.143607696
0.069864228,0.133890663,0.211639612,0.341146917,0.032372262,0.191596398
0.12035171,0.147773723,0.157168628,0.270495957,0.05543779,0.223835768
0.157710596,0.232621969,0.20446871,0.122010613,0.146554423,0.118401458
0.246080637,0.105836496,0.30618833,0.151290929,0.089102683,0.092079719
0.094235796,0.180523469,0.162309182,0.176313522,0.077023171,0.276514043
0.103848096,0.158501904,0.17283806,0.273903096,0.048495435,0.218836772
0.139653623,0.339929779,0.146020797,0.109385998,0.158504632,0.092187462
0.168961652,0.237107634,0.277740251,0.14109211,0.065080856,0.099482314
0.124701449,0.232606162,0.182430277,0.191642562,0.169599829,0.090651784
0.203773004,0.172649209,0.258744227,0.139251765,0.083584264,0.128139779
0.136449082,0.154953108,0.287290724,0.239968991,0.059476219,0.105945756
0.118171597,0.169162285,0.207384201,0.258521869,0.027687918,0.199429063
0.157644621,0.209442917,0.121102161,0.278752586,0.068902854,0.145698335
0.191533598,0.244378008,0.185097558,0.171182884,0.052634761,0.141275515
0.146531661,0.189640693,0.201458779,0.173220357,0.093687792,0.175877013
0.163349473,0.193219569,0.261736039,0.174762783,0.062966435,0.130330415
0.112563357,0.118971287,0.230710972,0.29171251,0.053330015,0.17031078
0.17059595,0.204572824,0.16366444,0.233866432,0.037926809,0.167867246
0.110675029,0.119031228,0.144378643,0.322498741,0.028025283,0.241623529
0.228654472,0.233131597,0.139382321,0.149782705,0.09673387,0.1365685
0.09933178,0.251798495,0.095112399,0.190725861,0.057118932,0.277044203
0.111710256,0.222666555,0.169231082,0.204101631,0.088491658,0.180009249
0.252987499,0.18330909,0.26570094,0.147957414,0.07061851,0.069878396
0.185912045,0.151617482,0.208886324,0.186190036,0.067892825,0.172574175
0.197909363,0.246145717,0.15979643,0.11757555,0.135638061,0.128375772
0.143613396,0.161327451,0.26791981,0.209572051,0.037675604,0.154385025
0.227949868,0.202654557,0.157344084,0.120225304,0.133580533,0.140999603
0.241429653,0.223781186,0.160073001,0.103006576,0.18230979,0.076505356
0.209007499,0.164906304,0.238264938,0.208923042,0.046431469,0.118480413
0.219171522,0.218204479,0.207762917,0.162229846,0.064395552,0.112577573
0.146495669,0.311104936,0.154524414,0.160215793,0.075725502,0.135558088
0.157098936,0.180985794,0.207045814,0.142339249,0.132723914,0.161288478
0.138042027,0.181807488,0.21797873,0.192937208,0.111627431,0.135342493
0.11317022,0.145945924,0.189008254,0.185273663,0.057678821,0.270221807
0.08321888,0.211583021,0.117565924,0.214867163,0.045034255,0.294936266
0.233065298,0.274388632,0.20437516,0.101433095,0.100075022,0.078696336
0.186035722,0.200082273,0.154190713,0.159527505,0.151256566,0.134700063
0.187390443,0.17209884,0.255327732,0.168453926,0.096153348,0.109666565
0.210915979,0.190203771,0.211579703,0.202961029,0.053898134,0.113903617
0.098145395,0.517163754,0.11828939,0.080450107,0.0833127,0.09170968
0.203641898,0.247219587,0.264010385,0.120375705,0.059551704,0.095287309
0.172689606,0.287155153,0.1477961,0.121125395,0.152474266,0.105516039
0.217872929,0.183261262,0.169492987,0.14791429,0.13780834,0.127279313
0.288933684,0.185203802,0.223312125,0.134160331,0.079664142,0.078316631
0.146313186,0.179136682,0.152742296,0.217391569,0.054949768,0.223534832
0.176922536,0.351592703,0.148129378,0.147614959,0.079566524,0.085902636
0.212157805,0.263444841,0.15579152,0.122302872,0.078513529,0.152131968
0.144870772,0.258416609,0.207899538,0.17890629,0.115728432,0.084005325
0.304581003,0.19581227,0.193920885,0.145137257,0.078930355,0.0717301
0.189965621,0.146028151,0.188723739,0.169645238,0.059727365,0.221791265
0.239484316,0.291986446,0.139412167,0.123407859,0.107981486,0.087023465
0.107271768,0.175921654,0.186532013,0.248537556,0.044465101,0.218638685
0.144532909,0.228324706,0.297475362,0.172811041,0.040983236,0.101634782
0.120773353,0.167181936,0.240030928,0.148379983,0.079513597,0.214575055
0.234526531,0.206083982,0.221846701,0.107359033,0.114144693,0.104712587
0.243769487,0.159108629,0.320424346,0.133021871,0.043489964,0.089731432
0.140845594,0.087795679,0.342460622,0.264700125,0.029934217,0.117083205
0.209616689,0.293321826,0.132191421,0.10557465,0.149700345,0.098064099
0.151332391,0.227537255,0.166898989,0.144636374,0.103382184,0.181596775
0.222907161,0.195051274,0.184020195,0.182469089,0.053004437,0.144739734
0.112285406,0.171608018,0.183436417,0.289024353,0.061633821,0.156362496
0.175213468,0.321970435,0.147587816,0.128958742,0.096563113,0.116462902
0.132818196,0.171438328,0.166388841,0.186719615,0.049321942,0.259062894
0.225593282,0.236953931,0.177001766,0.127201109,0.13603687,0.086002261
0.133310234,0.121061164,0.191050286,0.288400267,0.044517755,0.196917817
0.1805123,0.210180181,0.210970593,0.138979333,0.14759461,0.102587254
0.100687508,0.193064421,0.22581765,0.135344193,0.178337885,0.149231289
0.139592036,0.183020812,0.179792642,0.189339131,0.08447268,0.19417709
0.199623898,0.177935617,0.259942067,0.138141801,0.102736869,0.108647204
0.219554718,0.247174178,0.145610145,0.13657712,0.10675553,0.131030654
0.098522464,0.187786831,0.210087304,0.233217667,0.068897895,0.178041815
0.108310759,0.245375603,0.158254351,0.200802716,0.050684594,0.213880386
0.227154296,0.170044203,0.171673671,0.163910585,0.083070595,0.159332462
0.138064293,0.179357678,0.165814837,0.22694112,0.065111235,0.200146454
0.182285546,0.210216797,0.187558821,0.205968473,0.093786202,0.10792655
0.168964747,0.235855889,0.202561383,0.139631973,0.126684876,0.114328596
0.116587541,0.158581963,0.201947214,0.214628986,0.0384457,0.244464867
0.126140468,0.210053392,0.204944108,0.249925677,0.03698,0.154272677
0.193957809,0.253378937,0.182747692,0.138366854,0.11583527,0.102630066
0.168275878,0.120450875,0.191622751,0.2843469,0.038185932,0.176923731
0.131813504,0.347559439,0.109106187,0.144882666,0.120483792,0.130308891
0.22270837,0.182954058,0.225488572,0.1247745,0.08596327,0.139960345
0.1035265,0.15219746,0.228230211,0.266199411,0.040101116,0.187535544
0.236593647,0.187737156,0.242474275,0.116850735,0.112835642,0.091101327
0.13181005,0.159936435,0.160729335,0.221027546,0.079060718,0.222382427
0.189983474,0.24054402,0.233116291,0.12109656,0.083731238,0.11614144
0.10720745,0.182101823,0.168038732,0.27225064,0.039236483,0.207427078
0.178866812,0.25833801,0.212835826,0.165659544,0.063019127,0.110763826
0.150839514,0.252183697,0.19370136,0.149363863,0.102396366,0.133509932
0.175459049,0.185112786,0.210145958,0.196572116,0.069048047,0.142662005
0.109392727,0.166279537,0.181810991,0.170575944,0.119107971,0.231662455
0.176788133,0.106786105,0.222006437,0.306261853,0.033151042,0.13901104
0.170672043,0.191351859,0.305902369,0.150324921,0.045142877,0.123344497
0.197929454,0.239428839,0.195338478,0.117458099,0.158790944,0.080234936
0.13583688,0.122412746,0.227825109,0.279727901,0.04983223,0.162834195
0.1735083,0.242816649,0.220161685,0.185222638,0.094285342,0.075880678
0.105074068,0.180131784,0.148499326,0.273105007,0.045503047,0.218645166
0.121563467,0.223887892,0.227529759,0.168039614,0.094705467,0.141146562
0.185881333,0.140647427,0.206829034,0.235359579,0.030645586,0.179922898
0.175307577,0.224007071,0.214095706,0.159470248,0.075535997,0.137917376
0.188282576,0.193683689,0.265524695,0.195695236,0.038590149,0.10676828
0.224045231,0.205710545,0.257829086,0.144981794,0.060462741,0.094733082
0.194165965,0.185475885,0.290421085,0.174399245,0.076766875,0.070022162
0.136025012,0.26042529,0.138643617,0.10372403,0.219276794,0.128944762
0.116569678,0.149783258,0.221375057,0.305858942,0.027710946,0.15921811
0.224745351,0.229111354,0.163478607,0.139855842,0.135539767,0.094477033
0.227706093,0.174102381,0.166582166,0.144809649,0.159348718,0.113525429
0.179264533,0.284290776,0.158812093,0.124518594,0.119173874,0.117115802
0.119781879,0.440431614,0.131362312,0.094034915,0.111915478,0.09229277
0.168984191,0.2122301,0.201950901,0.180956675,0.059557815,0.158666264
0.097709295,0.187581502,0.116919631,0.360920787,0.034532395,0.182498075
0.189864075,0.238326566,0.224494969,0.134988777,0.109868357,0.093800767
0.141493171,0.298518667,0.17537045,0.168559164,0.092854919,0.108422174
0.202674608,0.228288839,0.223790136,0.099904344,0.122229288,0.113134117
0.209304257,0.270086885,0.120803495,0.108088054,0.165937659,0.110732542
0.09761777,0.548567687,0.108584264,0.070339433,0.082319263,0.07838113
0.198998071,0.227901274,0.205259223,0.142265118,0.116468925,0.098296045
0.139406951,0.261364652,0.151912024,0.14820262,0.133329717,0.149526418
0.189597914,0.160368198,0.390023669,0.121054026,0.060803135,0.069741902
0.18430058,0.229316357,0.233305373,0.161901347,0.060162971,0.115745815
0.160166397,0.122674086,0.336972483,0.161992052,0.059021205,0.14211932
0.129507646,0.223225316,0.149123575,0.188197835,0.088349641,0.200054963
0.108444118,0.091589838,0.337135666,0.309113117,0.028465035,0.11372903
0.152422588,0.277618185,0.174521727,0.151438636,0.086078072,0.142607823
0.123917318,0.107077607,0.25075459,0.314533794,0.024522628,0.159617829
0.136158681,0.131782693,0.135247337,0.276802521,0.049497686,0.243989013
0.186777328,0.230730297,0.170088371,0.142785576,0.125407518,0.128052024
0.101466278,0.148116064,0.281709126,0.197808247,0.046149995,0.196222567
0.212560729,0.198200084,0.224204906,0.135943375,0.137205952,0.081125835
0.211242961,0.260720397,0.205112254,0.134473491,0.085680078,0.094360042
0.101514865,0.088279907,0.440069342,0.226903483,0.024615402,0.105745649
0.137516915,0.127213384,0.282732679,0.25854301,0.035293941,0.136797416
0.191005571,0.185524764,0.19213868,0.208260999,0.058444461,0.146654681
0.191902094,0.211951994,0.182629485,0.139804678,0.122096681,0.140080342
0.138505528,0.116631883,0.242304578,0.229569665,0.051989494,0.195769376
0.198932828,0.296119292,0.169622436,0.170179214,0.068039806,0.08589888
0.202072753,0.152581292,0.258357341,0.181125081,0.059415813,0.128920434
0.127115484,0.271462948,0.119625305,0.140092119,0.10445545,0.210704655
0.182893935,0.221698802,0.240904852,0.128594243,0.077152665,0.132111064
0.138147045,0.235665801,0.127367968,0.202054394,0.068153516,0.200399115
0.174884952,0.261613843,0.211668648,0.13168617,0.107711524,0.100780967
0.202241405,0.154689624,0.295319153,0.162757991,0.084405258,0.091710614
0.076558529,0.079562277,0.171303427,0.398537582,0.017796663,0.232288059
0.177618452,0.200563844,0.253631632,0.107551581,0.089991689,0.151894283
0.242635911,0.160833963,0.182125248,0.197248896,0.067001748,0.137293039
0.138271232,0.109095268,0.25869874,0.254062058,0.032944888,0.176512589
0.184579332,0.11087357,0.266444234,0.233929316,0.061695496,0.128101429
0.150347461,0.1371873,0.238292293,0.231152943,0.0453656,0.175091219
0.114528217,0.158328619,0.195090242,0.225528995,0.054843829,0.229903391
0.12897778,0.205127626,0.265935254,0.174210246,0.056426618,0.154268314
0.153248878,0.111115694,0.235042186,0.269591553,0.055182095,0.1533033
0.18796991,0.229267255,0.223873961,0.139864641,0.084114591,0.11760586
0.160843812,0.322519519,0.201320457,0.114674059,0.06775996,0.117452594
0.165029428,0.184208992,0.329259809,0.188310748,0.040007899,0.083714646
0.291394895,0.191690692,0.227218175,0.097744566,0.101786637,0.07747789
0.095357874,0.192028755,0.215223289,0.257475281,0.055762369,0.161152927
0.172467972,0.269750895,0.1920151,0.158728513,0.083128758,0.111882555
0.13613377,0.127181061,0.175117997,0.331646198,0.035970269,0.171809328
0.167003593,0.206478999,0.285366156,0.085019489,0.114830969,0.125603179
0.141266719,0.083771965,0.389947301,0.211837299,0.026604178,0.130997698
0.125867596,0.179446711,0.242119462,0.27042769,0.025938657,0.135076378
0.118520919,0.102565163,0.321427759,0.288413612,0.038027245,0.11370358
0.159273101,0.198222421,0.313917607,0.130067146,0.1178939,0.070195575
0.110463396,0.125059376,0.240197758,0.264678238,0.055045018,0.178550179
0.204742569,0.198564179,0.301456882,0.130437607,0.088823873,0.067687538
0.199438971,0.255933111,0.194702898,0.142872355,0.101879109,0.095947132
0.176939854,0.162354422,0.382497798,0.130034583,0.048352845,0.085993511
0.106956674,0.405627255,0.205407209,0.116395317,0.055131734,0.098698523
0.173898054,0.19084582,0.168699154,0.146355729,0.211918129,0.098478527
0.16746468,0.209629124,0.134681619,0.07865221,0.322820228,0.077658336
0.181008156,0.146178163,0.240145487,0.118145656,0.114418483,0.176844501
0.165439625,0.198159234,0.193424331,0.199781844,0.073269968,0.150911525
0.154345055,0.224908753,0.248200286,0.165816572,0.061296257,0.126650237
0.287452166,0.174731096,0.234919407,0.123986658,0.089996639,0.080192968
0.0940009,0.180840988,0.185348937,0.215939807,0.075576092,0.222144252
0.186971884,0.213179928,0.185381356,0.151230101,0.126802648,0.119663598
0.123324393,0.122177441,0.226507759,0.17944227,0.07714832,0.24308425
0.078487464,0.12719504,0.199990133,0.347554795,0.028559533,0.188035
0.107237944,0.092637391,0.357378038,0.249268632,0.032643435,0.143667103
0.112465597,0.242865713,0.158308738,0.206088292,0.080756532,0.175136358
0.20668408,0.209676966,0.168586949,0.122075962,0.154381898,0.120831708
0.218078111,0.219969535,0.183311127,0.129948106,0.091878464,0.142942856
0.138419989,0.165214394,0.245878872,0.238675888,0.041789143,0.150606237
0.166800224,0.123376884,0.185427285,0.328222128,0.045747226,0.134686213
0.108151336,0.096706075,0.2075498,0.352051894,0.055705276,0.162652133
0.106564997,0.128921814,0.254101422,0.280438146,0.03740149,0.168586523
0.122455466,0.178858448,0.142166821,0.357181347,0.025442202,0.156215699
0.136066688,0.22467868,0.188945865,0.231053474,0.038775712,0.156219233
0.109758738,0.082752372,0.364804588,0.232888908,0.047800893,0.142346057
0.127751955,0.156683692,0.371561516,0.167184461,0.05072111,0.109701313
0.212042613,0.256674677,0.141683872,0.17368001,0.102349617,0.10182436
0.202167209,0.227082443,0.201376281,0.137003313,0.097990004,0.119003611
0.217203678,0.189122937,0.241376692,0.137011881,0.100433962,0.105085376
0.114621659,0.192823144,0.134886873,0.274002331,0.048150052,0.205462924
0.298519225,0.194971099,0.222248356,0.103439251,0.102968525,0.069888254
0.124900333,0.203228295,0.166456177,0.242800744,0.04105582,0.195969639
0.123562353,0.108081045,0.160357123,0.294390497,0.054537587,0.229688507
0.21397389,0.297645196,0.178802509,0.116775647,0.114059691,0.069543102
0.103654252,0.140121054,0.209339412,0.313398057,0.019039339,0.194794556
0.117373097,0.405958101,0.205359164,0.101488635,0.058296211,0.09823661
0.316258243,0.182105545,0.232223903,0.119876731,0.074311371,0.066261515
0.14320376,0.153393965,0.22228961,0.248220859,0.042656654,0.168055434
0.092057874,0.131742752,0.238278322,0.260127661,0.031465976,0.225708106
0.194597,0.240424947,0.215261034,0.15045671,0.084269511,0.101235525
0.170992147,0.289571301,0.165381923,0.086476994,0.147557087,0.122788861
0.223000379,0.235463733,0.282727286,0.097884998,0.071459273,0.08129534
0.147071946,0.178057386,0.213568865,0.181101734,0.044529186,0.213687102
0.152694619,0.153559778,0.17905245,0.246639874,0.051079582,0.185804521
0.161300725,0.233292637,0.209869521,0.202859017,0.050547895,0.127536247
0.174465565,0.191777986,0.213309794,0.159060093,0.060991031,0.182251781
0.125494061,0.144108672,0.170786236,0.353197713,0.032290095,0.153394666
0.191081925,0.201143855,0.25631325,0.146446538,0.108404633,0.086888255
0.13089206,0.179223218,0.192551242,0.132007597,0.212117294,0.138285013
0.248532595,0.216048376,0.199563783,0.187721229,0.06794097,0.069773904
0.147506566,0.139043379,0.146775878,0.270905596,0.041347396,0.228844273
0.217176047,0.187962878,0.201743279,0.234163292,0.04938019,0.09567889
0.14887678,0.125369695,0.209577708,0.251301506,0.03689235,0.207132301
0.102596184,0.167254979,0.156776926,0.31529713,0.042738031,0.191731377
0.104306432,0.188505032,0.10173695,0.195405507,0.046311115,0.323948523
0.219010316,0.18853527,0.186259764,0.123061634,0.169704119,0.101515134
0.154031356,0.143353426,0.284858706,0.222135224,0.072439012,0.103318549
0.113309228,0.297584635,0.135683652,0.166954077,0.064221617,0.19874633
0.201461058,0.253819599,0.171405069,0.168932669,0.087524362,0.103693077
0.117585155,0.146458176,0.20482435,0.288002448,0.037693291,0.180730217
0.104573305,0.138751396,0.28164631,0.163495247,0.040903956,0.241786022
0.164760548,0.145372022,0.288601617,0.196073764,0.063724121,0.126784363
0.094306919,0.110722741,0.341078378,0.231737252,0.026248147,0.178344719
0.140949041,0.148448847,0.226531857,0.24532985,0.031463323,0.184597929
0.225236542,0.150257533,0.265433002,0.166571733,0.072675893,0.109177027
0.132711563,0.074823334,0.366032145,0.267460885,0.01793971,0.124223208
0.158936525,0.177455084,0.226681465,0.233883527,0.058287645,0.130325861
0.196335651,0.270898929,0.179089729,0.123567731,0.128623063,0.091671356
0.161665781,0.105142341,0.229541627,0.257644404,0.024093324,0.197047696
0.16696893,0.294276855,0.133906039,0.144947145,0.088819852,0.154781142
0.236614068,0.150340717,0.230902338,0.175169127,0.058223351,0.131403094
0.157381681,0.171800236,0.228497401,0.274406994,0.055411516,0.102002441
0.105246216,0.142740343,0.243106229,0.201842788,0.064869259,0.214729418
0.116131181,0.1154523,0.241445,0.329865835,0.029602919,0.142655818
0.170322482,0.170657644,0.278731237,0.138686878,0.048156492,0.171363929
0.136979594,0.156192598,0.174780526,0.308789141,0.046425041,0.153063831
0.182160105,0.208489769,0.174389488,0.177675983,0.122993252,0.119422956
0.142380602,0.21299784,0.15388707,0.253621443,0.045878079,0.171561809
0.14465775,0.105769843,0.244969581,0.214095032,0.052116669,0.218153193
0.115660784,0.191092145,0.131862119,0.24553354,0.078728668,0.2102169
0.253012314,0.245431463,0.198685383,0.094670661,0.134029797,0.065060964
0.100067007,0.239609322,0.174178341,0.267178917,0.062932708,0.142010622
0.27200498,0.268643139,0.128449561,0.149346194,0.09088808,0.081060744
0.175317529,0.265775244,0.170012699,0.120739918,0.120618568,0.131216343
0.255623861,0.216747932,0.251449099,0.140526969,0.072848267,0.056613338
0.202039591,0.182388351,0.172737365,0.1614848,0.154382352,0.113066013
0.145851021,0.10260696,0.297441645,0.223697288,0.028231772,0.183430638
0.145925445,0.168359184,0.241195803,0.219917312,0.05582267,0.149728016
0.119973057,0.148614372,0.211256103,0.337134022,0.034964946,0.134854028
0.141458815,0.207943876,0.122195113,0.20754695,0.089634683,0.207073816
0.215585863,0.206951695,0.240949027,0.135839366,0.092834915,0.096570832
0.136366891,0.224744473,0.159419547,0.138387953,0.127290696,0.185764357
0.125995793,0.165521778,0.341891147,0.203924831,0.051358321,0.100771458
0.237851625,0.176914734,0.247788769,0.142207144,0.106063782,0.076338227
0.17730717,0.221988275,0.169069422,0.129188346,0.146732242,0.138029772
0.13945499,0.210181455,0.249565084,0.209965375,0.060145265,0.120424314
0.103786662,0.169730408,0.25415369,0.230161534,0.03006174,0.192089718
0.135068311,0.166244986,0.205070909,0.188396517,0.075572475,0.208981048
0.109622034,0.271480991,0.151693201,0.197584748,0.061711049,0.182527097
0.076435,0.119360628,0.209017416,0.352231948,0.026996396,0.192531047
0.095894245,0.494999818,0.154516203,0.084736322,0.070099745,0.089300297
0.129504992,0.23632506,0.218664214,0.157637504,0.077511806,0.158493467
0.143620297,0.180359661,0.340616303,0.188269524,0.034832831,0.099037892
0.120611896,0.168284929,0.145127915,0.17625835,0.074377137,0.282631246
0.202186351,0.313348906,0.136110854,0.109325489,0.143638112,0.083291677
0.147983416,0.314318802,0.107396199,0.125200625,0.147649456,0.141155355
0.122002967,0.111780886,0.339218999,0.249482854,0.04273775,0.118980599
0.111044832,0.132832138,0.16475443,0.253012336,0.084483127,0.222135844
0.173629892,0.304803006,0.170505917,0.083012568,0.155839718,0.099709837
0.133060618,0.254669574,0.187525478,0.148846619,0.107488943,0.148626558
0.170128067,0.257896951,0.132437123,0.11422454,0.190528082,0.122446598
0.157243698,0.197880698,0.179887618,0.167731287,0.147869631,0.135836637
0.166204233,0.162335841,0.264312057,0.180719938,0.068675914,0.13908077
0.164705665,0.222850161,0.177721611,0.182616392,0.096293738,0.139199999
0.110097984,0.140478789,0.408303251,0.189338567,0.029142008,0.103401855
0.221801211,0.187210851,0.283858008,0.143930462,0.064416281,0.085904399
0.154873548,0.166462752,0.151715608,0.245618826,0.061709273,0.193814773
0.132169094,0.288211232,0.177744143,0.14796965,0.111579839,0.124087442
0.115720399,0.194749101,0.141667431,0.243921878,0.039058462,0.237591649
0.202077358,0.20510905,0.165323764,0.160891072,0.072309852,0.174837752
0.106546145,0.210152366,0.185065251,0.181680544,0.074881557,0.210711243
0.378250223,0.187971961,0.178005192,0.077349959,0.118971684,0.053419312
0.220235069,0.260145943,0.205240332,0.139684736,0.106875111,0.060998937
0.172373436,0.187712719,0.191069269,0.16948325,0.105879266,0.156316236
0.139266846,0.288670789,0.211310211,0.168580718,0.080098076,0.099865924
0.137162111,0.221537846,0.154709944,0.237478744,0.08176852,0.14699373
0.119843523,0.154017165,0.20242612,0.213732488,0.06864058,0.216027877
0.279895951,0.192174334,0.216907935,0.101649541,0.150101006,0.051035182
0.174543326,0.249900093,0.224739776,0.185738263,0.055168028,0.099846424
0.09365829,0.565510061,0.143889895,0.069508684,0.045763724,0.070774564
0.096381687,0.190847023,0.142848886,0.212429445,0.063819646,0.258706445
0.227539746,0.207998077,0.222182662,0.154501418,0.07835186,0.099382555
0.190241423,0.219919476,0.284266835,0.151614194,0.065680238,0.077445545
0.086705702,0.181024853,0.193256818,0.284350723,0.028361426,0.198392883
0.214462021,0.165082617,0.203690938,0.177756526,0.08686194,0.138217919
0.107973946,0.13907961,0.269127254,0.280196438,0.025293267,0.156788132
0.161533767,0.179588746,0.316251995,0.147562017,0.100140487,0.086428311
0.207660021,0.175912772,0.193428579,0.14610736,0.16816009,0.097367531
0.196826862,0.186852144,0.220123925,0.117859714,0.120357629,0.141376463
0.168869983,0.179174462,0.212549855,0.16988736,0.075510914,0.177337082
0.146400245,0.125612368,0.24662255,0.256864655,0.050785364,0.152441396
0.10886181,0.240030955,0.190325218,0.215964553,0.058663003,0.168710591
0.121797472,0.136365995,0.250472245,0.263863035,0.055232892,0.150711336
0.101816887,0.087526789,0.261038873,0.356441747,0.02558625,0.15202751
0.16837468,0.283375601,0.108032449,0.165194422,0.126765578,0.129850527
0.115720213,0.129713751,0.216863218,0.272616431,0.029957536,0.20996755
0.144210789,0.20924947,0.225764379,0.264202056,0.042120421,0.10167703
0.161715069,0.245559342,0.210499929,0.163727606,0.041898125,0.159918834
0.20378217,0.199911627,0.178877042,0.181740655,0.1200515,0.102456659
0.169281547,0.173870629,0.227786401,0.22693687,0.063662852,0.123452613
0.174434071,0.205364372,0.211419261,0.179444509,0.048416274,0.158988401
0.158784935,0.314545874,0.146067338,0.108516182,0.165423494,0.092376472
0.137704445,0.182805479,0.230722421,0.173223446,0.119370177,0.136501545
0.144913318,0.265483454,0.231836604,0.183240764,0.073725177,0.089517757
0.067924741,0.110831321,0.272790803,0.281485992,0.034092281,0.206745788
0.154918844,0.2448943,0.229387814,0.152289016,0.079360959,0.125192476
0.188742788,0.160531531,0.220543926,0.204570985,0.059957991,0.147305709
0.1910278,0.222063408,0.184614354,0.175225645,0.107079249,0.108488878
0.189293141,0.163957495,0.200664649,0.145033277,0.135615387,0.145852317
0.159991205,0.188260776,0.219307436,0.13346463,0.095837028,0.179041532
0.15488985,0.228552728,0.18358168,0.170728459,0.110833176,0.135930293
0.208624717,0.245628049,0.202860497,0.13047761,0.129618414,0.073042566
0.155515604,0.246207349,0.247401359,0.10714274,0.12503372,0.108791635
0.116045001,0.116505295,0.149543779,0.261700299,0.047052969,0.268665782
0.267849572,0.264585203,0.179617316,0.106475332,0.077815558,0.090753114
0.123250403,0.265040698,0.157482611,0.186215826,0.105752292,0.140078484
0.102720078,0.274206992,0.117450074,0.199861075,0.055891643,0.220602944
0.115125719,0.140219316,0.278378679,0.251622183,0.033462829,0.158495381
0.196370361,0.163327025,0.279840136,0.178667346,0.061125968,0.102957636
0.181283048,0.179799637,0.242984556,0.156891497,0.099115681,0.124050977
0.244035247,0.194119465,0.296045635,0.095420699,0.101825553,0.059916776
0.128625672,0.134852598,0.237887587,0.273794256,0.037986288,0.163461817
0.124791602,0.27474403,0.239655214,0.162325376,0.078540675,0.109094121
0.205568829,0.183882643,0.243789604,0.13757222,0.098947867,0.114825316
0.088478497,0.10153375,0.217872623,0.297079351,0.025263907,0.244991622
0.150450892,0.157067163,0.345353747,0.209873842,0.033588877,0.088886934
0.129364405,0.207869947,0.166627889,0.190129098,0.047703807,0.227632218
0.11262376,0.141948531,0.270480224,0.260083906,0.037100037,0.157817585
0.25056806,0.134285654,0.304796258,0.137183229,0.077624633,0.086272722
0.169859238,0.376213601,0.137687494,0.10985904,0.103899413,0.094993336
0.172526452,0.278161616,0.151082684,0.130166393,0.169502906,0.083618245
0.211002142,0.215500718,0.243184615,0.117956307,0.117457514,0.080952638
0.094148254,0.194561909,0.245971006,0.299182333,0.034020614,0.117020287
0.233340833,0.181162392,0.279636513,0.151818241,0.068377658,0.07502748
0.20051845,0.191535962,0.234004849,0.175407448,0.115713052,0.077005272
0.151396645,0.352381797,0.110219648,0.126289578,0.123313702,0.125838897
0.155893984,0.165286971,0.19033874,0.21448441,0.072226498,0.181296416
0.11001551,0.157000751,0.176457053,0.302548449,0.050992251,0.181582796
0.150232244,0.214907791,0.232016214,0.146217005,0.136206621,0.104730671
0.21846506,0.175993047,0.26669456,0.138674683,0.070294417,0.117913263
0.088650647,0.121438292,0.167243232,0.42556789,0.024933322,0.151726175
0.164112753,0.113929771,0.199507005,0.182954656,0.04895807,0.257314879
0.228880406,0.243603382,0.262166141,0.117466464,0.069818524,0.069091076
0.189171924,0.250490516,0.228114396,0.08760392,0.138250719,0.092365776
0.085804866,0.108349156,0.164081516,0.397404668,0.030076888,0.189505747
0.092328048,0.220350681,0.145771075,0.231105627,0.077330593,0.206945807
0.26679188,0.21563211,0.211122182,0.10263825,0.101760136,0.087259178
0.102186021,0.119002308,0.225554989,0.331051009,0.027040362,0.177989021
0.212864658,0.244751452,0.158111222,0.111205254,0.114139762,0.138547835
0.208068168,0.223792227,0.20334086,0.108727489,0.163712906,0.081506056
0.099975104,0.082581635,0.292972291,0.255543146,0.023341158,0.215710734
0.110223516,0.18053612,0.292245726,0.253149697,0.036157955,0.11502927
0.353992937,0.165060318,0.234091865,0.105363679,0.081096594,0.052198729
0.138464436,0.177825143,0.172407887,0.273116748,0.05288685,0.162571484
0.127170277,0.144052373,0.178774166,0.259360435,0.040039372,0.224357547
0.195866833,0.169135817,0.177059432,0.174961212,0.092843531,0.170159162
0.100723595,0.084933018,0.302956648,0.266617415,0.03318846,0.185061949
0.177127583,0.287622693,0.147198912,0.117432695,0.108631441,0.138379565
0.292318991,0.224969229,0.199060376,0.123916907,0.084381398,0.066836969
0.129617445,0.090789273,0.341054597,0.273508646,0.02122588,0.129345907
0.215623727,0.117189561,0.269437983,0.206540918,0.059871236,0.117554787
0.176361223,0.210565681,0.180733577,0.198387556,0.101564923,0.11875233
0.169800007,0.268127102,0.147388938,0.147098871,0.102726917,0.147094578
0.137478888,0.22441215,0.138437802,0.149303743,0.058837568,0.25704466
0.168697019,0.168895894,0.277928782,0.199127741,0.043284381,0.126030487
0.158130108,0.170192273,0.33515914,0.188500609,0.036561129,0.098529139
0.185187994,0.192859263,0.191080723,0.217444618,0.083969537,0.113035574
0.174136514,0.219308594,0.201471492,0.153881042,0.098103964,0.134471765
0.156825595,0.200485883,0.163103343,0.181356694,0.193584261,0.09419241
0.18859214,0.264828838,0.161286464,0.105510606,0.134915862,0.127824603
0.205944547,0.165929618,0.261991884,0.137244065,0.065872807,0.144006374
0.21794747,0.177280179,0.167025878,0.175722712,0.076559976,0.159961894
0.204309665,0.242337241,0.246688082,0.136665095,0.072384186,0.084966784
0.201611814,0.160387719,0.251297618,0.158468813,0.084412195,0.128706853
0.194944614,0.234336828,0.255402089,0.129610278,0.086002033,0.086820061
0.120981012,0.41331142,0.182570885,0.087966648,0.066107773,0.117886807
0.134032955,0.172085374,0.16785462,0.210505798,0.07503487,0.216047548
0.160210344,0.181058408,0.174435064,0.168666501,0.060304851,0.232212665
0.148531825,0.197418277,0.221864811,0.169752932,0.071140145,0.168498535
0.110303793,0.123755232,0.261899483,0.289036029,0.025629678,0.164676045
0.153703289,0.219467331,0.189111918,0.187955371,0.106642609,0.127661393
0.135168907,0.141977357,0.229107261,0.260205045,0.036674752,0.164396592
0.163325372,0.265115804,0.146745884,0.110721015,0.212572374,0.091371895
0.240764726,0.126882995,0.268453822,0.145559863,0.107939566,0.099471677
0.129839949,0.202917782,0.168380104,0.16993217,0.079472058,0.223651357
0.280443189,0.184446727,0.214277501,0.142405089,0.093518012,0.074201139
0.193920839,0.23720067,0.277105827,0.137222004,0.052047025,0.092246638
0.137538913,0.174395338,0.274099163,0.224914612,0.080151327,0.096985623
0.106387635,0.108596222,0.181642954,0.370234376,0.038395101,0.172650755
0.163454839,0.259712526,0.126737205,0.137137574,0.088740916,0.205333213
0.252605039,0.211110117,0.182376241,0.126634258,0.127540779,0.088250063
0.19703111,0.318824519,0.184702576,0.123021291,0.091730792,0.07350046
0.107842712,0.127705637,0.122602033,0.244696217,0.059197433,0.302861723
0.203673743,0.170073894,0.219719772,0.157911441,0.090332755,0.139278457
0.208439908,0.141431497,0.295519135,0.202622708,0.055497135,0.085824231
0.19330731,0.169018185,0.219365417,0.202749338,0.099326977,0.10307388
0.146971885,0.287380087,0.122907968,0.172789826,0.141554624,0.115608318
0.182387202,0.186626417,0.267538116,0.207131027,0.040688523,0.100099947
0.25754542,0.179622757,0.216914096,0.143824772,0.080157575,0.10935086
0.227809437,0.278004958,0.167658689,0.103753291,0.112327283,0.100353802
0.153810161,0.214104872,0.216208257,0.207915942,0.032659161,0.152447797
0.120283359,0.15207885,0.179843359,0.244520253,0.069653346,0.213773469
0.092175186,0.116005922,0.271987868,0.255526729,0.024422632,0.214703082
0.12061903,0.28201274,0.157097152,0.135476755,0.080861068,0.198009797
0.191211691,0.233039074,0.244844327,0.153759825,0.071900337,0.094508023
0.189170809,0.167974948,0.21552758,0.162128417,0.102235367,0.143956291
0.159789512,0.281218204,0.138897891,0.156906085,0.090411618,0.154056992
0.274477938,0.189952056,0.237359587,0.106990758,0.091977478,0.091486768
0.122442743,0.249919546,0.133700782,0.251027635,0.069396563,0.154470994
0.146497477,0.116503116,0.271010368,0.277065796,0.021384225,0.149430244
0.115450512,0.15270946,0.283988844,0.266801556,0.020190279,0.142816094
0.20665061,0.182587707,0.28627554,0.141499634,0.081274886,0.089858316
0.19225041,0.227736243,0.218396575,0.139908924,0.08687896,0.119901021
0.221400513,0.225407566,0.220754803,0.149524934,0.075762836,0.097431589
0.180708001,0.150711122,0.269693176,0.195296013,0.044963314,0.139802328
0.175467983,0.230013301,0.162887141,0.191451257,0.060692011,0.161993103
0.181086247,0.225034174,0.232715049,0.144129223,0.078167172,0.122485381
0.119927653,0.120089599,0.229873656,0.23652385,0.076561411,0.19196553
0.230628368,0.162234981,0.217959409,0.138674725,0.114353175,0.123539928
0.122413921,0.211556017,0.307858518,0.203191703,0.045280985,0.099406336
0.18975797,0.240916827,0.135008991,0.129369483,0.095238704,0.191465621
0.208924445,0.252131515,0.202161285,0.144059649,0.074566602,0.105955157
0.119260667,0.176693887,0.224757175,0.248515657,0.037866274,0.172492045
0.141021296,0.210344315,0.250901136,0.1840996,0.053316082,0.142412449
0.154388598,0.352390019,0.135747796,0.1286135,0.104894802,0.10592087
0.174180024,0.170166262,0.386859345,0.131283265,0.06620924,0.061812009
0.094517847,0.123629302,0.165329098,0.341349438,0.031999698,0.212471676
0.118511019,0.163439069,0.180898219,0.260031859,0.067808691,0.183187903
0.164460917,0.283281566,0.196013957,0.150215841,0.075922749,0.116471837
0.08360002,0.152809744,0.228844878,0.291491336,0.031678947,0.188958019
0.076391704,0.122697472,0.167908184,0.301081445,0.037201677,0.256420743
0.251254862,0.244797028,0.180217232,0.135039312,0.068883318,0.107754916
0.21826757,0.220603274,0.201782766,0.182550512,0.077548272,0.087236785
0.227894496,0.232735234,0.239377441,0.137568748,0.075029629,0.076342071
0.081708739,0.115557445,0.141346475,0.257758059,0.029047975,0.330279393
0.288099095,0.221520677,0.200402026,0.120358858,0.075271493,0.081898826
0.180215037,0.14308784,0.230625618,0.195425481,0.047988791,0.181678518
0.088764865,0.161524959,0.175483149,0.241624005,0.029708783,0.26773886
0.176910121,0.16136038,0.377803953,0.132539594,0.056350062,0.086082936
0.157690813,0.181061999,0.148499943,0.227584296,0.053079814,0.207812218
0.176615679,0.154998556,0.251751941,0.229168098,0.04192666,0.128680159
0.198219094,0.19617526,0.195842409,0.163169949,0.071753082,0.159544702
0.116588659,0.131032562,0.173533043,0.315437577,0.066511026,0.171986087
0.161152964,0.266405907,0.172267988,0.107887892,0.197731404,0.084001796
0.199807521,0.154987731,0.246245595,0.227015165,0.064430604,0.094816108
0.14788883,0.313368623,0.208623683,0.135528546,0.099869458,0.085721514
0.172422406,0.298547838,0.131281751,0.12028886,0.187717063,0.081166976
0.129241515,0.147082862,0.259332732,0.195826081,0.061020992,0.180401908
0.149798071,0.1807578,0.174179556,0.126924742,0.22812377,0.123084514
0.271367466,0.165370363,0.185225531,0.188396585,0.095372898,0.082232592
0.126217122,0.105518812,0.311992142,0.246560325,0.032153596,0.156604946
0.19021965,0.172064686,0.235418871,0.155954356,0.08039465,0.147343922
0.164167827,0.198172504,0.166739021,0.186615034,0.075297852,0.190550891
0.147206114,0.169785724,0.185615789,0.166595499,0.121370423,0.191310048
0.176244608,0.153524777,0.356568049,0.192297394,0.044010634,0.069903705
0.25769574,0.195347017,0.190332904,0.15045281,0.118920758,0.076676606
0.103350044,0.23292154,0.17289341,0.256249857,0.07140226,0.14566327
0.160319403,0.180247552,0.212174552,0.205958917,0.090666156,0.134730053
0.112284771,0.258849465,0.119480174,0.178767894,0.186155639,0.129362026
0.263637247,0.174246327,0.293362032,0.11370772,0.080295499,0.067903528
0.235729844,0.261582537,0.141189503,0.110759337,0.145409619,0.094441334
0.283101613,0.19712593,0.202720252,0.133522298,0.103355996,0.071045731
0.073460873,0.168361807,0.121812339,0.295640436,0.04143751,0.262581901
0.192157408,0.172083338,0.224022979,0.152936072,0.129251767,0.118126929
0.089589006,0.074747559,0.232639033,0.264811176,0.030448026,0.271621141
0.16749882,0.172816963,0.272482685,0.198815342,0.03788268,0.135869041
0.116757411,0.144142591,0.20676093,0.23065142,0.058566405,0.217457627
0.18362621,0.198093543,0.282308688,0.178841381,0.0510381,0.093357962
0.195979545,0.215220681,0.213878037,0.155036617,0.094248585,0.112872501
0.136353105,0.20783434,0.205286208,0.199326038,0.090315348,0.140147564
0.134201728,0.372316334,0.145627505,0.109486962,0.136433455,0.091898076
0.218299259,0.209992515,0.187563209,0.128507769,0.113856317,0.125894584
0.139073109,0.15053411,0.214275377,0.229505409,0.073335248,0.168886203
0.265089271,0.194193028,0.220256109,0.146213769,0.088471993,0.07626946
0.169218319,0.231459621,0.168966497,0.167105271,0.085365534,0.159700032
0.123989522,0.188387384,0.212572226,0.227673818,0.042225325,0.184497619
0.148861152,0.225050298,0.138026051,0.251650098,0.061663889,0.159197381
0.149716792,0.149908191,0.241624167,0.222495353,0.057898307,0.159037506
0.2027185,0.180989431,0.179402213,0.228612269,0.067525567,0.127881965
0.198287809,0.180587455,0.243341039,0.175480873,0.082216845,0.106464994
0.16958677,0.223398107,0.172628224,0.177982616,0.075026017,0.162106934
0.23453241,0.19209384,0.227530682,0.14673365,0.090529372,0.096038874
0.141436382,0.182587189,0.157157407,0.227906948,0.062858588,0.207424774
0.120756894,0.098449446,0.27369281,0.28767654,0.023403983,0.17031725
0.10623241,0.14005164,0.145976742,0.224812376,0.038993087,0.306733855
0.16915939,0.120630096,0.348272195,0.194469059,0.038876387,0.1145613
0.142283755,0.203038317,0.222871034,0.143413325,0.18973407,0.085874395
0.148450195,0.188649406,0.215218597,0.183949286,0.094810654,0.149876573
0.107382399,0.196719054,0.234032865,0.286339772,0.041662363,0.118513736
0.205361846,0.186455139,0.283267306,0.145750177,0.080772393,0.088537154
0.20648436,0.1896732,0.165476218,0.177829778,0.104415983,0.140616056
0.231685267,0.189306343,0.220677497,0.171192076,0.106687257,0.071880608
0.219677011,0.136704803,0.283532531,0.209025324,0.069862512,0.071370006
0.12160723,0.162611756,0.217442922,0.153277043,0.115824255,0.198419053
0.251460559,0.226033424,0.170054334,0.154669767,0.118402423,0.07012911
0.168205037,0.241144235,0.180934963,0.172744331,0.092242016,0.133286386
0.138264251,0.168942601,0.241741785,0.211462333,0.035155323,0.179566303
0.159122331,0.176829454,0.198582957,0.139069473,0.132390006,0.167761937
0.178980658,0.221440609,0.221535998,0.154092924,0.055288301,0.148802529
0.185028797,0.164612631,0.179188752,0.181126453,0.087492755,0.179077256
0.101964941,0.102143312,0.391590624,0.243634312,0.024150707,0.119640354
0.134041127,0.293032358,0.205261523,0.148527821,0.086100337,0.12006929
0.205345807,0.185426488,0.232076582,0.205169694,0.077258772,0.084431824
0.195165031,0.185472164,0.179097413,0.084102653,0.275824801,0.070985665
0.090586512,0.112432886,0.286661547,0.274052812,0.049011133,0.162913906
0.161944068,0.231367689,0.115007959,0.160730999,0.098136042,0.206424873
0.137313394,0.148901783,0.229607867,0.247599222,0.044385995,0.174763428
0.160848798,0.261823254,0.212800209,0.14348335,0.075084296,0.128691166
0.0788462,0.123777923,0.245328182,0.296104817,0.022238905,0.202580523
0.131810043,0.142582004,0.309917665,0.186762007,0.077657832,0.13205744
0.170919579,0.219205259,0.186547469,0.170116609,0.086812169,0.148655436
0.152825838,0.229370507,0.234212084,0.193690148,0.065313693,0.109782375
0.164062339,0.164632316,0.258702946,0.203863301,0.077278403,0.121941496
0.101309916,0.154487987,0.310493957,0.244900533,0.024687775,0.147386161
0.235852661,0.178295133,0.224505723,0.171042539,0.08216551,0.098340009
0.184292858,0.228392086,0.190192348,0.13864962,0.107240945,0.134718875
0.176355705,0.198265735,0.179629527,0.224872469,0.064802597,0.136684965
0.166703241,0.146876069,0.261619606,0.212481286,0.056995318,0.136323767
0.148499201,0.224912778,0.155884657,0.121658676,0.185303456,0.146840614
0.113242548,0.341663433,0.089689149,0.099988469,0.095216872,0.232766703
0.100086871,0.13096694,0.183116088,0.249718019,0.03737319,0.26421321
0.170153048,0.228330331,0.190660938,0.168784442,0.082337533,0.142577916
0.21865919,0.158486899,0.349554015,0.124245027,0.04724318,0.087862157
0.111704008,0.108569414,0.256769299,0.285208382,0.032917764,0.186343743
0.230791557,0.188330127,0.210996416,0.157334113,0.109341383,0.093123495
0.095887372,0.173468071,0.150312359,0.169734025,0.100024628,0.276964771
0.199434238,0.184107535,0.201876985,0.210335772,0.067701453,0.117618471
0.184498068,0.216214306,0.177099819,0.170301649,0.110607411,0.126933026
0.15388314,0.182885676,0.189073305,0.19453699,0.114279605,0.1480593
0.087302018,0.195677358,0.162057879,0.264569548,0.033224392,0.228533322
0.123163759,0.117763617,0.212728526,0.278362431,0.033461682,0.210362741
0.135088148,0.191572799,0.146544674,0.18462376,0.09234967,0.223181439
0.181668145,0.191989119,0.194441087,0.189580896,0.078765075,0.147756904
0.145928581,0.28073876,0.162963126,0.154317306,0.096201696,0.140804535
0.17499236,0.228736738,0.31800847,0.134783029,0.067787734,0.066670737
0.158530246,0.229593506,0.233106421,0.185494978,0.044387586,0.135145164
0.220164135,0.201449889,0.226682774,0.205874345,0.050878464,0.086562717
0.230688129,0.193947615,0.23534137,0.107465374,0.124554305,0.097711492
0.227007283,0.231616229,0.188022448,0.126350932,0.146407077,0.072832458
0.230828881,0.181937012,0.195807866,0.114198534,0.168730052,0.098226633
0.082873919,0.221015228,0.185013615,0.253228646,0.031178821,0.202440051
0.189578148,0.255320416,0.149628093,0.143453538,0.085928913,0.154990425
0.164098553,0.168941037,0.250751575,0.181966635,0.092754643,0.127850543
0.184780933,0.243858005,0.190708619,0.147424044,0.130644499,0.086384774
0.256557055,0.14651141,0.288200717,0.171087634,0.055404196,0.071882367
0.209661011,0.173311777,0.229443223,0.231001985,0.049659854,0.093998589
0.193663667,0.310309759,0.11752284,0.125743823,0.164179288,0.080561847
0.120183231,0.353592887,0.147683723,0.150250881,0.061515615,0.147725449
0.164233768,0.157851103,0.184263272,0.250897048,0.075243571,0.151301798
0.12673712,0.141784463,0.190373909,0.21304409,0.057239407,0.240372247
0.085193233,0.122936636,0.198398764,0.320764235,0.034088459,0.212001473
0.157757787,0.156342464,0.328047911,0.159159776,0.034587538,0.146037151
0.257054521,0.196882666,0.23623653,0.14420083,0.073108465,0.077443632
0.107817501,0.247459287,0.156672603,0.236020065,0.041530539,0.186861854
0.133341914,0.141587943,0.238439547,0.260755631,0.037244822,0.165266542
0.057623666,0.101435602,0.241487671,0.346599155,0.020250465,0.205665119
0.200751581,0.200177253,0.224233775,0.196490625,0.055157378,0.108748447
0.123618111,0.139807421,0.227483817,0.254908272,0.059732685,0.171488556
0.184836085,0.295075628,0.174645178,0.072702797,0.192236961,0.073825328
0.177176942,0.198081884,0.21066587,0.20587113,0.067716279,0.12629118
0.130064452,0.161039248,0.212654994,0.22688906,0.067879787,0.18044339
0.152781758,0.209827846,0.155327308,0.22684344,0.089021374,0.146864566
0.136573108,0.251629894,0.185082019,0.163872661,0.077579715,0.165457039
0.215755713,0.247306086,0.236868671,0.129398259,0.06441385,0.091904687
0.142456386,0.182088232,0.191180372,0.248167737,0.064593384,0.154930678
0.166321416,0.242743784,0.211897057,0.205078575,0.065524038,0.095556469
0.196852048,0.200591715,0.225355753,0.101565732,0.122714043,0.134436845
0.120819035,0.114344243,0.331952215,0.169495833,0.02677248,0.211131974
0.215151394,0.212442314,0.219715896,0.145682688,0.076617384,0.114674546
0.20540877,0.332433908,0.191595625,0.10839999,0.093096252,0.062083341
0.226792581,0.256424084,0.165739087,0.139895062,0.082861558,0.112891288
0.095548858,0.154280927,0.223681153,0.274970849,0.022344179,0.205924256
0.171307364,0.253555667,0.144694049,0.164111419,0.098051323,0.151168887
0.161106067,0.207620083,0.218348785,0.15672928,0.096887339,0.142482676
0.171728691,0.169802003,0.171755631,0.237287777,0.048409802,0.181150279
0.143304247,0.16685852,0.21447212,0.201179253,0.119297513,0.133088854
0.242371813,0.228290465,0.234848961,0.14649972,0.07339145,0.063341328
0.195759601,0.183736763,0.186678605,0.22138003,0.070987336,0.12556724
0.116918347,0.1197797,0.167244105,0.30646656,0.030101166,0.228835351
0.171619193,0.156644979,0.322019245,0.17008357,0.047017422,0.11763441
0.191130357,0.151043838,0.243029393,0.231835991,0.045733307,0.12069698
0.104648576,0.149316375,0.146157451,0.306165665,0.047357196,0.223209535
0.102048162,0.147654902,0.148972262,0.277327996,0.041800186,0.253732922
0.13625062,0.188581154,0.245014106,0.233396604,0.036006397,0.142040583
0.180678246,0.191745552,0.150205171,0.136286043,0.161993902,0.160208015
0.265302726,0.182115244,0.187626097,0.195751254,0.064672415,0.09274234
0.120452575,0.206864806,0.149645632,0.215905216,0.07697259,0.205818931
0.105262931,0.147441833,0.222222705,0.291356021,0.02683297,0.180111257
0.142807718,0.235988237,0.224295084,0.154784136,0.115164182,0.113784624
0.1754964,0.229971619,0.143766384,0.087124841,0.283335231,0.073014881
0.151170321,0.247359234,0.150385738,0.186195086,0.11660549,0.133644962
0.103305141,0.139996049,0.172205709,0.316029594,0.035480006,0.207599178
0.254231818,0.205258595,0.253653439,0.107993293,0.08524092,0.082625545
0.172543851,0.157911076,0.188341505,0.243609921,0.059188741,0.153800123
0.133179763,0.209034905,0.160109454,0.264989535,0.036134506,0.176590337
0.158650492,0.245140346,0.164383981,0.132371489,0.112278017,0.168266863
0.101146363,0.598159737,0.126421401,0.048470534,0.056494957,0.064029463
0.115037431,0.153386732,0.157058379,0.324067425,0.030795702,0.196674915
0.186889871,0.162896756,0.273779309,0.216768327,0.05418244,0.092691029
0.157447307,0.160330908,0.27832288,0.218979751,0.042534974,0.125949508
0.131565929,0.228883796,0.271477595,0.119581915,0.067666548,0.161306021
0.204774296,0.21747489,0.202862258,0.143514444,0.156722729,0.066504504
0.135142179,0.138846297,0.225397631,0.306978786,0.039022622,0.138578526
0.169832228,0.134780444,0.225051148,0.230177751,0.043463965,0.174369744
0.243435439,0.254558468,0.194015592,0.094303359,0.134687113,0.070951132
0.16035398,0.13810499,0.24584967,0.173767948,0.075463279,0.187340102
0.191619813,0.212284944,0.204639897,0.136646997,0.075710122,0.158671363
0.205841867,0.203796686,0.236117188,0.118211542,0.10151482,0.118593822
0.079134163,0.084773983,0.173177515,0.268989325,0.01817433,0.32973805
0.147511824,0.205340445,0.213773836,0.245771582,0.03586407,0.129489399
0.11839701,0.179125339,0.188572312,0.218640875,0.083329042,0.185721881
0.100068602,0.190377077,0.256338454,0.232176409,0.091710744,0.114434725
0.213647352,0.186076661,0.21777748,0.150840616,0.084298073,0.131274134
0.198141002,0.209225733,0.111773333,0.167384939,0.095351566,0.191057484
0.120614305,0.174319029,0.291784855,0.204538777,0.077517775,0.118732837
0.226179888,0.174914453,0.255673146,0.153247235,0.062002727,0.113056348
0.124554979,0.157836678,0.235350721,0.270622192,0.02632633,0.164602651
0.142185477,0.298480934,0.133542017,0.152439509,0.113654447,0.142073232
0.201117116,0.273765892,0.142519475,0.116576858,0.156871421,0.094507836
0.245170457,0.202222149,0.203018423,0.145520645,0.0809221,0.106034197
0.218404561,0.25266158,0.189410495,0.151024728,0.071547804,0.104994979
0.274193441,0.174745783,0.213343553,0.153424522,0.056144202,0.114624137
0.156521886,0.288598967,0.19033264,0.133316546,0.122538596,0.09755408
0.119265283,0.126918053,0.378140998,0.184794111,0.053462123,0.127071425
0.165224068,0.187611456,0.21338018,0.179316754,0.106039086,0.131436728
0.204763003,0.154202552,0.184087143,0.160512672,0.10427167,0.177813987
0.113629944,0.322533724,0.148947486,0.145051303,0.089657345,0.161331281
0.164471654,0.163624964,0.298178391,0.208369055,0.042610067,0.111178217
0.113492019,0.341220775,0.181521642,0.119461672,0.053465208,0.168549008
0.207666172,0.215226734,0.21209002,0.12241213,0.155210445,0.077256127
0.182736419,0.113938597,0.390976936,0.178454698,0.052561666,0.073775262
0.262340088,0.16468474,0.185718587,0.147680459,0.117586373,0.108035799
0.15787837,0.167253741,0.232769725,0.21036549,0.039173961,0.175523151
0.120712071,0.20128196,0.22173479,0.22371256,0.050054477,0.163075449
0.225314944,0.180146371,0.210247103,0.132674492,0.136045195,0.101117256
0.147018865,0.160348039,0.339597973,0.176801238,0.050187138,0.11106894
0.188026115,0.126282137,0.407601149,0.141431453,0.056140654,0.071383289
0.173300027,0.236089461,0.109504626,0.139277646,0.073297538,0.239356807
0.098852887,0.511596859,0.185085764,0.065278055,0.05390241,0.075248047
0.156006972,0.220271699,0.176774852,0.130109807,0.081857857,0.209634696
0.109595185,0.125403524,0.258020991,0.227727021,0.045562429,0.202303023
0.196592942,0.185975007,0.183417945,0.201737836,0.081457805,0.134882759
0.294056857,0.162051558,0.178090531,0.169913668,0.055789272,0.124765191
0.199655049,0.168929326,0.316404633,0.160471372,0.075054424,0.069944358
0.124455965,0.158547166,0.219690819,0.275233356,0.064857779,0.142672972
0.093632959,0.215086363,0.162957701,0.262437378,0.07699297,0.169552348
0.192452543,0.236283657,0.217709186,0.154043637,0.06629881,0.122169851
0.184475616,0.124114368,0.21903176,0.248622082,0.041516707,0.159014448
0.217269984,0.176125099,0.192864734,0.140208322,0.13769394,0.12199451
0.14279075,0.131829635,0.188053559,0.246918864,0.083886338,0.179794225
0.070846487,0.221325026,0.231649468,0.279406253,0.027513922,0.151824004
0.171876368,0.223181764,0.188837686,0.170123912,0.157021017,0.079990047
0.079497074,0.15159298,0.076179068,0.192589948,0.03452803,0.416079529
0.108308239,0.139997674,0.26263665,0.225989871,0.07124422,0.172826231
0.134983228,0.175080794,0.236364952,0.207421128,0.064776442,0.159411861
0.26804792,0.162133369,0.210597556,0.156178028,0.108403833,0.084660951
0.125753863,0.192129368,0.200613908,0.225740012,0.06693594,0.168645313
0.161928045,0.189299179,0.254810088,0.193813408,0.062954129,0.121194771
0.104829956,0.154859237,0.237028057,0.246989148,0.049429066,0.187554626
0.134748598,0.092880436,0.338086611,0.233691402,0.030903371,0.151452605
0.119512833,0.242237253,0.131676559,0.188427229,0.116137969,0.179674112
0.139482521,0.233693809,0.128542433,0.155523091,0.262006972,0.072009847
0.13332642,0.249406528,0.197004945,0.170990957,0.08009634,0.149849993
0.129863268,0.126585351,0.174684767,0.293438107,0.068714572,0.182628558
0.201236576,0.245326738,0.225678782,0.119507736,0.1083892,0.088981887
0.269556258,0.187647274,0.177059925,0.12680024,0.158855423,0.071227375
0.154635714,0.217210099,0.136406891,0.184719883,0.132726861,0.154516243
0.155216086,0.165991483,0.29742026,0.159855914,0.090256752,0.11458123
0.147973964,0.259623323,0.10245789,0.153011782,0.081934827,0.226738734
0.133808832,0.117467781,0.258578987,0.278430577,0.028570034,0.16038337
0.147672895,0.138164247,0.212191702,0.202285096,0.041723817,0.234829767
0.118963347,0.218235931,0.188083884,0.255238433,0.043032517,0.155534708
0.151859416,0.200757828,0.190802972,0.196101892,0.101856874,0.143958317
0.11176023,0.194112827,0.094929013,0.123764335,0.294534812,0.158731682
0.138378368,0.180135156,0.240998465,0.185663604,0.096751664,0.143809565
0.183925909,0.186339593,0.277923656,0.17217972,0.076504451,0.093426776
0.109080325,0.219966989,0.193957594,0.222385209,0.073141998,0.160747344
0.232757819,0.281520161,0.215846927,0.113057995,0.086259965,0.063261751
0.238285352,0.200937554,0.229495902,0.156486352,0.079547913,0.085712433
0.143761233,0.154410636,0.293258288,0.181972051,0.058691847,0.147969638
0.152748744,0.259455113,0.154244663,0.168938257,0.077657077,0.16600503
0.173695889,0.289867307,0.132144045,0.166082898,0.086627587,0.132929281
0.185222351,0.316215473,0.100691691,0.129918626,0.165249649,0.092533588
0.2701054,0.167642302,0.281196949,0.142328286,0.07324028,0.059304107
0.198599995,0.245807123,0.168267807,0.156269301,0.111362403,0.10598972
0.067669718,0.352230084,0.285534711,0.077553508,0.052074179,0.147911821
0.132638999,0.209578479,0.242189512,0.204291844,0.080077513,0.11898927
0.1618637,0.187276575,0.138740472,0.205925587,0.116335247,0.164688951
0.292092254,0.173219546,0.186447503,0.128959907,0.108251914,0.100046618
0.093792633,0.123391503,0.298713788,0.29487627,0.023829594,0.146556518
0.133010448,0.170804354,0.139011226,0.202467487,0.094825379,0.228229987
0.203497399,0.21844919,0.21145945,0.119615193,0.148765597,0.084422712
0.166987976,0.186982998,0.206851462,0.250543052,0.063235041,0.111041474
0.191830406,0.197718577,0.250026389,0.146800627,0.073618973,0.129113423
