id,essay_set,essay_score
1673,1,0
1674,1,0
1675,1,2
1676,1,0
1677,1,0
1678,1,2
1679,1,0
1680,1,0
1681,1,2
1682,1,2
1683,1,2
1684,1,0
1685,1,0
1686,1,2
1687,1,0
1688,1,2
1689,1,2
1690,1,0
1691,1,0
1692,1,2
1693,1,0
1694,1,0
1695,1,0
1696,1,0
1697,1,0
1698,1,0
1699,1,2
1700,1,2
1701,1,2
1702,1,2
1703,1,2
1704,1,2
1705,1,2
1706,1,2
1707,1,0
1708,1,2
1709,1,2
1710,1,2
1711,1,2
1712,1,2
1713,1,0
1714,1,0
1715,1,2
1716,1,0
1717,1,2
1718,1,0
1719,1,0
1720,1,2
1721,1,2
1722,1,0
1723,1,2
1724,1,0
1725,1,0
1726,1,0
1727,1,2
1728,1,0
1729,1,0
1730,1,0
1731,1,2
1732,1,2
1733,1,0
1734,1,2
1735,1,0
1736,1,2
1737,1,2
1738,1,0
1739,1,0
1740,1,2
1741,1,0
1742,1,0
1743,1,2
1744,1,0
1745,1,0
1746,1,0
1747,1,2
1748,1,2
1749,1,2
1750,1,0
1751,1,0
1752,1,2
1753,1,0
1754,1,2
1755,1,2
1756,1,2
1757,1,2
1758,1,2
1759,1,2
1760,1,2
1761,1,2
1762,1,0
1763,1,2
1764,1,0
1765,1,2
1766,1,0
1767,1,2
1768,1,0
1769,1,2
1770,1,2
1771,1,2
1772,1,2
1773,1,2
1774,1,0
1775,1,2
1776,1,2
1777,1,0
1778,1,2
1779,1,0
1780,1,0
1781,1,2
1782,1,0
1783,1,2
1784,1,2
1785,1,0
1786,1,0
1787,1,2
1788,1,0
1789,1,2
1790,1,0
1791,1,2
1792,1,2
1793,1,0
1794,1,0
1795,1,2
1796,1,0
1797,1,0
1798,1,2
1799,1,0
1800,1,0
1801,1,2
1802,1,0
1803,1,2
1804,1,2
1805,1,0
1806,1,0
1807,1,2
1808,1,2
1809,1,0
1810,1,0
1811,1,0
1812,1,0
1813,1,2
1814,1,2
1815,1,0
1816,1,0
1817,1,2
1818,1,2
1819,1,2
1820,1,0
1821,1,0
1822,1,2
1823,1,2
1824,1,0
1825,1,0
1826,1,0
1827,1,2
1828,1,2
1829,1,2
1830,1,2
1831,1,2
1832,1,2
1833,1,0
1834,1,2
1835,1,0
1836,1,2
1837,1,0
1838,1,0
1839,1,2
1840,1,0
1841,1,0
1842,1,2
1843,1,2
1844,1,2
1845,1,0
1846,1,2
1847,1,2
1848,1,0
1849,1,0
1850,1,2
1851,1,0
1852,1,0
1853,1,0
1854,1,2
1855,1,2
1856,1,0
1857,1,2
1858,1,2
1859,1,2
1860,1,2
1861,1,0
1862,1,2
1863,1,0
1864,1,2
1865,1,0
1866,1,0
1867,1,0
1868,1,0
1869,1,0
1870,1,2
1871,1,0
1872,1,2
1873,1,0
1874,1,2
1875,1,2
1876,1,2
1877,1,2
1878,1,0
1879,1,2
1880,1,2
1881,1,0
1882,1,2
1883,1,2
1884,1,0
1885,1,2
1886,1,2
1887,1,2
1888,1,2
1889,1,0
1890,1,2
1891,1,0
1892,1,2
1893,1,0
1894,1,2
1895,1,2
1896,1,0
1897,1,2
1898,1,0
1899,1,0
1900,1,0
1901,1,0
1902,1,0
1903,1,0
1904,1,0
1905,1,0
1906,1,2
1907,1,2
1908,1,2
1909,1,2
1910,1,2
1911,1,2
1912,1,0
1913,1,0
1914,1,0
1915,1,2
1916,1,0
1917,1,0
1918,1,0
1919,1,0
1920,1,0
1921,1,0
1922,1,0
1923,1,0
1924,1,0
1925,1,2
1926,1,2
1927,1,2
1928,1,2
1929,1,2
1930,1,0
1931,1,0
1932,1,2
1933,1,2
1934,1,2
1935,1,0
1936,1,2
1937,1,2
1938,1,2
1939,1,2
1940,1,0
1941,1,2
1942,1,2
1943,1,0
1944,1,2
1945,1,0
1946,1,2
1947,1,0
1948,1,0
1949,1,0
1950,1,0
1951,1,0
1952,1,0
1953,1,0
1954,1,0
1955,1,0
1956,1,0
1957,1,0
1958,1,2
1959,1,2
1960,1,2
1961,1,0
1962,1,2
1963,1,2
1964,1,2
1965,1,0
1966,1,2
1967,1,0
1968,1,2
1969,1,2
1970,1,0
1971,1,0
1972,1,0
1973,1,2
1974,1,0
1975,1,0
1976,1,0
1977,1,2
1978,1,0
1979,1,2
1980,1,2
1981,1,2
1982,1,2
1983,1,0
1984,1,2
1985,1,2
1986,1,2
1987,1,0
1988,1,0
1989,1,0
1990,1,2
1991,1,2
1992,1,0
1993,1,0
1994,1,2
1995,1,2
1996,1,0
1997,1,2
1998,1,2
1999,1,2
2000,1,0
2001,1,2
2002,1,0
2003,1,2
2004,1,2
2005,1,2
2006,1,2
2007,1,0
2008,1,2
2009,1,2
2010,1,2
2011,1,0
2012,1,2
2013,1,2
2014,1,2
2015,1,0
2016,1,2
2017,1,2
2018,1,0
2019,1,2
2020,1,0
2021,1,2
2022,1,2
2023,1,0
2024,1,2
2025,1,0
2026,1,2
2027,1,0
2028,1,2
2029,1,0
2030,1,0
2031,1,0
2032,1,0
2033,1,2
2034,1,2
2035,1,0
2036,1,0
2037,1,2
2038,1,2
2039,1,0
2040,1,2
2041,1,2
2042,1,2
2043,1,2
2044,1,0
2045,1,2
2046,1,0
2047,1,0
2048,1,2
2049,1,0
2050,1,0
2051,1,0
2052,1,2
2053,1,2
2054,1,0
2055,1,0
2056,1,2
2057,1,2
2058,1,2
2059,1,2
2060,1,2
2061,1,0
2062,1,0
2063,1,0
2064,1,0
2065,1,0
2066,1,0
2067,1,0
2068,1,0
2069,1,0
2070,1,2
2071,1,0
2072,1,2
2073,1,0
2074,1,2
2075,1,2
2076,1,2
2077,1,0
2078,1,2
2079,1,2
2080,1,0
2081,1,2
2082,1,0
2083,1,2
2084,1,2
2085,1,0
2086,1,0
2087,1,2
2088,1,2
2089,1,0
2090,1,2
2091,1,2
2092,1,2
2093,1,0
2094,1,2
2095,1,0
2096,1,0
2097,1,2
2098,1,2
2099,1,2
2100,1,2
2101,1,0
2102,1,2
2103,1,2
2104,1,0
2105,1,0
2106,1,0
2107,1,2
2108,1,2
2109,1,0
2110,1,0
2111,1,0
2112,1,0
2113,1,2
2114,1,2
2115,1,2
2116,1,2
2117,1,2
2118,1,2
2119,1,0
2120,1,2
2121,1,2
2122,1,2
2123,1,2
2124,1,0
2125,1,2
2126,1,2
2127,1,2
2128,1,0
2129,1,0
2130,1,2
2131,1,0
2132,1,0
2133,1,0
2134,1,2
2135,1,0
2136,1,2
2137,1,2
2138,1,0
2139,1,2
2140,1,2
2141,1,2
2142,1,0
2143,1,2
2144,1,0
2145,1,2
2146,1,0
2147,1,2
2148,1,2
2149,1,0
2150,1,2
2151,1,2
2152,1,0
2153,1,0
2154,1,2
2155,1,2
2156,1,2
2157,1,2
2158,1,2
2159,1,2
2160,1,2
2161,1,0
2162,1,2
2163,1,2
2164,1,2
2165,1,0
2166,1,0
2167,1,2
2168,1,2
2169,1,2
2170,1,2
2171,1,2
2172,1,2
2173,1,0
2174,1,2
2175,1,0
2176,1,2
2177,1,0
2178,1,0
2179,1,0
2180,1,2
2181,1,0
2182,1,2
2183,1,2
2184,1,2
2185,1,2
2186,1,0
2187,1,0
2188,1,0
2189,1,0
2190,1,2
2191,1,0
2192,1,0
2193,1,2
2194,1,0
2195,1,0
2196,1,2
2197,1,2
2198,1,2
2199,1,2
2200,1,2
2201,1,2
2202,1,1
2203,1,1
2204,1,0
2205,1,2
2206,1,1
2207,1,0
2208,1,2
2209,1,2
2210,1,2
2211,1,2
2212,1,0
2213,1,2
2214,1,0
2215,1,0
2216,1,1
2217,1,2
2218,1,2
2219,1,2
2220,1,2
2221,1,2
2222,1,2
2223,1,1
2224,1,2
2225,1,2
2226,1,1
2227,1,1
2228,1,1
2229,1,2
4066,2,2
4067,2,2
4068,2,2
4069,2,0
4070,2,0
4071,2,0
4072,2,2
4073,2,2
4074,2,0
4075,2,2
4076,2,2
4077,2,0
4078,2,2
4079,2,0
4080,2,2
4081,2,0
4082,2,2
4083,2,0
4084,2,0
4085,2,2
4086,2,2
4087,2,2
4088,2,0
4089,2,0
4090,2,2
4091,2,2
4092,2,0
4093,2,2
4094,2,2
4095,2,2
4096,2,0
4097,2,2
4098,2,0
4099,2,0
4100,2,2
4101,2,2
4102,2,0
4103,2,2
4104,2,0
4105,2,2
4106,2,0
4107,2,0
4108,2,0
4109,2,2
4110,2,0
4111,2,2
4112,2,2
4113,2,2
4114,2,2
4115,2,2
4116,2,2
4117,2,0
4118,2,2
4119,2,2
4120,2,2
4121,2,2
4122,2,2
4123,2,2
4124,2,2
4125,2,2
4126,2,2
4127,2,2
4128,2,0
4129,2,0
4130,2,0
4131,2,2
4132,2,2
4133,2,2
4134,2,2
4135,2,0
4136,2,2
4137,2,0
4138,2,2
4139,2,2
4140,2,2
4141,2,2
4142,2,2
4143,2,2
4144,2,0
4145,2,2
4146,2,0
4147,2,0
4148,2,2
4149,2,2
4150,2,0
4151,2,0
4152,2,0
4153,2,0
4154,2,0
4155,2,0
4156,2,2
4157,2,2
4158,2,2
4159,2,2
4160,2,2
4161,2,0
4162,2,2
4163,2,0
4164,2,2
4165,2,0
4166,2,2
4167,2,0
4168,2,2
4169,2,2
4170,2,0
4171,2,2
4172,2,0
4173,2,0
4174,2,2
4175,2,0
4176,2,2
4177,2,0
4178,2,2
4179,2,0
4180,2,2
4181,2,0
4182,2,2
4183,2,0
4184,2,2
4185,2,2
4186,2,0
4187,2,2
4188,2,2
4189,2,0
4190,2,0
4191,2,0
4192,2,2
4193,2,0
4194,2,0
4195,2,2
4196,2,0
4197,2,2
4198,2,2
4199,2,0
4200,2,2
4201,2,0
4202,2,0
4203,2,0
4204,2,2
4205,2,2
4206,2,0
4207,2,2
4208,2,0
4209,2,2
4210,2,0
4211,2,2
4212,2,0
4213,2,2
4214,2,0
4215,2,2
4216,2,2
4217,2,0
4218,2,2
4219,2,0
4220,2,2
4221,2,2
4222,2,2
4223,2,2
4224,2,0
4225,2,0
4226,2,2
4227,2,0
4228,2,2
4229,2,0
4230,2,2
4231,2,2
4232,2,2
4233,2,0
4234,2,2
4235,2,2
4236,2,0
4237,2,2
4238,2,0
4239,2,2
4240,2,2
4241,2,2
4242,2,0
4243,2,2
4244,2,2
4245,2,2
4246,2,2
4247,2,0
4248,2,2
4249,2,2
4250,2,2
4251,2,2
4252,2,2
4253,2,2
4254,2,2
4255,2,2
4256,2,0
4257,2,2
4258,2,2
4259,2,0
4260,2,2
4261,2,0
4262,2,2
4263,2,2
4264,2,2
4265,2,2
4266,2,0
4267,2,2
4268,2,0
4269,2,0
4270,2,0
4271,2,0
4272,2,0
4273,2,0
4274,2,0
4275,2,0
4276,2,2
4277,2,2
4278,2,0
4279,2,0
4280,2,2
4281,2,2
4282,2,2
4283,2,0
4284,2,2
4285,2,0
4286,2,2
4287,2,2
4288,2,0
4289,2,2
4290,2,2
4291,2,2
4292,2,2
4293,2,2
4294,2,2
4295,2,2
4296,2,2
4297,2,2
4298,2,2
4299,2,2
4300,2,2
4301,2,0
4302,2,0
4303,2,2
4304,2,0
4305,2,0
4306,2,2
4307,2,0
4308,2,2
4309,2,2
4310,2,0
4311,2,0
4312,2,0
4313,2,2
4314,2,0
4315,2,2
4316,2,2
4317,2,2
4318,2,0
4319,2,0
4320,2,2
4321,2,0
4322,2,0
4323,2,2
4324,2,2
4325,2,0
4326,2,2
4327,2,2
4328,2,2
4329,2,0
4330,2,0
4331,2,2
4332,2,2
4333,2,2
4334,2,0
4335,2,2
4336,2,0
4337,2,2
4338,2,0
4339,2,0
4340,2,2
4341,2,0
4342,2,0
4343,2,2
4344,2,0
4345,2,2
4346,2,2
4347,2,2
4348,2,2
4349,2,2
4350,2,0
4351,2,0
4352,2,2
4353,2,0
4354,2,2
4355,2,2
4356,2,2
4357,2,2
4358,2,2
4359,2,2
4360,2,0
4361,2,0
4362,2,2
4363,2,2
4364,2,0
4365,2,2
4366,2,2
4367,2,2
4368,2,2
4369,2,0
4370,2,2
4371,2,2
4372,2,2
4373,2,2
4374,2,2
4375,2,2
4376,2,0
4377,2,0
4378,2,2
4379,2,2
4380,2,2
4381,2,2
4382,2,2
4383,2,2
4384,2,0
4385,2,2
4386,2,2
4387,2,2
4388,2,2
4389,2,2
4390,2,2
4391,2,2
4392,2,2
4393,2,2
4394,2,2
4395,2,2
4396,2,0
4397,2,0
4398,2,2
4399,2,2
4400,2,2
4401,2,0
4402,2,2
4403,2,0
4404,2,2
4405,2,2
4406,2,0
4407,2,2
4408,2,0
4409,2,2
4410,2,2
4411,2,2
4412,2,2
4413,2,0
4414,2,2
4415,2,2
4416,2,0
4417,2,0
4418,2,0
4419,2,2
4420,2,2
4421,2,0
4422,2,0
4423,2,0
4424,2,2
4425,2,0
4426,2,2
4427,2,2
4428,2,2
4429,2,2
4430,2,2
4431,2,2
4432,2,0
4433,2,2
4434,2,2
4435,2,2
4436,2,2
4437,2,2
4438,2,0
4439,2,2
4440,2,0
4441,2,2
4442,2,0
4443,2,2
4444,2,2
4445,2,2
4446,2,2
4447,2,0
4448,2,2
4449,2,2
4450,2,0
4451,2,2
4452,2,2
4453,2,0
4454,2,2
4455,2,2
4456,2,2
4457,2,2
4458,2,0
4459,2,2
4460,2,2
4461,2,2
4462,2,2
4463,2,2
4464,2,0
4465,2,2
4466,2,2
4467,2,2
4468,2,2
4469,2,2
4470,2,0
4471,2,0
4472,2,2
4473,2,0
4474,2,0
4475,2,0
4476,2,2
4477,2,2
4478,2,2
4479,2,0
4480,2,2
4481,2,2
4482,2,2
4483,2,2
4484,2,0
4485,2,0
4486,2,0
4487,2,0
4488,2,2
4489,2,2
4490,2,2
4491,2,0
6809,3,1
6812,3,1
6813,3,1
6814,3,1
6815,3,1
6816,3,2
6817,3,2
6818,3,2
6820,3,1
6821,3,2
6822,3,1
6823,3,1
6824,3,1
6825,3,1
6826,3,1
6827,3,1
6829,3,1
6830,3,1
6831,3,1
6832,3,1
6833,3,2
6834,3,2
6835,3,1
6837,3,1
6839,3,1
6840,3,2
6841,3,1
6842,3,1
6844,3,1
6845,3,1
6847,3,2
6852,3,1
6854,3,1
6856,3,1
6857,3,1
6859,3,1
6861,3,1
6863,3,1
6864,3,1
6866,3,1
6869,3,1
6870,3,2
6871,3,2
6873,3,1
6875,3,2
6876,3,1
6877,3,1
6878,3,1
6880,3,2
6883,3,2
6884,3,1
6885,3,2
6886,3,2
6887,3,1
6888,3,2
6889,3,2
6890,3,1
6891,3,2
6894,3,1
6896,3,1
6897,3,1
6898,3,2
6899,3,1
6902,3,1
6903,3,1
6904,3,1
6905,3,1
6906,3,1
6908,3,1
6912,3,1
6913,3,1
6914,3,1
6915,3,2
6916,3,1
6917,3,1
6918,3,2
6919,3,1
6924,3,1
6928,3,1
6930,3,1
6932,3,2
6933,3,1
6934,3,2
6935,3,1
6936,3,1
6937,3,1
6939,3,1
6940,3,2
6941,3,1
6944,3,1
6945,3,2
6946,3,1
6947,3,2
6949,3,1
6950,3,2
6951,3,1
6953,3,1
6955,3,2
6956,3,2
6957,3,2
6958,3,1
6959,3,1
6960,3,2
6961,3,1
6962,3,1
6964,3,1
6965,3,2
6966,3,1
6968,3,1
6972,3,1
6974,3,1
6975,3,1
6976,3,1
6977,3,2
6978,3,1
6979,3,2
6980,3,1
6981,3,1
6982,3,1
6983,3,1
6984,3,1
6985,3,1
6988,3,1
6989,3,1
6991,3,1
6993,3,2
6994,3,2
6995,3,1
6996,3,1
6997,3,1
6999,3,1
7000,3,2
7002,3,1
7004,3,2
7006,3,1
7007,3,1
7008,3,1
7009,3,1
7012,3,1
7013,3,1
7015,3,1
7016,3,2
7018,3,2
7021,3,1
7025,3,2
7026,3,2
7029,3,2
7033,3,1
7037,3,2
7038,3,2
7039,3,1
7040,3,1
7041,3,1
7042,3,1
7044,3,2
7046,3,1
7047,3,1
7048,3,1
7049,3,2
7050,3,2
7051,3,2
7054,3,1
7056,3,2
7058,3,1
7062,3,2
7064,3,1
7065,3,1
7067,3,1
7068,3,1
7071,3,1
7072,3,2
7079,3,1
7080,3,1
7081,3,1
7082,3,1
7083,3,1
7084,3,1
7085,3,1
7086,3,1
7088,3,1
7089,3,2
7090,3,1
7091,3,1
7092,3,1
7095,3,1
7096,3,1
7097,3,1
7098,3,1
7102,3,2
7104,3,1
7106,3,2
7107,3,1
7108,3,1
7109,3,1
7110,3,2
7111,3,1
7113,3,2
7115,3,1
7117,3,1
7120,3,1
7121,3,1
7123,3,1
7124,3,1
7125,3,1
7127,3,1
7128,3,2
7131,3,1
7133,3,1
7134,3,1
7136,3,1
7137,3,1
7138,3,1
7141,3,1
7142,3,1
7143,3,1
7144,3,2
7145,3,1
7147,3,1
7148,3,2
7149,3,2
7150,3,2
7151,3,1
7152,3,1
7155,3,1
7156,3,1
7157,3,1
7158,3,2
7161,3,1
7162,3,1
7163,3,2
7164,3,1
7165,3,1
7166,3,1
7168,3,1
7170,3,1
7171,3,1
7172,3,2
7173,3,1
7175,3,1
7177,3,2
7179,3,1
7181,3,1
7182,3,1
7183,3,1
7184,3,2
7185,3,1
7186,3,1
7187,3,1
7189,3,1
7191,3,1
7192,3,1
7193,3,2
7194,3,2
7196,3,2
7197,3,2
7198,3,2
7200,3,1
7201,3,1
7202,3,1
7203,3,1
7204,3,1
7205,3,1
7207,3,1
7208,3,2
7209,3,1
7210,3,1
7212,3,1
7213,3,1
7214,3,1
7215,3,1
7217,3,1
7219,3,1
7220,3,1
7223,3,1
7224,3,1
7225,3,1
7230,3,1
7233,3,2
7234,3,1
7235,3,1
7238,3,1
7239,3,2
7241,3,2
7242,3,1
7243,3,2
7244,3,1
7245,3,1
7246,3,1
7247,3,1
7249,3,1
7251,3,1
7252,3,1
7254,3,2
7255,3,1
7259,3,1
7260,3,1
7263,3,1
7266,3,2
7270,3,1
7272,3,2
7275,3,1
7276,3,2
7277,3,1
7278,3,1
7279,3,2
7282,3,1
7284,3,1
7286,3,2
7287,3,1
7288,3,1
7290,3,1
7291,3,1
7292,3,2
7294,3,1
7295,3,2
7296,3,1
7297,3,1
7298,3,1
7300,3,1
7301,3,1
7302,3,2
7303,3,2
7304,3,1
7307,3,1
7312,3,1
7313,3,1
7315,3,1
7316,3,1
7317,3,1
7318,3,1
7320,3,2
7321,3,1
7322,3,1
7323,3,1
7324,3,1
7325,3,2
7328,3,1
7329,3,1
7330,3,1
7331,3,1
7332,3,1
7334,3,2
7335,3,1
7337,3,2
7338,3,2
7341,3,2
7342,3,1
7343,3,1
7344,3,1
7346,3,1
7348,3,1
7350,3,1
7351,3,1
7354,3,1
7355,3,1
7356,3,1
7359,3,1
7362,3,1
7363,3,1
7366,3,1
7368,3,2
7369,3,1
7371,3,1
7373,3,1
7375,3,1
7376,3,2
7381,3,1
7382,3,1
7384,3,1
7386,3,2
7387,3,2
7388,3,1
7389,3,1
7390,3,1
7391,3,1
7392,3,2
7393,3,1
7396,3,2
7398,3,1
7399,3,1
7400,3,1
7401,3,2
7402,3,1
7403,3,1
7407,3,2
7410,3,1
7412,3,2
7416,3,1
7417,3,1
7418,3,1
7419,3,1
7420,3,1
7421,3,2
7422,3,1
7423,3,1
7424,3,1
7426,3,1
7427,3,1
7429,3,2
7430,3,2
7431,3,1
7432,3,2
7434,3,1
7435,3,1
7437,3,1
7438,3,2
9808,4,0
9810,4,1
9812,4,0
9815,4,0
9816,4,0
9817,4,1
9818,4,1
9820,4,1
9824,4,1
9826,4,0
9829,4,1
9832,4,2
9834,4,0
9835,4,0
9837,4,0
9838,4,2
9842,4,0
9845,4,1
9848,4,2
9850,4,0
9851,4,2
9855,4,1
9856,4,1
9860,4,1
9861,4,2
9862,4,0
9864,4,0
9866,4,0
9867,4,1
9871,4,0
9872,4,2
9874,4,2
9875,4,0
9876,4,0
9879,4,0
9880,4,0
9885,4,0
9890,4,0
9892,4,1
9893,4,1
9894,4,1
9895,4,2
9896,4,2
9897,4,1
9898,4,1
9900,4,0
9903,4,1
9904,4,0
9905,4,0
9908,4,1
9911,4,0
9914,4,1
9920,4,0
9921,4,1
9924,4,2
9926,4,2
9928,4,1
9929,4,1
9930,4,0
9932,4,2
9933,4,1
9936,4,2
9938,4,0
9939,4,0
9940,4,0
9941,4,1
9943,4,0
9945,4,0
9947,4,0
9949,4,1
9950,4,2
9951,4,1
9952,4,1
9960,4,1
9961,4,2
9965,4,0
9969,4,0
9970,4,1
9972,4,0
9975,4,1
9976,4,0
9977,4,0
9980,4,1
9981,4,1
9983,4,1
9985,4,0
9987,4,1
9988,4,1
9990,4,1
9995,4,0
9996,4,1
9998,4,0
10002,4,1
10003,4,1
10004,4,0
10006,4,0
10009,4,0
10012,4,2
10013,4,0
10015,4,0
10016,4,1
10018,4,2
10019,4,0
10020,4,0
10022,4,1
10023,4,1
10026,4,1
10027,4,0
10032,4,0
10034,4,0
10035,4,2
10040,4,0
10041,4,0
10042,4,0
10044,4,2
10050,4,2
10051,4,1
10052,4,0
10055,4,0
10056,4,0
10057,4,1
10058,4,1
10059,4,2
10060,4,1
10061,4,0
10062,4,1
10064,4,1
10065,4,0
10071,4,0
10075,4,2
10077,4,1
10078,4,0
10079,4,1
10080,4,0
10082,4,1
10084,4,0
10086,4,0
10088,4,0
10089,4,0
10090,4,1
10092,4,0
10096,4,1
10098,4,1
10099,4,0
10100,4,1
10102,4,1
10103,4,2
10104,4,0
10106,4,0
10107,4,1
10110,4,2
10111,4,0
10113,4,0
10115,4,1
10116,4,1
10117,4,1
10118,4,2
10119,4,0
10120,4,0
10127,4,0
10128,4,1
10131,4,0
10133,4,0
10136,4,1
10138,4,0
10141,4,0
10143,4,0
10144,4,0
10145,4,0
10146,4,2
10147,4,1
10148,4,0
10149,4,1
10152,4,1
10153,4,0
10154,4,0
10155,4,0
10157,4,0
10158,4,1
10159,4,1
10160,4,1
10162,4,1
10164,4,1
10169,4,0
10170,4,2
10172,4,0
10174,4,1
10176,4,0
10180,4,0
10181,4,0
10183,4,1
10186,4,2
10188,4,1
10189,4,0
10191,4,0
10192,4,1
10193,4,0
10194,4,0
10196,4,0
10198,4,0
10200,4,2
10202,4,2
10204,4,0
10206,4,0
10207,4,1
10208,4,0
10214,4,1
10215,4,0
10217,4,1
10222,4,0
10224,4,1
10225,4,1
10228,4,2
10232,4,1
10239,4,0
10240,4,0
10241,4,0
10243,4,2
10246,4,0
10247,4,1
10248,4,1
10249,4,1
10250,4,0
10252,4,0
10253,4,2
10255,4,1
10256,4,2
10258,4,0
10262,4,0
10266,4,1
10267,4,0
10268,4,0
10270,4,1
10271,4,0
10272,4,0
10273,4,2
10274,4,0
10276,4,2
10278,4,0
10281,4,1
10282,4,0
10284,4,1
10285,4,1
10290,4,1
10292,4,2
10295,4,1
10297,4,2
10298,4,0
10299,4,1
10301,4,0
10303,4,1
10304,4,0
10305,4,0
10307,4,1
10308,4,1
10310,4,0
10313,4,0
10315,4,0
10318,4,1
10320,4,1
10321,4,1
10325,4,0
10332,4,1
10333,4,1
10335,4,0
10337,4,0
10338,4,1
10339,4,0
10340,4,0
10343,4,1
10344,4,0
10346,4,0
10347,4,2
10348,4,1
10349,4,0
10351,4,0
10353,4,1
10354,4,1
10355,4,1
10358,4,0
10359,4,2
10362,4,1
10364,4,0
10365,4,0
10367,4,1
10368,4,1
10370,4,0
10373,4,1
10374,4,1
10375,4,0
10376,4,1
10377,4,1
10378,4,2
10379,4,0
10384,4,1
12762,5,0
12763,5,0
12764,5,0
12765,5,0
12766,5,0
12767,5,0
12768,5,0
12769,5,0
12770,5,2
12771,5,2
12772,5,0
12773,5,2
12774,5,0
12775,5,0
12776,5,0
12777,5,0
12778,5,0
12779,5,0
12780,5,0
12781,5,0
12782,5,0
12783,5,2
12784,5,0
12785,5,0
12786,5,0
12787,5,0
12788,5,0
12789,5,0
12790,5,0
12791,5,0
12792,5,0
12793,5,0
12794,5,0
12795,5,0
12796,5,0
12797,5,0
12798,5,0
12799,5,0
12800,5,0
12801,5,0
12802,5,0
12803,5,2
12804,5,2
12805,5,0
12806,5,0
12807,5,0
12808,5,0
12809,5,0
12810,5,0
12811,5,0
12812,5,0
12813,5,0
12814,5,0
12815,5,0
12816,5,0
12817,5,0
12818,5,0
12819,5,0
12820,5,2
12821,5,0
12822,5,0
12823,5,0
12824,5,0
12825,5,0
12826,5,0
12827,5,0
12828,5,0
12829,5,0
12830,5,0
12831,5,0
12832,5,0
12833,5,2
12834,5,0
12835,5,0
12836,5,0
12837,5,0
12838,5,0
12839,5,0
12840,5,2
12841,5,0
12842,5,0
12843,5,0
12844,5,0
12845,5,0
12846,5,0
12847,5,0
12848,5,0
12849,5,0
12850,5,0
12851,5,0
12852,5,0
12853,5,0
12854,5,0
12855,5,0
12856,5,0
12857,5,0
12858,5,0
12859,5,0
12860,5,0
12861,5,0
12862,5,0
12863,5,0
12864,5,0
12865,5,0
12866,5,0
12867,5,0
12868,5,0
12869,5,0
12870,5,2
12871,5,0
12872,5,0
12873,5,0
12874,5,0
12875,5,0
12876,5,0
12877,5,0
12878,5,0
12879,5,0
12880,5,0
12881,5,0
12882,5,0
12883,5,0
12884,5,0
12885,5,0
12886,5,0
12887,5,0
12888,5,0
12889,5,0
12890,5,2
12891,5,0
12892,5,0
12893,5,0
12894,5,0
12895,5,2
12896,5,0
12897,5,0
12898,5,0
12899,5,0
12900,5,0
12901,5,0
12902,5,0
12903,5,0
12904,5,0
12905,5,0
12906,5,2
12907,5,0
12908,5,2
12909,5,2
12910,5,0
12911,5,2
12912,5,0
12913,5,0
12914,5,0
12915,5,0
12916,5,0
12917,5,0
12918,5,0
12919,5,0
12920,5,0
12921,5,0
12922,5,2
12923,5,0
12924,5,0
12925,5,0
12926,5,0
12927,5,0
12928,5,0
12929,5,0
12930,5,0
12931,5,0
12932,5,0
12933,5,0
12934,5,0
12935,5,0
12936,5,0
12937,5,0
12938,5,0
12939,5,0
12940,5,2
12941,5,0
12942,5,0
12943,5,0
12944,5,0
12945,5,0
12946,5,0
12947,5,0
12948,5,0
12949,5,0
12950,5,0
12951,5,0
12952,5,0
12953,5,0
12954,5,0
12955,5,0
12956,5,0
12957,5,0
12958,5,0
12959,5,0
12960,5,0
12961,5,0
12962,5,0
12963,5,0
12964,5,0
12965,5,0
12966,5,0
12967,5,0
12968,5,0
12969,5,0
12970,5,0
12971,5,0
12972,5,0
12973,5,0
12974,5,0
12975,5,0
12976,5,0
12977,5,0
12978,5,0
12979,5,0
12980,5,0
12981,5,0
12982,5,0
12983,5,0
12984,5,0
12985,5,0
12986,5,0
12987,5,0
12988,5,0
12989,5,0
12990,5,0
12991,5,0
12992,5,0
12993,5,0
12994,5,0
12995,5,0
12996,5,0
12997,5,0
12998,5,0
12999,5,2
13000,5,0
13001,5,0
13002,5,0
13003,5,0
13004,5,0
13005,5,0
13006,5,0
13007,5,0
13008,5,0
13009,5,2
13010,5,0
13011,5,0
13012,5,0
13013,5,0
13014,5,2
13015,5,2
13016,5,0
13017,5,0
13018,5,2
13019,5,0
13020,5,0
13021,5,0
13022,5,0
13023,5,0
13024,5,0
13025,5,0
13026,5,0
13027,5,0
13028,5,0
13029,5,0
13030,5,0
13031,5,2
13032,5,0
13033,5,0
13034,5,0
13035,5,0
13036,5,0
13037,5,0
13038,5,0
13039,5,0
13040,5,2
13041,5,2
13042,5,0
13043,5,0
13044,5,0
13045,5,0
13046,5,0
13047,5,0
13048,5,0
13049,5,0
13050,5,2
13051,5,0
13052,5,0
13053,5,0
13054,5,0
13055,5,0
13056,5,0
13057,5,0
13058,5,0
13059,5,0
13060,5,0
13061,5,0
13062,5,0
13063,5,0
13064,5,0
13065,5,0
13066,5,0
13067,5,0
13068,5,0
13069,5,0
13070,5,0
13071,5,0
13072,5,0
13073,5,0
13074,5,0
13075,5,0
13076,5,0
13077,5,0
13078,5,2
13079,5,0
13080,5,0
13081,5,0
13082,5,0
13083,5,0
13084,5,2
13085,5,0
13086,5,0
13087,5,0
13088,5,0
13089,5,0
13090,5,0
13091,5,0
13092,5,0
13093,5,0
13094,5,0
13095,5,0
13096,5,0
13097,5,0
13098,5,0
13099,5,0
13100,5,0
13101,5,0
13102,5,0
13103,5,0
13104,5,0
13105,5,0
13106,5,0
13107,5,0
13108,5,0
13109,5,0
13110,5,0
13111,5,0
13112,5,0
13113,5,0
13114,5,0
13115,5,0
13116,5,0
13117,5,2
13118,5,0
13119,5,0
13120,5,0
13121,5,0
13122,5,2
13123,5,0
13124,5,0
13125,5,0
13126,5,0
13127,5,0
13128,5,0
13129,5,0
13130,5,0
13131,5,0
13132,5,0
13133,5,0
13134,5,0
13135,5,0
13136,5,0
13137,5,2
13138,5,0
13139,5,0
13140,5,2
13141,5,0
13142,5,0
13143,5,0
13144,5,0
13145,5,0
13146,5,0
13147,5,0
13148,5,0
13149,5,0
13150,5,0
13151,5,2
13152,5,0
13153,5,0
13154,5,0
13155,5,2
13156,5,0
13157,5,0
13158,5,0
13159,5,0
13160,5,0
13161,5,0
13162,5,0
13163,5,0
13164,5,0
13165,5,0
13166,5,0
13167,5,0
13168,5,0
13169,5,0
13170,5,0
13171,5,2
13172,5,2
13173,5,0
13174,5,0
13175,5,0
13176,5,0
13177,5,0
13178,5,0
13179,5,0
13180,5,0
13181,5,0
13182,5,0
13183,5,0
13184,5,0
13185,5,0
13186,5,0
13187,5,0
13188,5,0
13189,5,0
13190,5,0
13191,5,0
13192,5,0
13193,5,0
13194,5,0
13195,5,2
13196,5,0
13197,5,0
13198,5,0
13199,5,0
13200,5,0
13201,5,0
13202,5,0
13203,5,0
13204,5,0
13205,5,0
13206,5,0
13207,5,2
13208,5,0
13209,5,0
13210,5,0
13211,5,0
13212,5,0
13213,5,0
13214,5,0
13215,5,0
13216,5,0
13217,5,0
13218,5,0
13219,5,0
13220,5,0
13221,5,0
13222,5,0
13223,5,0
13224,5,0
13225,5,0
13226,5,0
13227,5,0
13228,5,0
13229,5,0
13230,5,2
13231,5,0
13232,5,0
13233,5,0
13234,5,2
13235,5,0
13236,5,2
13237,5,0
13238,5,0
13239,5,0
13240,5,2
13241,5,0
13242,5,0
13243,5,0
13244,5,0
13245,5,2
13246,5,0
13247,5,0
13248,5,0
13249,5,0
13250,5,2
13251,5,0
13252,5,2
13253,5,0
13254,5,0
13255,5,0
13256,5,0
13257,5,0
13258,5,0
13259,5,0
13260,5,0
13261,5,0
13262,5,0
13263,5,0
13264,5,0
13265,5,0
13266,5,0
13267,5,0
13268,5,0
13269,5,0
13270,5,0
13271,5,0
13272,5,0
13273,5,0
13274,5,0
13275,5,0
13276,5,0
13277,5,0
13278,5,0
13279,5,2
13280,5,0
13281,5,0
13282,5,0
13283,5,0
13284,5,0
13285,5,0
13286,5,0
13287,5,0
13288,5,0
13289,5,0
13290,5,0
13291,5,0
13292,5,0
13293,5,2
13294,5,0
13295,5,0
13296,5,0
13297,5,0
13298,5,0
13299,5,0
13300,5,2
13301,5,0
13302,5,0
13303,5,0
13304,5,2
13305,5,0
13306,5,0
13307,5,0
13308,5,0
13309,5,0
13310,5,0
13311,5,0
13312,5,0
13313,5,0
13314,5,0
13315,5,0
13316,5,0
13317,5,0
13318,5,0
13319,5,0
13320,5,0
13321,5,0
13322,5,0
13323,5,0
13324,5,0
13325,5,0
13326,5,0
13327,5,0
13328,5,0
13329,5,0
13330,5,0
13331,5,0
13332,5,2
13333,5,0
13334,5,0
13335,5,0
13336,5,0
13337,5,0
13338,5,0
13339,5,0
13340,5,0
13341,5,0
13342,5,0
13343,5,0
13344,5,0
13345,5,0
13346,5,0
13347,5,0
13348,5,0
13349,5,0
13350,5,0
13351,5,0
13352,5,0
13353,5,0
13354,5,0
13355,5,0
13356,5,0
13357,5,0
13358,5,0
13359,5,0
15756,6,0
15757,6,0
15758,6,0
15759,6,0
15760,6,0
15761,6,3
15762,6,2
15763,6,0
15764,6,0
15765,6,0
15766,6,0
15767,6,0
15768,6,0
15769,6,0
15770,6,0
15771,6,0
15772,6,0
15773,6,0
15774,6,0
15775,6,0
15776,6,0
15777,6,0
15778,6,0
15779,6,0
15780,6,0
15781,6,0
15782,6,0
15783,6,0
15784,6,0
15785,6,0
15786,6,0
15787,6,0
15788,6,0
15789,6,0
15790,6,0
15791,6,0
15792,6,0
15793,6,0
15794,6,0
15795,6,0
15796,6,0
15797,6,0
15798,6,0
15799,6,0
15800,6,0
15801,6,0
15802,6,0
15803,6,0
15804,6,0
15805,6,0
15806,6,0
15807,6,0
15808,6,0
15809,6,0
15810,6,0
15811,6,0
15812,6,0
15813,6,0
15814,6,2
15815,6,0
15816,6,0
15817,6,3
15818,6,0
15819,6,2
15820,6,3
15821,6,0
15822,6,0
15823,6,0
15824,6,0
15825,6,0
15826,6,0
15827,6,0
15828,6,2
15829,6,0
15830,6,0
15831,6,0
15832,6,2
15833,6,0
15834,6,0
15835,6,0
15836,6,0
15837,6,0
15838,6,0
15839,6,0
15840,6,0
15841,6,3
15842,6,0
15843,6,0
15844,6,0
15845,6,0
15846,6,0
15847,6,2
15848,6,0
15849,6,0
15850,6,0
15851,6,0
15852,6,0
15853,6,0
15854,6,0
15855,6,0
15856,6,0
15857,6,0
15858,6,0
15859,6,0
15860,6,0
15861,6,0
15862,6,3
15863,6,0
15864,6,0
15865,6,0
15866,6,0
15867,6,2
15868,6,0
15869,6,0
15870,6,0
15871,6,0
15872,6,0
15873,6,0
15874,6,0
15875,6,0
15876,6,0
15877,6,0
15878,6,0
15879,6,0
15880,6,0
15881,6,0
15882,6,0
15883,6,0
15884,6,0
15885,6,0
15886,6,0
15887,6,0
15888,6,0
15889,6,0
15890,6,0
15891,6,0
15892,6,0
15893,6,0
15894,6,0
15895,6,0
15896,6,0
15897,6,0
15898,6,0
15899,6,0
15900,6,0
15901,6,0
15902,6,0
15903,6,0
15904,6,0
15905,6,0
15906,6,0
15907,6,0
15908,6,0
15909,6,3
15910,6,0
15911,6,0
15912,6,0
15913,6,0
15914,6,0
15915,6,0
15916,6,0
15917,6,0
15918,6,2
15919,6,0
15920,6,0
15921,6,0
15922,6,0
15923,6,0
15924,6,0
15925,6,0
15926,6,3
15927,6,0
15928,6,0
15929,6,0
15930,6,2
15931,6,0
15932,6,0
15933,6,0
15934,6,0
15935,6,0
15936,6,0
15937,6,0
15938,6,0
15939,6,0
15940,6,0
15941,6,0
15942,6,0
15943,6,0
15944,6,0
15945,6,0
15946,6,0
15947,6,0
15948,6,0
15949,6,0
15950,6,0
15951,6,0
15952,6,0
15953,6,0
15954,6,0
15955,6,0
15956,6,2
15957,6,0
15958,6,0
15959,6,0
15960,6,0
15961,6,0
15962,6,0
15963,6,0
15964,6,0
15965,6,0
15966,6,0
15967,6,0
15968,6,0
15969,6,2
15970,6,2
15971,6,0
15972,6,0
15973,6,0
15974,6,0
15975,6,0
15976,6,0
15977,6,0
15978,6,0
15979,6,0
15980,6,0
15981,6,0
15982,6,0
15983,6,0
15984,6,0
15985,6,0
15986,6,0
15987,6,0
15988,6,0
15989,6,0
15990,6,0
15991,6,0
15992,6,0
15993,6,0
15994,6,0
15995,6,0
15996,6,0
15997,6,0
15998,6,0
15999,6,0
16000,6,0
16001,6,0
16002,6,0
16003,6,0
16004,6,0
16005,6,0
16006,6,0
16007,6,0
16008,6,2
16009,6,0
16010,6,0
16011,6,0
16012,6,0
16013,6,0
16014,6,0
16015,6,0
16016,6,0
16017,6,0
16018,6,0
16019,6,0
16020,6,0
16021,6,0
16022,6,0
16023,6,0
16024,6,2
16025,6,0
16026,6,0
16027,6,0
16028,6,0
16029,6,0
16030,6,0
16031,6,0
16032,6,0
16033,6,0
16034,6,0
16035,6,0
16036,6,0
16037,6,0
16038,6,0
16039,6,0
16040,6,0
16041,6,0
16042,6,0
16043,6,0
16044,6,0
16045,6,0
16046,6,0
16047,6,0
16048,6,0
16049,6,0
16050,6,0
16051,6,2
16052,6,0
16053,6,0
16054,6,0
16055,6,0
16056,6,0
16057,6,0
16058,6,0
16059,6,0
16060,6,0
16061,6,0
16062,6,0
16063,6,0
16064,6,0
16065,6,0
16066,6,0
16067,6,0
16068,6,0
16069,6,0
16070,6,0
16071,6,0
16072,6,0
16073,6,0
16074,6,0
16075,6,0
16076,6,0
16077,6,0
16078,6,0
16079,6,0
16080,6,0
16081,6,0
16082,6,0
16083,6,0
16084,6,0
16085,6,2
16086,6,0
16087,6,0
16088,6,0
16089,6,0
16090,6,0
16091,6,2
16092,6,0
16093,6,0
16094,6,0
16095,6,0
16096,6,0
16097,6,0
16098,6,0
16099,6,2
16100,6,0
16101,6,0
16102,6,0
16103,6,0
16104,6,2
16105,6,0
16106,6,0
16107,6,0
16108,6,0
16109,6,0
16110,6,0
16111,6,2
16112,6,0
16113,6,0
16114,6,0
16115,6,0
16116,6,0
16117,6,0
16118,6,0
16119,6,0
16120,6,0
16121,6,0
16122,6,0
16123,6,0
16124,6,0
16125,6,0
16126,6,2
16127,6,3
16128,6,0
16129,6,2
16130,6,0
16131,6,0
16132,6,0
16133,6,0
16134,6,3
16135,6,0
16136,6,0
16137,6,0
16138,6,0
16139,6,0
16140,6,0
16141,6,0
16142,6,0
16143,6,3
16144,6,0
16145,6,0
16146,6,0
16147,6,0
16148,6,0
16149,6,0
16150,6,0
16151,6,0
16152,6,0
16153,6,0
16154,6,0
16155,6,0
16156,6,0
16157,6,0
16158,6,0
16159,6,2
16160,6,2
16161,6,0
16162,6,0
16163,6,0
16164,6,3
16165,6,3
16166,6,0
16167,6,0
16168,6,0
16169,6,0
16170,6,2
16171,6,0
16172,6,0
16173,6,0
16174,6,0
16175,6,0
16176,6,0
16177,6,0
16178,6,0
16179,6,0
16180,6,0
16181,6,0
16182,6,0
16183,6,0
16184,6,0
16185,6,0
16186,6,0
16187,6,0
16188,6,2
16189,6,0
16190,6,0
16191,6,0
16192,6,0
16193,6,0
16194,6,0
16195,6,0
16196,6,3
16197,6,0
16198,6,0
16199,6,0
16200,6,0
16201,6,0
16202,6,0
16203,6,0
16204,6,0
16205,6,0
16206,6,0
16207,6,0
16208,6,0
16209,6,2
16210,6,0
16211,6,0
16212,6,0
16213,6,0
16214,6,0
16215,6,0
16216,6,0
16217,6,0
16218,6,0
16219,6,0
16220,6,0
16221,6,0
16222,6,0
16223,6,0
16224,6,0
16225,6,2
16226,6,0
16227,6,0
16228,6,0
16229,6,0
16230,6,0
16231,6,0
16232,6,0
16233,6,0
16234,6,0
16235,6,0
16236,6,3
16237,6,0
16238,6,0
16239,6,0
16240,6,0
16241,6,0
16242,6,0
16243,6,0
16244,6,0
16245,6,0
16246,6,3
16247,6,0
16248,6,0
16249,6,0
16250,6,0
16251,6,0
16252,6,2
16253,6,0
16254,6,0
16255,6,0
16256,6,0
16257,6,0
16258,6,0
16259,6,0
16260,6,0
16261,6,0
16262,6,0
16263,6,0
16264,6,0
16265,6,0
16266,6,0
16267,6,0
16268,6,0
16269,6,0
16270,6,0
16271,6,2
16272,6,2
16273,6,0
16274,6,0
16275,6,0
16276,6,0
16277,6,0
16278,6,0
16279,6,0
16280,6,0
16281,6,0
16282,6,0
16283,6,0
16284,6,0
16285,6,3
16286,6,0
16287,6,0
16288,6,3
16289,6,0
16290,6,0
16291,6,0
16292,6,0
16293,6,0
16294,6,0
16295,6,0
16296,6,0
16297,6,0
16298,6,0
16299,6,2
16300,6,0
16301,6,0
16302,6,0
16303,6,0
16304,6,0
16305,6,0
16306,6,0
16307,6,0
16308,6,0
16309,6,0
16310,6,0
16311,6,0
16312,6,0
16313,6,0
16314,6,0
16315,6,0
16316,6,0
16317,6,0
16318,6,0
16319,6,0
16320,6,0
16321,6,0
16322,6,0
16323,6,0
16324,6,0
16325,6,0
16326,6,0
16327,6,0
16328,6,0
16329,6,0
16330,6,0
16331,6,0
16332,6,0
16333,6,0
16334,6,0
16335,6,0
16336,6,0
16337,6,0
16338,6,0
16339,6,0
16340,6,0
16341,6,0
16342,6,0
16343,6,0
16344,6,0
16345,6,0
16346,6,0
16347,6,0
16348,6,0
16349,6,0
16350,6,0
16351,6,0
16352,6,0
16353,6,0
16354,6,0
18753,7,0
18754,7,0
18755,7,0
18756,7,0
18757,7,0
18758,7,2
18759,7,2
18760,7,2
18761,7,0
18762,7,0
18763,7,0
18764,7,0
18765,7,0
18766,7,0
18767,7,0
18768,7,0
18769,7,2
18770,7,0
18771,7,0
18772,7,0
18773,7,0
18774,7,0
18775,7,2
18776,7,0
18777,7,0
18778,7,0
18779,7,0
18780,7,0
18781,7,0
18782,7,2
18783,7,2
18784,7,2
18785,7,0
18786,7,0
18787,7,2
18788,7,0
18789,7,0
18790,7,0
18791,7,0
18792,7,0
18793,7,2
18794,7,0
18795,7,2
18796,7,0
18797,7,0
18798,7,0
18799,7,0
18800,7,2
18801,7,0
18802,7,0
18803,7,2
18804,7,2
18805,7,0
18806,7,2
18807,7,2
18808,7,2
18809,7,0
18810,7,0
18811,7,0
18812,7,2
18813,7,2
18814,7,2
18815,7,0
18816,7,2
18817,7,0
18818,7,0
18819,7,2
18820,7,0
18821,7,2
18822,7,0
18823,7,0
18824,7,2
18825,7,0
18826,7,0
18827,7,2
18828,7,2
18829,7,0
18830,7,0
18831,7,2
18832,7,2
18833,7,0
18834,7,0
18835,7,2
18836,7,2
18837,7,2
18838,7,0
18839,7,0
18840,7,0
18841,7,0
18842,7,0
18843,7,0
18844,7,0
18845,7,0
18846,7,2
18847,7,2
18848,7,0
18849,7,0
18850,7,0
18851,7,0
18852,7,0
18853,7,0
18854,7,2
18855,7,0
18856,7,2
18857,7,0
18858,7,0
18859,7,0
18860,7,0
18861,7,0
18862,7,0
18863,7,2
18864,7,0
18865,7,0
18866,7,0
18867,7,0
18868,7,2
18869,7,0
18870,7,2
18871,7,0
18872,7,0
18873,7,0
18874,7,0
18875,7,0
18876,7,0
18877,7,0
18878,7,2
18879,7,0
18880,7,0
18881,7,0
18882,7,0
18883,7,0
18884,7,2
18885,7,2
18886,7,0
18887,7,2
18888,7,0
18889,7,0
18890,7,0
18891,7,0
18892,7,0
18893,7,2
18894,7,0
18895,7,0
18896,7,2
18897,7,2
18898,7,0
18899,7,0
18900,7,2
18901,7,2
18902,7,0
18903,7,2
18904,7,0
18905,7,0
18906,7,0
18907,7,2
18908,7,0
18909,7,0
18910,7,0
18911,7,0
18912,7,2
18913,7,2
18914,7,0
18915,7,0
18916,7,0
18917,7,0
18918,7,0
18919,7,0
18920,7,2
18921,7,2
18922,7,0
18923,7,0
18924,7,0
18925,7,0
18926,7,0
18927,7,2
18928,7,0
18929,7,0
18930,7,0
18931,7,0
18932,7,0
18933,7,0
18934,7,0
18935,7,0
18936,7,0
18937,7,0
18938,7,0
18939,7,0
18940,7,2
18941,7,0
18942,7,0
18943,7,0
18944,7,0
18945,7,0
18946,7,2
18947,7,0
18948,7,0
18949,7,2
18950,7,0
18951,7,0
18952,7,0
18953,7,0
18954,7,0
18955,7,0
18956,7,0
18957,7,0
18958,7,0
18959,7,0
18960,7,0
18961,7,2
18962,7,0
18963,7,2
18964,7,2
18965,7,2
18966,7,2
18967,7,0
18968,7,0
18969,7,0
18970,7,0
18971,7,0
18972,7,0
18973,7,0
18974,7,0
18975,7,2
18976,7,0
18977,7,0
18978,7,2
18979,7,2
18980,7,2
18981,7,0
18982,7,0
18983,7,0
18984,7,0
18985,7,2
18986,7,0
18987,7,0
18988,7,0
18989,7,0
18990,7,2
18991,7,0
18992,7,0
18993,7,0
18994,7,0
18995,7,0
18996,7,0
18997,7,0
18998,7,0
18999,7,0
19000,7,2
19001,7,2
19002,7,0
19003,7,2
19004,7,0
19005,7,0
19006,7,0
19007,7,0
19008,7,2
19009,7,0
19010,7,0
19011,7,0
19012,7,0
19013,7,0
19014,7,0
19015,7,2
19016,7,0
19017,7,2
19018,7,0
19019,7,0
19020,7,0
19021,7,0
19022,7,2
19023,7,0
19024,7,0
19025,7,0
19026,7,0
19027,7,0
19028,7,0
19029,7,0
19030,7,0
19031,7,0
19032,7,2
19033,7,0
19034,7,2
19035,7,2
19036,7,2
19037,7,0
19038,7,0
19039,7,2
19040,7,2
19041,7,0
19042,7,0
19043,7,0
19044,7,0
19045,7,0
19046,7,2
19047,7,0
19048,7,0
19049,7,0
19050,7,0
19051,7,2
19052,7,0
19053,7,0
19054,7,0
19055,7,0
19056,7,0
19057,7,0
19058,7,0
19059,7,0
19060,7,0
19061,7,0
19062,7,0
19063,7,2
19064,7,2
19065,7,2
19066,7,0
19067,7,2
19068,7,0
19069,7,0
19070,7,0
19071,7,0
19072,7,0
19073,7,0
19074,7,2
19075,7,0
19076,7,0
19077,7,0
19078,7,2
19079,7,0
19080,7,2
19081,7,2
19082,7,0
19083,7,0
19084,7,2
19085,7,0
19086,7,2
19087,7,0
19088,7,0
19089,7,0
19090,7,0
19091,7,0
19092,7,2
19093,7,0
19094,7,0
19095,7,2
19096,7,0
19097,7,0
19098,7,2
19099,7,2
19100,7,0
19101,7,0
19102,7,0
19103,7,0
19104,7,0
19105,7,0
19106,7,0
19107,7,0
19108,7,0
19109,7,0
19110,7,0
19111,7,2
19112,7,0
19113,7,0
19114,7,0
19115,7,2
19116,7,0
19117,7,0
19118,7,0
19119,7,2
19120,7,2
19121,7,2
19122,7,0
19123,7,0
19124,7,0
19125,7,0
19126,7,0
19127,7,2
19128,7,0
19129,7,0
19130,7,0
19131,7,2
19132,7,2
19133,7,0
19134,7,0
19135,7,0
19136,7,0
19137,7,0
19138,7,2
19139,7,0
19140,7,2
19141,7,2
19142,7,0
19143,7,0
19144,7,0
19145,7,2
19146,7,0
19147,7,0
19148,7,0
19149,7,0
19150,7,0
19151,7,0
19152,7,0
19153,7,0
19154,7,0
19155,7,0
19156,7,2
19157,7,0
19158,7,0
19159,7,0
19160,7,0
19161,7,2
19162,7,2
19163,7,0
19164,7,2
19165,7,2
19166,7,0
19167,7,2
19168,7,0
19169,7,0
19170,7,0
19171,7,0
19172,7,2
19173,7,0
19174,7,0
19175,7,0
19176,7,0
19177,7,0
19178,7,0
19179,7,0
19180,7,0
19181,7,0
19182,7,0
19183,7,0
19184,7,0
19185,7,0
19186,7,2
19187,7,0
19188,7,0
19189,7,0
19190,7,0
19191,7,0
19192,7,0
19193,7,0
19194,7,0
19195,7,2
19196,7,0
19197,7,2
19198,7,2
19199,7,0
19200,7,2
19201,7,2
19202,7,0
19203,7,2
19204,7,0
19205,7,0
19206,7,0
19207,7,0
19208,7,0
19209,7,0
19210,7,0
19211,7,0
19212,7,2
19213,7,0
19214,7,0
19215,7,0
19216,7,0
19217,7,0
19218,7,0
19219,7,0
19220,7,0
19221,7,0
19222,7,0
19223,7,0
19224,7,0
19225,7,0
19226,7,0
19227,7,2
19228,7,0
19229,7,0
19230,7,0
19231,7,0
19232,7,0
19233,7,2
19234,7,0
19235,7,0
19236,7,0
19237,7,2
19238,7,0
19239,7,0
19240,7,0
19241,7,0
19242,7,0
19243,7,0
19244,7,0
19245,7,0
19246,7,0
19247,7,0
19248,7,0
19249,7,0
19250,7,0
19251,7,0
19252,7,2
19253,7,2
19254,7,0
19255,7,2
19256,7,0
19257,7,0
19258,7,2
19259,7,2
19260,7,2
19261,7,0
19262,7,0
19263,7,0
19264,7,0
19265,7,2
19266,7,2
19267,7,0
19268,7,0
19269,7,0
19270,7,2
19271,7,0
19272,7,0
19273,7,0
19274,7,0
19275,7,0
19276,7,0
19277,7,0
19278,7,2
19279,7,0
19280,7,0
19281,7,0
19282,7,0
19283,7,0
19284,7,0
19285,7,0
19286,7,0
19287,7,0
19288,7,2
19289,7,0
19290,7,2
19291,7,0
19292,7,2
19293,7,2
19294,7,0
19295,7,2
19296,7,0
19297,7,0
19298,7,0
19299,7,0
19300,7,0
19301,7,0
19302,7,2
19303,7,2
19304,7,0
19305,7,0
19306,7,0
19307,7,0
19308,7,0
19309,7,0
19310,7,0
19311,7,0
19312,7,2
19313,7,0
19314,7,2
19315,7,0
19316,7,0
19317,7,0
19318,7,2
19319,7,0
19320,7,2
19321,7,0
19322,7,0
19323,7,0
19324,7,0
19325,7,0
19326,7,0
19327,7,0
19328,7,2
19329,7,0
19330,7,0
19331,7,2
19332,7,0
19333,7,0
19334,7,0
19335,7,0
19336,7,2
19337,7,2
19338,7,2
19339,7,0
19340,7,0
19341,7,0
19342,7,0
19343,7,0
19344,7,0
19345,7,2
19346,7,0
19347,7,0
19348,7,2
19349,7,0
19350,7,0
19351,7,0
21752,8,0
21753,8,0
21754,8,2
21755,8,2
21756,8,2
21757,8,0
21758,8,2
21759,8,0
21760,8,2
21761,8,0
21762,8,0
21763,8,0
21764,8,2
21765,8,0
21766,8,0
21767,8,0
21768,8,0
21769,8,0
21770,8,0
21771,8,0
21772,8,2
21773,8,2
21774,8,2
21775,8,0
21776,8,0
21777,8,0
21778,8,2
21779,8,0
21780,8,2
21781,8,0
21782,8,0
21783,8,2
21784,8,0
21785,8,0
21786,8,2
21787,8,2
21788,8,0
21789,8,0
21790,8,2
21791,8,0
21792,8,2
21793,8,0
21794,8,2
21795,8,2
21796,8,2
21797,8,0
21798,8,0
21799,8,2
21800,8,0
21801,8,0
21802,8,0
21803,8,2
21804,8,2
21805,8,2
21806,8,2
21807,8,0
21808,8,2
21809,8,0
21810,8,2
21811,8,2
21812,8,0
21813,8,0
21814,8,2
21815,8,2
21816,8,0
21817,8,2
21818,8,2
21819,8,0
21820,8,0
21821,8,0
21822,8,0
21823,8,0
21824,8,0
21825,8,2
21826,8,2
21827,8,0
21828,8,0
21829,8,0
21830,8,2
21831,8,0
21832,8,0
21833,8,0
21834,8,0
21835,8,2
21836,8,0
21837,8,0
21838,8,2
21839,8,0
21840,8,2
21841,8,2
21842,8,0
21843,8,0
21844,8,2
21845,8,2
21846,8,2
21847,8,2
21848,8,2
21849,8,2
21850,8,2
21851,8,0
21852,8,0
21853,8,2
21854,8,0
21855,8,2
21856,8,2
21857,8,0
21858,8,0
21859,8,0
21860,8,0
21861,8,2
21862,8,2
21863,8,0
21864,8,2
21865,8,0
21866,8,2
21867,8,2
21868,8,0
21869,8,0
21870,8,0
21871,8,2
21872,8,0
21873,8,0
21874,8,0
21875,8,2
21876,8,0
21877,8,0
21878,8,0
21879,8,0
21880,8,0
21881,8,2
21882,8,0
21883,8,0
21884,8,2
21885,8,2
21886,8,2
21887,8,2
21888,8,0
21889,8,0
21890,8,0
21891,8,2
21892,8,0
21893,8,0
21894,8,0
21895,8,0
21896,8,2
21897,8,2
21898,8,0
21899,8,2
21900,8,0
21901,8,2
21902,8,0
21903,8,0
21904,8,0
21905,8,2
21906,8,2
21907,8,0
21908,8,0
21909,8,0
21910,8,0
21911,8,0
21912,8,0
21913,8,0
21914,8,0
21915,8,2
21916,8,0
21917,8,0
21918,8,0
21919,8,0
21920,8,0
21921,8,2
21922,8,2
21923,8,0
21924,8,2
21925,8,2
21926,8,2
21927,8,2
21928,8,2
21929,8,0
21930,8,2
21931,8,0
21932,8,0
21933,8,0
21934,8,0
21935,8,0
21936,8,0
21937,8,0
21938,8,2
21939,8,0
21940,8,2
21941,8,0
21942,8,0
21943,8,0
21944,8,2
21945,8,0
21946,8,2
21947,8,0
21948,8,0
21949,8,0
21950,8,2
21951,8,0
21952,8,0
21953,8,2
21954,8,2
21955,8,0
21956,8,0
21957,8,0
21958,8,0
21959,8,0
21960,8,0
21961,8,0
21962,8,0
21963,8,0
21964,8,0
21965,8,0
21966,8,0
21967,8,0
21968,8,0
21969,8,0
21970,8,0
21971,8,0
21972,8,0
21973,8,0
21974,8,0
21975,8,0
21976,8,2
21977,8,2
21978,8,2
21979,8,0
21980,8,2
21981,8,2
21982,8,2
21983,8,2
21984,8,0
21985,8,0
21986,8,2
21987,8,2
21988,8,2
21989,8,0
21990,8,0
21991,8,0
21992,8,2
21993,8,2
21994,8,0
21995,8,2
21996,8,2
21997,8,2
21998,8,2
21999,8,2
22000,8,2
22001,8,2
22002,8,2
22003,8,0
22004,8,2
22005,8,2
22006,8,2
22007,8,2
22008,8,0
22009,8,2
22010,8,2
22011,8,0
22012,8,2
22013,8,2
22014,8,2
22015,8,2
22016,8,2
22017,8,2
22018,8,2
22019,8,2
22020,8,2
22021,8,0
22022,8,0
22023,8,0
22024,8,0
22025,8,2
22026,8,2
22027,8,2
22028,8,0
22029,8,2
22030,8,2
22031,8,0
22032,8,2
22033,8,0
22034,8,2
22035,8,2
22036,8,0
22037,8,0
22038,8,0
22039,8,0
22040,8,0
22041,8,2
22042,8,2
22043,8,2
22044,8,0
22045,8,0
22046,8,0
22047,8,0
22048,8,2
22049,8,0
22050,8,2
22051,8,2
22052,8,2
22053,8,2
22054,8,2
22055,8,2
22056,8,0
22057,8,0
22058,8,0
22059,8,0
22060,8,2
22061,8,0
22062,8,2
22063,8,0
22064,8,2
22065,8,0
22066,8,0
22067,8,2
22068,8,2
22069,8,0
22070,8,0
22071,8,2
22072,8,2
22073,8,0
22074,8,0
22075,8,0
22076,8,0
22077,8,0
22078,8,0
22079,8,0
22080,8,2
22081,8,0
22082,8,0
22083,8,0
22084,8,0
22085,8,0
22086,8,2
22087,8,0
22088,8,2
22089,8,2
22090,8,2
22091,8,2
22092,8,0
22093,8,2
22094,8,2
22095,8,0
22096,8,2
22097,8,2
22098,8,0
22099,8,2
22100,8,0
22101,8,0
22102,8,2
22103,8,0
22104,8,2
22105,8,2
22106,8,2
22107,8,2
22108,8,2
22109,8,0
22110,8,2
22111,8,2
22112,8,0
22113,8,2
22114,8,2
22115,8,2
22116,8,0
22117,8,2
22118,8,2
22119,8,2
22120,8,2
22121,8,2
22122,8,2
22123,8,2
22124,8,0
22125,8,0
22126,8,2
22127,8,2
22128,8,0
22129,8,0
22130,8,2
22131,8,0
22132,8,2
22133,8,2
22134,8,0
22135,8,2
22136,8,2
22137,8,2
22138,8,2
22139,8,0
22140,8,0
22141,8,2
22142,8,2
22143,8,2
22144,8,0
22145,8,0
22146,8,0
22147,8,0
22148,8,2
22149,8,2
22150,8,0
22151,8,2
22152,8,2
22153,8,0
22154,8,0
22155,8,2
22156,8,0
22157,8,0
22158,8,2
22159,8,2
22160,8,0
22161,8,2
22162,8,2
22163,8,2
22164,8,0
22165,8,0
22166,8,0
22167,8,0
22168,8,0
22169,8,2
22170,8,2
22171,8,0
22172,8,0
22173,8,0
22174,8,2
22175,8,2
22176,8,0
22177,8,2
22178,8,2
22179,8,0
22180,8,0
22181,8,0
22182,8,2
22183,8,2
22184,8,2
22185,8,2
22186,8,2
22187,8,2
22188,8,0
22189,8,2
22190,8,0
22191,8,2
22192,8,2
22193,8,0
22194,8,2
22195,8,0
22196,8,2
22197,8,0
22198,8,0
22199,8,2
22200,8,2
22201,8,0
22202,8,0
22203,8,2
22204,8,2
22205,8,0
22206,8,0
22207,8,0
22208,8,0
22209,8,2
22210,8,0
22211,8,2
22212,8,2
22213,8,0
22214,8,2
22215,8,2
22216,8,0
22217,8,0
22218,8,0
22219,8,2
22220,8,0
22221,8,0
22222,8,0
22223,8,2
22224,8,2
22225,8,2
22226,8,2
22227,8,0
22228,8,0
22229,8,0
22230,8,0
22231,8,0
22232,8,0
22233,8,2
22234,8,0
22235,8,2
22236,8,0
22237,8,2
22238,8,2
22239,8,0
22240,8,0
22241,8,0
22242,8,0
22243,8,0
22244,8,0
22245,8,2
22246,8,0
22247,8,2
22248,8,0
22249,8,2
22250,8,2
22251,8,2
22252,8,0
22253,8,2
22254,8,2
22255,8,0
22256,8,0
22257,8,2
22258,8,0
22259,8,2
22260,8,0
22261,8,0
22262,8,0
22263,8,2
22264,8,0
22265,8,0
22266,8,0
22267,8,2
22268,8,0
22269,8,2
22270,8,0
22271,8,0
22272,8,2
22273,8,2
22274,8,2
22275,8,0
22276,8,0
22277,8,0
22278,8,2
22279,8,2
22280,8,0
22281,8,2
22282,8,0
22283,8,2
22284,8,0
22285,8,2
22286,8,0
22287,8,0
22288,8,0
22289,8,0
22290,8,0
22291,8,0
22292,8,0
22293,8,0
22294,8,0
22295,8,0
22296,8,2
22297,8,0
22298,8,0
22299,8,2
22300,8,2
22301,8,2
22302,8,2
22303,8,0
22304,8,2
22305,8,0
22306,8,0
22307,8,0
22308,8,2
22309,8,2
22310,8,2
22311,8,0
22312,8,2
22313,8,0
22314,8,2
22315,8,2
22316,8,0
22317,8,2
22318,8,2
22319,8,0
22320,8,2
22321,8,0
22322,8,0
22323,8,2
22324,8,0
22325,8,0
22326,8,0
22327,8,0
22328,8,0
22329,8,0
22330,8,2
22331,8,0
22332,8,0
22333,8,0
22334,8,0
22335,8,0
22336,8,2
22337,8,0
22338,8,2
22339,8,0
22340,8,0
22341,8,2
22342,8,2
22343,8,0
22344,8,0
22345,8,0
22346,8,0
22347,8,2
22348,8,0
22349,8,2
22350,8,2
24750,9,1
24751,9,2
24752,9,1
24753,9,1
24754,9,1
24755,9,2
24756,9,1
24757,9,2
24758,9,1
24759,9,2
24760,9,1
24761,9,1
24762,9,1
24763,9,1
24764,9,2
24765,9,1
24766,9,1
24767,9,2
24768,9,1
24769,9,1
24770,9,2
24771,9,1
24772,9,1
24773,9,1
24774,9,2
24775,9,1
24776,9,1
24777,9,2
24778,9,1
24779,9,2
24780,9,2
24781,9,1
24782,9,2
24783,9,2
24784,9,1
24785,9,1
24786,9,2
24787,9,2
24788,9,1
24789,9,1
24790,9,2
24791,9,2
24792,9,1
24793,9,1
24794,9,1
24795,9,1
24796,9,2
24797,9,1
24798,9,1
24799,9,2
24800,9,2
24801,9,2
24802,9,1
24803,9,1
24804,9,1
24805,9,1
24806,9,2
24807,9,1
24808,9,1
24809,9,1
24810,9,2
24811,9,1
24812,9,1
24813,9,2
24814,9,2
24815,9,2
24816,9,1
24817,9,2
24818,9,1
24819,9,1
24820,9,1
24821,9,2
24822,9,1
24823,9,2
24824,9,2
24825,9,1
24826,9,1
24827,9,1
24828,9,1
24829,9,2
24830,9,1
24831,9,2
24832,9,2
24833,9,1
24834,9,2
24835,9,1
24836,9,1
24837,9,1
24838,9,1
24839,9,1
24840,9,1
24841,9,1
24842,9,1
24843,9,2
24844,9,2
24845,9,2
24846,9,1
24847,9,1
24848,9,1
24849,9,2
24850,9,2
24851,9,1
24852,9,1
24853,9,1
24854,9,1
24855,9,1
24856,9,1
24857,9,1
24858,9,1
24859,9,1
24860,9,1
24861,9,2
24862,9,2
24863,9,1
24864,9,2
24865,9,1
24866,9,1
24867,9,1
24868,9,2
24869,9,1
24870,9,2
24871,9,1
24872,9,1
24873,9,1
24874,9,1
24875,9,1
24876,9,2
24877,9,2
24878,9,2
24879,9,2
24880,9,1
24881,9,1
24882,9,1
24883,9,2
24884,9,1
24885,9,1
24886,9,1
24887,9,2
24888,9,1
24889,9,1
24890,9,1
24891,9,1
24892,9,2
24893,9,1
24894,9,1
24895,9,2
24896,9,1
24897,9,1
24898,9,1
24899,9,1
24900,9,1
24901,9,1
24902,9,1
24903,9,1
24904,9,2
24905,9,2
24906,9,1
24907,9,1
24908,9,1
24909,9,1
24910,9,2
24911,9,1
24912,9,1
24913,9,1
24914,9,1
24915,9,1
24916,9,2
24917,9,1
24918,9,1
24919,9,1
24920,9,2
24921,9,1
24922,9,1
24923,9,2
24924,9,2
24925,9,2
24926,9,1
24927,9,1
24928,9,1
24929,9,2
24930,9,2
24931,9,1
24932,9,1
24933,9,2
24934,9,1
24935,9,1
24936,9,2
24937,9,1
24938,9,2
24939,9,1
24940,9,1
24941,9,1
24942,9,2
24943,9,1
24944,9,1
24945,9,1
24946,9,2
24947,9,1
24948,9,1
24949,9,1
24950,9,2
24951,9,2
24952,9,1
24953,9,1
24954,9,1
24955,9,2
24956,9,1
24957,9,2
24958,9,1
24959,9,1
24960,9,1
24961,9,1
24962,9,1
24963,9,1
24964,9,2
24965,9,2
24966,9,1
24967,9,2
24968,9,1
24969,9,1
24970,9,1
24971,9,1
24972,9,1
24973,9,1
24974,9,2
24975,9,1
24976,9,1
24977,9,2
24978,9,1
24979,9,2
24980,9,1
24981,9,1
24982,9,1
24983,9,1
24984,9,2
24985,9,2
24986,9,2
24987,9,1
24988,9,1
24989,9,2
24990,9,2
24991,9,1
24992,9,2
24993,9,1
24994,9,2
24995,9,2
24996,9,1
24997,9,1
24998,9,1
24999,9,1
25000,9,2
25001,9,1
25002,9,1
25003,9,1
25004,9,2
25005,9,1
25006,9,2
25007,9,1
25008,9,1
25009,9,2
25010,9,1
25011,9,1
25012,9,2
25013,9,1
25014,9,1
25015,9,2
25016,9,2
25017,9,1
25018,9,2
25019,9,1
25020,9,1
25021,9,1
25022,9,1
25023,9,1
25024,9,2
25025,9,2
25026,9,2
25027,9,1
25028,9,1
25029,9,2
25030,9,1
25031,9,1
25032,9,1
25033,9,2
25034,9,1
25035,9,2
25036,9,1
25037,9,2
25038,9,1
25039,9,2
25040,9,2
25041,9,1
25042,9,1
25043,9,1
25044,9,1
25045,9,1
25046,9,2
25047,9,2
25048,9,1
25049,9,1
25050,9,1
25051,9,1
25052,9,1
25053,9,2
25054,9,2
25055,9,1
25056,9,1
25057,9,1
25058,9,1
25059,9,1
25060,9,1
25061,9,2
25062,9,1
25063,9,1
25064,9,2
25065,9,1
25066,9,1
25067,9,1
25068,9,1
25069,9,2
25070,9,1
25071,9,1
25072,9,1
25073,9,1
25074,9,1
25075,9,2
25076,9,1
25077,9,2
25078,9,1
25079,9,2
25080,9,1
25081,9,2
25082,9,1
25083,9,1
25084,9,1
25085,9,1
25086,9,1
25087,9,2
25088,9,1
25089,9,1
25090,9,1
25091,9,1
25092,9,2
25093,9,1
25094,9,1
25095,9,1
25096,9,1
25097,9,1
25098,9,1
25099,9,2
25100,9,2
25101,9,2
25102,9,2
25103,9,1
25104,9,2
25105,9,2
25106,9,1
25107,9,1
25108,9,1
25109,9,2
25110,9,2
25111,9,1
25112,9,1
25113,9,1
25114,9,2
25115,9,2
25116,9,1
25117,9,1
25118,9,1
25119,9,2
25120,9,1
25121,9,2
25122,9,1
25123,9,2
25124,9,1
25125,9,1
25126,9,1
25127,9,2
25128,9,1
25129,9,1
25130,9,1
25131,9,1
25132,9,1
25133,9,2
25134,9,1
25135,9,1
25136,9,1
25137,9,2
25138,9,2
25139,9,2
25140,9,2
25141,9,1
25142,9,1
25143,9,1
25144,9,1
25145,9,1
25146,9,1
25147,9,2
25148,9,1
25149,9,2
25150,9,1
25151,9,1
25152,9,2
25153,9,1
25154,9,1
25155,9,1
25156,9,2
25157,9,1
25158,9,2
25159,9,2
25160,9,2
25161,9,1
25162,9,1
25163,9,1
25164,9,1
25165,9,1
25166,9,1
25167,9,2
25168,9,2
25169,9,2
25170,9,2
25171,9,2
25172,9,1
25173,9,1
25174,9,2
25175,9,1
25176,9,1
25177,9,1
25178,9,1
25179,9,2
25180,9,2
25181,9,2
25182,9,1
25183,9,1
25184,9,2
25185,9,2
25186,9,2
25187,9,1
25188,9,1
25189,9,1
25190,9,1
25191,9,1
25192,9,1
25193,9,1
25194,9,2
25195,9,1
25196,9,1
25197,9,1
25198,9,1
25199,9,1
25200,9,1
25201,9,1
25202,9,2
25203,9,1
25204,9,2
25205,9,2
25206,9,1
25207,9,2
25208,9,1
25209,9,1
25210,9,1
25211,9,2
25212,9,2
25213,9,1
25214,9,2
25215,9,1
25216,9,1
25217,9,1
25218,9,1
25219,9,2
25220,9,1
25221,9,2
25222,9,1
25223,9,1
25224,9,1
25225,9,2
25226,9,1
25227,9,1
25228,9,1
25229,9,1
25230,9,1
25231,9,1
25232,9,2
25233,9,2
25234,9,1
25235,9,1
25236,9,1
25237,9,2
25238,9,1
25239,9,1
25240,9,1
25241,9,1
25242,9,2
25243,9,1
25244,9,1
25245,9,1
25246,9,1
25247,9,2
25248,9,2
25249,9,1
25250,9,1
25251,9,2
25252,9,2
25253,9,2
25254,9,1
25255,9,2
25256,9,1
25257,9,2
25258,9,2
25259,9,1
25260,9,1
25261,9,2
25262,9,2
25263,9,1
25264,9,1
25265,9,1
25266,9,2
25267,9,1
25268,9,1
25269,9,1
25270,9,2
25271,9,1
25272,9,1
25273,9,1
25274,9,2
25275,9,2
25276,9,2
25277,9,2
25278,9,1
25279,9,2
25280,9,1
25281,9,1
25282,9,2
25283,9,1
25284,9,1
25285,9,2
25286,9,1
25287,9,1
25288,9,2
25289,9,2
25290,9,1
25291,9,1
25292,9,2
25293,9,2
25294,9,1
25295,9,1
25296,9,1
25297,9,2
25298,9,2
25299,9,2
25300,9,2
25301,9,1
25302,9,1
25303,9,2
25304,9,1
25305,9,1
25306,9,1
25307,9,2
25308,9,1
25309,9,2
25310,9,1
25311,9,1
25312,9,2
25313,9,2
25314,9,2
25315,9,2
25316,9,1
25317,9,1
25318,9,2
25319,9,2
25320,9,1
25321,9,1
25322,9,1
25323,9,1
25324,9,2
25325,9,2
25326,9,2
25327,9,1
25328,9,1
25329,9,1
25330,9,1
25331,9,1
25332,9,1
25333,9,2
25334,9,2
25335,9,1
25336,9,1
25337,9,1
25338,9,2
25339,9,1
25340,9,1
25341,9,2
25342,9,1
25343,9,1
25344,9,1
25345,9,2
25346,9,2
25347,9,2
25348,9,2
27589,10,1
27590,10,1
27591,10,1
27592,10,2
27593,10,2
27594,10,1
27595,10,1
27596,10,2
27597,10,2
27598,10,1
27599,10,1
27600,10,2
27601,10,1
27602,10,2
27603,10,2
27604,10,1
27605,10,1
27606,10,2
27607,10,1
27608,10,2
27609,10,1
27610,10,1
27611,10,1
27612,10,1
27613,10,2
27614,10,1
27615,10,1
27616,10,1
27617,10,1
27618,10,1
27619,10,1
27620,10,1
27621,10,1
27622,10,2
27623,10,1
27624,10,2
27625,10,1
27626,10,1
27627,10,1
27628,10,2
27629,10,2
27630,10,1
27631,10,2
27632,10,1
27633,10,2
27634,10,2
27635,10,2
27636,10,1
27637,10,2
27638,10,1
27639,10,2
27640,10,1
27641,10,1
27642,10,2
27643,10,2
27644,10,2
27645,10,2
27646,10,1
27647,10,1
27648,10,1
27649,10,1
27650,10,1
27651,10,2
27652,10,2
27653,10,1
27654,10,1
27655,10,1
27656,10,2
27657,10,1
27658,10,1
27659,10,2
27660,10,1
27661,10,1
27662,10,2
27663,10,1
27664,10,2
27665,10,1
27666,10,1
27667,10,1
27668,10,1
27669,10,1
27670,10,2
27671,10,2
27672,10,1
27673,10,1
27674,10,2
27675,10,1
27676,10,1
27677,10,1
27678,10,1
27679,10,1
27680,10,2
27681,10,1
27682,10,2
27683,10,2
27684,10,2
27685,10,1
27686,10,2
27687,10,1
27688,10,2
27689,10,1
27690,10,1
27691,10,2
27692,10,1
27693,10,2
27694,10,1
27695,10,1
27696,10,1
27697,10,1
27698,10,1
27699,10,1
27700,10,1
27701,10,2
27702,10,1
27703,10,2
27704,10,1
27705,10,2
27706,10,1
27707,10,1
27708,10,1
27709,10,1
27710,10,2
27711,10,2
27712,10,1
27713,10,1
27714,10,1
27715,10,1
27716,10,1
27717,10,2
27718,10,2
27719,10,1
27720,10,2
27721,10,1
27722,10,1
27723,10,1
27724,10,1
27725,10,1
27726,10,1
27727,10,1
27728,10,1
27729,10,2
27730,10,2
27731,10,1
27732,10,1
27733,10,2
27734,10,2
27735,10,1
27736,10,1
27737,10,2
27738,10,1
27739,10,1
27740,10,1
27741,10,1
27742,10,2
27743,10,2
27744,10,1
27745,10,1
27746,10,2
27747,10,1
27748,10,1
27749,10,1
27750,10,1
27751,10,2
27752,10,1
27753,10,1
27754,10,2
27755,10,2
27756,10,1
27757,10,1
27758,10,1
27759,10,1
27760,10,1
27761,10,1
27762,10,1
27763,10,1
27764,10,2
27765,10,2
27766,10,1
27767,10,1
27768,10,1
27769,10,1
27770,10,1
27771,10,2
27772,10,1
27773,10,2
27774,10,1
27775,10,1
27776,10,2
27777,10,1
27778,10,2
27779,10,1
27780,10,1
27781,10,1
27782,10,1
27783,10,2
27784,10,2
27785,10,1
27786,10,2
27787,10,2
27788,10,2
27789,10,2
27790,10,2
27791,10,2
27792,10,1
27793,10,1
27794,10,1
27795,10,2
27796,10,2
27797,10,1
27798,10,1
27799,10,1
27800,10,2
27801,10,1
27802,10,1
27803,10,1
27804,10,2
27805,10,2
27806,10,1
27807,10,2
27808,10,1
27809,10,1
27810,10,2
27811,10,2
27812,10,1
27813,10,1
27814,10,1
27815,10,1
27816,10,1
27817,10,2
27818,10,1
27819,10,2
27820,10,2
27821,10,1
27822,10,2
27823,10,1
27824,10,1
27825,10,1
27826,10,2
27827,10,2
27828,10,2
27829,10,1
27830,10,1
27831,10,1
27832,10,1
27833,10,1
27834,10,1
27835,10,1
27836,10,2
27837,10,1
27838,10,2
27839,10,2
27840,10,2
27841,10,1
27842,10,2
27843,10,2
27844,10,1
27845,10,1
27846,10,1
27847,10,1
27848,10,2
27849,10,2
27850,10,2
27851,10,2
27852,10,2
27853,10,2
27854,10,1
27855,10,1
27856,10,2
27857,10,1
27858,10,2
27859,10,2
27860,10,1
27861,10,1
27862,10,1
27863,10,1
27864,10,1
27865,10,1
27866,10,1
27867,10,2
27868,10,1
27869,10,2
27870,10,1
27871,10,1
27872,10,1
27873,10,1
27874,10,2
27875,10,1
27876,10,2
27877,10,1
27878,10,1
27879,10,1
27880,10,2
27881,10,1
27882,10,1
27883,10,1
27884,10,1
27885,10,1
27886,10,1
27887,10,2
27888,10,2
27889,10,1
27890,10,2
27891,10,1
27892,10,2
27893,10,1
27894,10,2
27895,10,2
27896,10,2
27897,10,2
27898,10,2
27899,10,1
27900,10,1
27901,10,1
27902,10,2
27903,10,2
27904,10,1
27905,10,1
27906,10,1
27907,10,1
27908,10,1
27909,10,2
27910,10,2
27911,10,1
27912,10,2
27913,10,2
27914,10,1
27915,10,1
27916,10,1
27917,10,1
27918,10,2
27919,10,1
27920,10,1
27921,10,1
27922,10,1
27923,10,1
27924,10,1
27925,10,1
27926,10,1
27927,10,1
27928,10,1
27929,10,1
27930,10,2
27931,10,1
27932,10,1
27933,10,1
27934,10,1
27935,10,1
27936,10,2
27937,10,2
27938,10,2
27939,10,1
27940,10,1
27941,10,2
27942,10,1
27943,10,1
27944,10,1
27945,10,1
27946,10,2
27947,10,1
27948,10,2
27949,10,1
27950,10,2
27951,10,1
27952,10,2
27953,10,1
27954,10,1
27955,10,2
27956,10,1
27957,10,1
27958,10,1
27959,10,1
27960,10,2
27961,10,2
27962,10,2
27963,10,2
27964,10,1
27965,10,1
27966,10,1
27967,10,1
27968,10,2
27969,10,2
27970,10,1
27971,10,1
27972,10,1
27973,10,1
27974,10,2
27975,10,1
27976,10,2
27977,10,1
27978,10,2
27979,10,2
27980,10,2
27981,10,2
27982,10,2
27983,10,1
27984,10,2
27985,10,2
27986,10,1
27987,10,1
27988,10,2
27989,10,1
27990,10,1
27991,10,1
27992,10,1
27993,10,1
27994,10,2
27995,10,2
27996,10,1
27997,10,1
27998,10,2
27999,10,2
28000,10,1
28001,10,1
28002,10,1
28003,10,1
28004,10,1
28005,10,1
28006,10,1
28007,10,1
28008,10,1
28009,10,1
28010,10,1
28011,10,1
28012,10,1
28013,10,2
28014,10,2
28015,10,1
28016,10,1
28017,10,2
28018,10,2
28019,10,2
28020,10,1
28021,10,2
28022,10,2
28023,10,2
28024,10,1
28025,10,2
28026,10,1
28027,10,1
28028,10,2
28029,10,1
28030,10,2
28031,10,1
28032,10,2
28033,10,2
28034,10,1
28035,10,2
28036,10,1
28037,10,1
28038,10,1
28039,10,2
28040,10,2
28041,10,2
28042,10,2
28043,10,2
28044,10,1
28045,10,1
28046,10,2
28047,10,1
28048,10,1
28049,10,2
28050,10,1
28051,10,2
28052,10,1
28053,10,1
28054,10,1
28055,10,2
28056,10,1
28057,10,1
28058,10,1
28059,10,1
28060,10,1
28061,10,2
28062,10,2
28063,10,1
28064,10,1
28065,10,2
28066,10,1
28067,10,1
28068,10,2
28069,10,1
28070,10,2
28071,10,1
28072,10,1
28073,10,1
28074,10,1
28075,10,1
28076,10,1
28077,10,2
28078,10,2
28079,10,2
28080,10,2
28081,10,1
28082,10,2
28083,10,2
28084,10,1
28085,10,1
28086,10,1
28087,10,1
28088,10,1
28089,10,1
28090,10,2
28091,10,1
28092,10,1
28093,10,1
28094,10,1
28095,10,1
28096,10,2
28097,10,1
28098,10,2
28099,10,1
28100,10,1
28101,10,1
28102,10,1
28103,10,2
28104,10,2
28105,10,2
28106,10,2
28107,10,2
28108,10,2
28109,10,1
28110,10,2
28111,10,1
28112,10,1
28113,10,1
28114,10,2
28115,10,1
28116,10,2
28117,10,1
28118,10,2
28119,10,2
28120,10,2
28121,10,1
28122,10,1
28123,10,2
28124,10,1
28125,10,1
28126,10,1
28127,10,2
28128,10,2
28129,10,2
28130,10,1
28131,10,2
28132,10,1
28133,10,1
28134,10,1
