ID,Count
18288,523
18289,515
18290,509
18291,504
18292,501
18293,499
18294,497
18295,496
18296,495
18297,494
18298,494
18299,493
18300,493
18301,493
18302,493
18303,493
18304,493
18305,493
18306,493
18307,493
18308,493
18309,493
18310,494
18311,494
18312,494
18313,494
18314,494
18315,494
18316,494
18317,494
18318,495
18319,495
18320,495
18321,495
18322,495
18323,495
18324,495
18325,496
18326,496
18327,496
18328,496
18329,496
18330,496
18331,496
18332,497
18333,497
18334,497
18335,497
18336,497
18337,497
18338,497
18339,498
18340,498
18341,498
18342,498
18343,498
18344,498
18345,498
18346,499
18347,499
18348,499
18349,499
18350,499
18351,499
18352,499
18353,499
18354,500
18355,500
18356,500
18357,500
18358,500
18359,500
18360,500
18361,501
18362,501
18363,501
18364,501
18365,501
18366,501
18367,501
18368,502
18369,502
18370,502
18371,502
18372,502
18373,502
18374,502
18375,503
18376,503
18377,503
18378,503
18379,503
18380,503
18381,503
18382,504
18383,504
18384,504
18385,504
18386,504
18387,504
18388,504
18389,505
18390,505
18391,505
18392,505
18393,505
18394,505
18395,505
18396,506
18397,506
18398,506
18399,506
18400,506
18401,506
18402,506
18403,507
18404,507
18405,507
18406,507
18407,507
18408,507
18409,507
18410,508
18411,508
18412,508
18413,508
18414,508
18415,508
18416,508
18417,509
18418,509
18419,509
18420,509
18421,509
18422,509
18423,509
18424,510
18425,510
18426,510
18427,510
18428,510
18429,510
18430,510
18431,511
18432,511
18433,511
18434,511
18435,511
18436,511
18437,511
18438,512
18439,512
18440,512
18441,512
18442,512
18443,512
18444,512
18445,513
18446,513
18447,513
18448,513
18449,513
18450,513
18451,513
18452,514
18453,514
18454,514
18455,514
18456,514
18457,514
18458,515
18459,515
18460,515
18461,515
18462,515
18463,515
18464,515
18465,516
18466,516
18467,516
18468,516
18469,516
18470,516
18471,516
18472,517
18473,517
18474,517
18475,517
18476,517
18477,517
18478,517
18479,518
18480,518
18481,518
18482,518
18483,518
18484,518
18485,518
18486,519
18487,519
18488,519
18489,519
18490,519
18491,519
18492,519
18493,520
18494,520
18495,520
18496,520
18497,520
18498,520
18499,520
18500,521
18501,521
18502,521
18503,521
18504,521
18505,521
18506,522
18507,522
18508,522
18509,522
18510,522
18511,522
18512,522
18513,523
18514,523
18515,523
18516,523
18517,523
18518,523
18519,523
18520,524
18521,524
18522,524
18523,524
18524,524
18525,524
18526,524
18527,525
18528,525
18529,525
18530,525
18531,525
18532,525
18533,526
18534,526
18535,526
18536,526
18537,526
18538,526
18539,526
18540,527
18541,527
18542,527
18543,527
18544,527
18545,527
18546,527
18547,528
18548,528
18549,528
18550,528
18551,528
18552,528
18553,528
18554,529
18555,529
18556,529
18557,529
18558,529
18559,529
18560,530
18561,530
18562,530
18563,530
18564,530
18565,530
18566,530
18567,531
18568,531
18569,531
18570,531
18571,531
18572,531
18573,531
18574,532
18575,532
18576,532
18577,532
18578,532
18579,532
18580,533
18581,533
18582,533
18583,533
18584,533
18585,533
18586,533
18587,534
18588,534
18589,534
18590,534
18591,534
18592,534
18593,534
18594,535
18595,535
18596,535
18597,535
18598,535
18599,535
18600,536
18601,536
18602,536
18603,536
18604,536
18605,536
18606,536
18607,537
18608,537
18609,537
18610,537
18611,537
18612,537
18613,537
18614,538
18615,538
18616,538
18617,538
18618,538
18619,538
18620,539
18621,539
18622,539
18623,539
18624,539
18625,539
18626,539
18627,540
18628,540
18629,540
18630,540
18631,540
18632,540
18633,541
18634,541
18635,541
18636,541
18637,541
18638,541
18639,541
18640,542
18641,542
18642,542
18643,542
18644,542
18645,542
18646,543
18647,543
18648,543
18649,543
18650,543
18651,543
18652,543
18653,544
18654,544
18655,544
18656,544
18657,544
18658,544
18659,545
18660,545
18661,545
18662,545
18663,545
18664,545
18665,545
18666,546
18667,546
18668,546
18669,546
18670,546
18671,546
18672,547
18673,547
18674,547
18675,547
18676,547
18677,547
18678,547
18679,548
18680,548
18681,548
18682,548
18683,548
18684,548
18685,549
18686,549
18687,549
18688,549
18689,549
18690,549
18691,549
18692,550
18693,550
18694,550
18695,550
18696,550
18697,550
18698,551
18699,551
18700,551
18701,551
18702,551
18703,551
18704,551
18705,552
18706,552
18707,552
18708,552
18709,552
18710,552
18711,553
18712,553
18713,553
18714,553
18715,553
18716,553
18717,553
18718,554
18719,554
18720,554
18721,554
18722,554
18723,554
18724,555
18725,555
18726,555
18727,555
18728,555
18729,555
18730,556
18731,556
18732,556
18733,556
18734,556
18735,556
18736,556
18737,557
18738,557
18739,557
18740,557
18741,557
18742,557
18743,558
18744,558
18745,558
18746,558
18747,558
18748,558
18749,559
18750,559
18751,559
18752,559
18753,559
18754,559
18755,559
18756,560
18757,560
18758,560
18759,560
18760,560
18761,560
18762,561
18763,561
18764,561
18765,561
18766,561
18767,561
18768,562
18769,562
18770,562
18771,562
18772,562
18773,562
18774,562
18775,563
18776,563
18777,563
18778,563
18779,563
18780,563
18781,564
18782,564
18783,564
18784,564
18785,564
18786,564
18787,565
18788,565
18789,565
18790,565
18791,565
18792,565
18793,565
18794,566
18795,566
18796,566
18797,566
18798,566
18799,566
18800,567
18801,567
18802,567
18803,567
18804,567
18805,567
18806,568
18807,568
18808,568
18809,568
18810,568
18811,568
18812,569
18813,569
18814,569
18815,569
18816,569
18817,569
18818,569
18819,570
18820,570
18821,570
18822,570
18823,570
18824,570
18825,571
18826,571
18827,571
18828,571
18829,571
18830,571
18831,572
18832,572
18833,572
18834,572
18835,572
18836,572
18837,573
18838,573
18839,573
18840,573
18841,573
18842,573
18843,574
18844,574
18845,574
18846,574
18847,574
18848,574
18849,574
18850,575
18851,575
18852,575
18853,575
18854,575
18855,575
18856,576
18857,576
18858,576
18859,576
18860,576
18861,576
18862,577
18863,577
18864,577
18865,577
18866,577
18867,577
18868,578
18869,578
18870,578
18871,578
18872,578
18873,578
18874,579
18875,579
18876,579
18877,579
18878,579
18879,579
18880,580
18881,580
18882,580
18883,580
18884,580
18885,580
18886,581
18887,581
18888,581
18889,581
18890,581
18891,581
18892,581
18893,582
18894,582
18895,582
18896,582
18897,582
18898,582
18899,583
18900,583
18901,583
18902,583
18903,583
18904,583
18905,584
18906,584
18907,584
18908,584
18909,584
18910,584
18911,585
18912,585
18913,585
18914,585
18915,585
18916,585
18917,586
18918,586
18919,586
18920,586
18921,586
18922,586
18923,587
18924,587
18925,587
18926,587
18927,587
18928,587
18929,588
18930,588
18931,588
18932,588
18933,588
18934,588
18935,589
18936,589
18937,589
18938,589
18939,589
18940,589
18941,590
18942,590
18943,590
18944,590
18945,590
18946,590
18947,591
18948,591
18949,591
18950,591
18951,591
18952,591
18953,592
18954,592
18955,592
18956,592
18957,592
18958,592
18959,593
18960,593
18961,593
18962,593
18963,593
18964,593
18965,594
18966,594
18967,594
18968,594
18969,594
18970,594
18971,595
18972,595
18973,595
18974,595
18975,595
18976,595
18977,596
18978,596
18979,596
18980,596
18981,596
18982,596
18983,597
18984,597
18985,597
18986,597
18987,597
18988,597
18989,598
18990,598
18991,598
18992,598
18993,598
18994,598
18995,599
18996,599
18997,599
18998,599
18999,599
19000,599
19001,600
19002,600
19003,600
19004,600
19005,600
19006,600
19007,601
19008,601
19009,601
19010,601
19011,601
19012,602
19013,602
19014,602
19015,602
19016,602
19017,602
19018,603
19019,603
19020,603
19021,603
19022,603
19023,603
19024,604
19025,604
19026,604
19027,604
19028,604
19029,604
19030,605
19031,605
19032,605
19033,605
19034,605
19035,605
19036,606
19037,606
19038,606
19039,606
19040,606
19041,606
19042,607
19043,607
19044,607
19045,607
19046,607
19047,607
19048,608
19049,608
19050,608
19051,608
19052,608
19053,609
19054,609
19055,609
19056,609
19057,609
19058,609
19059,610
19060,610
19061,610
19062,610
19063,610
19064,610
19065,611
19066,611
19067,611
19068,611
19069,611
19070,611
19071,612
19072,612
19073,612
19074,612
19075,612
19076,612
19077,613
19078,613
19079,613
19080,613
19081,613
19082,613
19083,614
19084,614
19085,614
19086,614
19087,614
19088,615
19089,615
19090,615
19091,615
19092,615
19093,615
19094,616
19095,616
19096,616
19097,616
19098,616
19099,616
19100,617
19101,617
19102,617
19103,617
19104,617
19105,617
19106,618
19107,618
19108,618
19109,618
19110,618
19111,619
19112,619
19113,619
19114,619
19115,619
19116,619
19117,620
19118,620
19119,620
19120,620
19121,620
19122,620
19123,621
19124,621
19125,621
19126,621
19127,621
19128,622
19129,622
19130,622
19131,622
19132,622
19133,622
19134,623
19135,623
19136,623
19137,623
19138,623
19139,623
19140,624
19141,624
19142,624
19143,624
19144,624
19145,624
19146,625
19147,625
19148,625
19149,625
19150,625
19151,626
19152,626
19153,626
19154,626
19155,626
19156,626
19157,627
19158,627
19159,627
19160,627
19161,627
19162,627
19163,628
19164,628
19165,628
19166,628
19167,628
19168,629
19169,629
19170,629
19171,629
19172,629
19173,629
19174,630
19175,630
19176,630
19177,630
19178,630
19179,631
19180,631
19181,631
19182,631
19183,631
19184,631
19185,632
19186,632
19187,632
19188,632
19189,632
19190,632
19191,633
19192,633
19193,633
19194,633
19195,633
19196,634
19197,634
19198,634
19199,634
19200,634
19201,634
19202,635
19203,635
19204,635
19205,635
19206,635
19207,636
19208,636
19209,636
19210,636
19211,636
19212,636
19213,637
19214,637
19215,637
19216,637
19217,637
19218,637
19219,638
19220,638
19221,638
19222,638
19223,638
19224,639
19225,639
19226,639
19227,639
19228,639
19229,639
19230,640
19231,640
19232,640
19233,640
19234,640
19235,641
19236,641
19237,641
19238,641
19239,641
19240,641
19241,642
19242,642
19243,642
19244,642
19245,642
19246,643
19247,643
19248,643
19249,643
19250,643
19251,643
19252,644
19253,644
19254,644
19255,644
19256,644
19257,645
19258,645
19259,645
19260,645
19261,645
19262,645
19263,646
19264,646
19265,646
19266,646
19267,646
19268,647
19269,647
19270,647
19271,647
19272,647
19273,647
19274,648
19275,648
19276,648
19277,648
19278,648
19279,649
19280,649
19281,649
19282,649
19283,649
19284,649
19285,650
19286,650
19287,650
19288,650
19289,650
19290,651
19291,651
19292,651
19293,651
19294,651
19295,651
19296,652
19297,652
19298,652
19299,652
19300,652
19301,653
19302,653
19303,653
19304,653
19305,653
19306,653
19307,654
19308,654
19309,654
19310,654
19311,654
19312,655
19313,655
19314,655
19315,655
19316,655
19317,656
19318,656
19319,656
19320,656
19321,656
19322,656
19323,657
19324,657
19325,657
19326,657
19327,657
19328,658
19329,658
19330,658
19331,658
19332,658
19333,658
19334,659
19335,659
19336,659
19337,659
19338,659
19339,660
19340,660
19341,660
19342,660
19343,660
19344,661
19345,661
19346,661
19347,661
19348,661
19349,661
19350,662
19351,662
19352,662
19353,662
19354,662
19355,663
19356,663
19357,663
19358,663
19359,663
19360,664
19361,664
19362,664
19363,664
19364,664
19365,664
19366,665
19367,665
19368,665
19369,665
19370,665
19371,666
19372,666
19373,666
19374,666
19375,666
19376,667
19377,667
19378,667
19379,667
19380,667
19381,667
19382,668
19383,668
19384,668
19385,668
19386,668
19387,669
19388,669
19389,669
19390,669
19391,669
19392,670
19393,670
19394,670
19395,670
19396,670
19397,670
19398,671
19399,671
19400,671
19401,671
19402,671
19403,672
19404,672
19405,672
19406,672
19407,672
19408,673
19409,673
19410,673
19411,673
19412,673
19413,674
19414,674
19415,674
19416,674
19417,674
19418,674
19419,675
19420,675
19421,675
19422,675
19423,675
19424,676
19425,676
19426,676
19427,676
19428,676
19429,677
19430,677
19431,677
19432,677
19433,677
19434,678
19435,678
19436,678
19437,678
19438,678
19439,678
19440,679
19441,679
19442,679
19443,679
19444,679
19445,680
19446,680
19447,680
19448,680
19449,680
19450,681
19451,681
19452,681
19453,681
19454,681
19455,682
19456,682
19457,682
19458,682
19459,682
19460,682
19461,683
19462,683
19463,683
19464,683
19465,683
19466,684
19467,684
19468,684
19469,684
19470,684
19471,685
19472,685
19473,685
19474,685
19475,685
19476,686
19477,686
19478,686
19479,686
19480,686
19481,687
19482,687
19483,687
19484,687
19485,687
19486,688
19487,688
19488,688
19489,688
19490,688
19491,688
19492,689
19493,689
19494,689
19495,689
19496,689
19497,690
19498,690
19499,690
19500,690
19501,690
19502,691
19503,691
19504,691
19505,691
19506,691
19507,692
19508,692
19509,692
19510,692
19511,692
19512,693
19513,693
19514,693
19515,693
19516,693
19517,694
19518,694
19519,694
19520,694
19521,694
19522,695
19523,695
19524,695
19525,695
19526,695
19527,696
19528,696
19529,696
19530,696
19531,696
19532,696
19533,697
19534,697
19535,697
19536,697
19537,697
19538,698
19539,698
19540,698
19541,698
19542,698
19543,699
19544,699
19545,699
19546,699
19547,699
19548,700
19549,700
19550,700
19551,700
19552,700
19553,701
19554,701
19555,701
19556,701
19557,701
19558,702
19559,702
19560,702
19561,702
19562,702
19563,703
19564,703
19565,703
19566,703
19567,703
19568,704
19569,704
19570,704
19571,704
19572,704
19573,705
19574,705
19575,705
19576,705
19577,705
19578,706
19579,706
19580,706
19581,706
19582,706
19583,707
19584,707
19585,707
19586,707
19587,707
19588,708
19589,708
19590,708
19591,708
19592,708
19593,709
19594,709
19595,709
19596,709
19597,709
19598,710
19599,710
19600,710
19601,710
19602,710
19603,711
19604,711
19605,711
19606,711
19607,711
19608,712
19609,712
19610,712
19611,712
19612,712
19613,713
19614,713
19615,713
19616,713
19617,713
19618,714
19619,714
19620,714
19621,714
19622,714
19623,715
19624,715
19625,715
19626,715
19627,715
19628,716
19629,716
19630,716
19631,716
19632,716
19633,717
19634,717
19635,717
19636,717
19637,717
19638,718
19639,718
19640,718
19641,718
19642,718
19643,719
19644,719
19645,719
19646,719
19647,719
19648,720
19649,720
19650,720
19651,720
19652,720
19653,721
19654,721
19655,721
19656,721
19657,721
19658,722
19659,722
19660,722
19661,722
19662,722
19663,723
19664,723
19665,723
19666,723
19667,724
19668,724
19669,724
19670,724
19671,724
19672,725
19673,725
19674,725
19675,725
19676,725
19677,726
19678,726
19679,726
19680,726
19681,726
19682,727
19683,727
19684,727
19685,727
19686,727
19687,728
19688,728
19689,728
19690,728
19691,728
19692,729
19693,729
19694,729
19695,729
19696,729
19697,730
19698,730
19699,730
19700,730
19701,730
19702,731
19703,731
19704,731
19705,731
19706,732
19707,732
19708,732
19709,732
19710,732
19711,733
19712,733
19713,733
19714,733
19715,733
19716,734
19717,734
19718,734
19719,734
19720,734
19721,735
19722,735
19723,735
19724,735
19725,735
19726,736
19727,736
19728,736
19729,736
19730,736
19731,737
19732,737
19733,737
19734,737
19735,738
19736,738
19737,738
19738,738
19739,738
19740,739
19741,739
19742,739
19743,739
19744,739
19745,740
19746,740
19747,740
19748,740
19749,740
19750,741
19751,741
19752,741
19753,741
19754,741
19755,742
19756,742
19757,742
19758,742
19759,743
19760,743
19761,743
19762,743
19763,743
19764,744
19765,744
19766,744
19767,744
19768,744
19769,745
19770,745
19771,745
19772,745
19773,745
19774,746
19775,746
19776,746
19777,746
19778,747
19779,747
19780,747
19781,747
19782,747
19783,748
19784,748
19785,748
19786,748
19787,748
19788,749
19789,749
19790,749
19791,749
19792,749
19793,750
19794,750
19795,750
19796,750
19797,751
19798,751
19799,751
19800,751
19801,751
19802,752
19803,752
19804,752
19805,752
19806,752
19807,753
19808,753
19809,753
19810,753
19811,753
19812,754
19813,754
19814,754
19815,754
19816,755
19817,755
19818,755
19819,755
19820,755
19821,756
19822,756
19823,756
19824,756
19825,756
19826,757
19827,757
19828,757
19829,757
19830,758
19831,758
19832,758
19833,758
19834,758
19835,759
19836,759
19837,759
19838,759
19839,759
19840,760
19841,760
19842,760
19843,760
19844,761
19845,761
19846,761
19847,761
19848,761
19849,762
19850,762
19851,762
19852,762
19853,762
19854,763
19855,763
19856,763
19857,763
19858,764
19859,764
19860,764
19861,764
19862,764
19863,765
19864,765
19865,765
19866,765
19867,765
19868,766
19869,766
19870,766
19871,766
19872,767
19873,767
19874,767
19875,767
19876,767
19877,768
19878,768
19879,768
19880,768
19881,769
19882,769
19883,769
19884,769
19885,769
19886,770
19887,770
19888,770
19889,770
19890,770
19891,771
19892,771
19893,771
19894,771
19895,772
19896,772
19897,772
19898,772
19899,772
19900,773
19901,773
19902,773
19903,773
19904,774
19905,774
19906,774
19907,774
19908,774
19909,775
19910,775
19911,775
19912,775
19913,775
19914,776
19915,776
19916,776
19917,776
19918,777
19919,777
19920,777
19921,777
19922,777
19923,778
19924,778
19925,778
19926,778
19927,779
19928,779
19929,779
19930,779
19931,779
19932,780
19933,780
19934,780
19935,780
19936,781
19937,781
19938,781
19939,781
19940,781
19941,782
19942,782
19943,782
19944,782
19945,783
19946,783
19947,783
19948,783
19949,783
19950,784
19951,784
19952,784
19953,784
19954,784
19955,785
19956,785
19957,785
19958,785
19959,786
19960,786
19961,786
19962,786
19963,786
19964,787
19965,787
19966,787
19967,787
19968,788
19969,788
19970,788
19971,788
19972,788
19973,789
19974,789
19975,789
19976,789
19977,790
19978,790
19979,790
19980,790
19981,790
19982,791
19983,791
19984,791
19985,791
19986,792
19987,792
19988,792
19989,792
19990,792
19991,793
19992,793
19993,793
19994,793
19995,794
19996,794
19997,794
19998,794
19999,795
20000,795
20001,795
20002,795
20003,795
20004,796
20005,796
20006,796
20007,796
20008,797
20009,797
20010,797
20011,797
20012,797
20013,798
20014,798
20015,798
20016,798
20017,799
20018,799
20019,799
20020,799
20021,799
20022,800
20023,800
20024,800
20025,800
20026,801
20027,801
20028,801
20029,801
20030,801
20031,802
20032,802
20033,802
20034,802
20035,803
20036,803
20037,803
20038,803
20039,804
20040,804
20041,804
20042,804
20043,804
20044,805
20045,805
20046,805
20047,805
20048,806
20049,806
20050,806
20051,806
20052,806
20053,807
20054,807
20055,807
20056,807
20057,808
20058,808
20059,808
20060,808
20061,809
20062,809
20063,809
20064,809
20065,809
20066,810
20067,810
20068,810
20069,810
20070,811
20071,811
20072,811
20073,811
20074,811
20075,812
20076,812
20077,812
20078,812
20079,813
20080,813
20081,813
20082,813
20083,814
20084,814
20085,814
20086,814
20087,814
20088,815
20089,815
20090,815
20091,815
20092,816
20093,816
20094,816
20095,816
20096,817
20097,817
20098,817
20099,817
20100,817
20101,818
20102,818
20103,818
20104,818
20105,819
20106,819
20107,819
20108,819
20109,820
20110,820
20111,820
20112,820
20113,820
20114,821
20115,821
20116,821
20117,821
20118,822
20119,822
20120,822
20121,822
20122,823
20123,823
20124,823
20125,823
20126,823
20127,824
20128,824
20129,824
20130,824
20131,825
20132,825
20133,825
20134,825
20135,826
20136,826
20137,826
20138,826
20139,826
20140,827
20141,827
20142,827
20143,827
20144,828
20145,828
20146,828
20147,828
20148,829
20149,829
20150,829
20151,829
20152,830
20153,830
20154,830
20155,830
20156,830
20157,831
20158,831
20159,831
20160,831
20161,832
20162,832
20163,832
20164,832
20165,833
20166,833
20167,833
20168,833
20169,834
20170,834
20171,834
20172,834
20173,834
20174,835
20175,835
20176,835
20177,835
20178,836
20179,836
20180,836
20181,836
20182,837
20183,837
20184,837
20185,837
20186,838
20187,838
20188,838
20189,838
20190,838
20191,839
20192,839
20193,839
20194,839
20195,840
20196,840
20197,840
20198,840
20199,841
20200,841
20201,841
20202,841
20203,842
20204,842
20205,842
20206,842
20207,842
20208,843
20209,843
20210,843
20211,843
20212,844
20213,844
20214,844
20215,844
20216,845
20217,845
20218,845
20219,845
20220,846
20221,846
20222,846
20223,846
20224,847
20225,847
20226,847
20227,847
20228,847
20229,848
20230,848
20231,848
20232,848
20233,849
20234,849
20235,849
20236,849
20237,850
20238,850
20239,850
20240,850
20241,851
20242,851
20243,851
20244,851
20245,852
20246,852
20247,852
20248,852
20249,853
20250,853
20251,853
20252,853
20253,853
20254,854
20255,854
20256,854
20257,854
20258,855
20259,855
20260,855
20261,855
20262,856
20263,856
20264,856
20265,856
20266,857
20267,857
20268,857
20269,857
20270,858
20271,858
20272,858
20273,858
20274,859
20275,859
20276,859
20277,859
20278,860
20279,860
20280,860
20281,860
20282,860
20283,861
20284,861
20285,861
20286,861
20287,862
20288,862
20289,862
20290,862
20291,863
20292,863
20293,863
20294,863
20295,864
20296,864
20297,864
20298,864
20299,865
20300,865
20301,865
20302,865
20303,866
20304,866
20305,866
20306,866
20307,867
20308,867
20309,867
20310,867
20311,868
20312,868
20313,868
20314,868
20315,869
20316,869
20317,869
20318,869
20319,870
20320,870
20321,870
20322,870
20323,870
20324,871
20325,871
20326,871
20327,871
20328,872
20329,872
20330,872
20331,872
20332,873
20333,873
20334,873
20335,873
20336,874
20337,874
20338,874
20339,874
20340,875
20341,875
20342,875
20343,875
20344,876
20345,876
20346,876
20347,876
20348,877
20349,877
20350,877
20351,877
20352,878
20353,878
20354,878
20355,878
20356,879
20357,879
20358,879
20359,879
20360,880
20361,880
20362,880
20363,880
20364,881
20365,881
20366,881
20367,881
20368,882
20369,882
20370,882
20371,882
20372,883
20373,883
20374,883
20375,883
20376,884
20377,884
20378,884
20379,884
20380,885
20381,885
20382,885
20383,885
20384,886
20385,886
20386,886
20387,886
20388,887
20389,887
20390,887
20391,887
20392,888
20393,888
20394,888
20395,888
20396,889
20397,889
20398,889
20399,889
20400,890
20401,890
20402,890
20403,890
20404,891
20405,891
20406,891
20407,891
20408,892
20409,892
20410,892
20411,892
20412,893
20413,893
20414,893
20415,893
20416,894
20417,894
20418,894
20419,894
20420,895
20421,895
20422,895
20423,895
20424,896
20425,896
20426,896
20427,896
20428,897
20429,897
20430,897
20431,897
20432,898
20433,898
20434,898
20435,898
20436,899
20437,899
20438,899
20439,899
20440,900
20441,900
20442,900
20443,900
20444,901
20445,901
20446,901
20447,901
20448,902
20449,902
20450,902
20451,902
20452,903
20453,903
20454,903
20455,904
20456,904
20457,904
20458,904
20459,905
20460,905
20461,905
20462,905
20463,906
20464,906
20465,906
20466,906
20467,907
20468,907
20469,907
20470,907
20471,908
20472,908
20473,908
20474,908
20475,909
20476,909
20477,909
20478,909
20479,910
20480,910
20481,910
20482,910
20483,911
20484,911
20485,911
20486,911
20487,912
20488,912
20489,912
20490,912
20491,913
20492,913
20493,913
20494,913
20495,914
20496,914
20497,914
20498,915
20499,915
20500,915
20501,915
20502,916
20503,916
20504,916
20505,916
20506,917
20507,917
20508,917
20509,917
20510,918
20511,918
20512,918
20513,918
20514,919
20515,919
20516,919
20517,919
20518,920
20519,920
20520,920
20521,920
20522,921
20523,921
20524,921
20525,922
20526,922
20527,922
20528,922
20529,923
20530,923
20531,923
20532,923
20533,924
20534,924
20535,924
20536,924
20537,925
20538,925
20539,925
20540,925
20541,926
20542,926
20543,926
20544,926
20545,927
20546,927
20547,927
20548,928
20549,928
20550,928
20551,928
20552,929
20553,929
20554,929
20555,929
20556,930
20557,930
20558,930
20559,930
20560,931
20561,931
20562,931
20563,931
20564,932
20565,932
20566,932
20567,932
20568,933
20569,933
20570,933
20571,934
20572,934
20573,934
20574,934
20575,935
20576,935
20577,935
20578,935
20579,936
20580,936
20581,936
20582,936
20583,937
20584,937
20585,937
20586,937
20587,938
20588,938
20589,938
20590,939
20591,939
20592,939
20593,939
20594,940
20595,940
20596,940
20597,940
20598,941
20599,941
20600,941
20601,941
20602,942
20603,942
20604,942
20605,943
20606,943
20607,943
20608,943
20609,944
20610,944
20611,944
20612,944
20613,945
20614,945
20615,945
20616,945
20617,946
20618,946
20619,946
20620,947
20621,947
20622,947
20623,947
20624,948
20625,948
20626,948
20627,948
20628,949
20629,949
20630,949
20631,949
20632,950
20633,950
20634,950
20635,951
20636,951
20637,951
20638,951
20639,952
20640,952
20641,952
20642,952
20643,953
20644,953
20645,953
20646,953
20647,954
20648,954
20649,954
20650,955
20651,955
20652,955
20653,955
20654,956
20655,956
20656,956
20657,956
20658,957
20659,957
20660,957
20661,958
20662,958
20663,958
20664,958
20665,959
20666,959
20667,959
20668,959
20669,960
20670,960
20671,960
20672,960
20673,961
20674,961
20675,961
20676,962
20677,962
20678,962
20679,962
20680,963
20681,963
20682,963
20683,963
20684,964
20685,964
20686,964
20687,965
20688,965
20689,965
20690,965
20691,966
20692,966
20693,966
20694,966
20695,967
20696,967
20697,967
20698,968
20699,968
20700,968
20701,968
20702,969
20703,969
20704,969
20705,969
20706,970
20707,970
20708,970
20709,971
20710,971
20711,971
20712,971
20713,972
20714,972
20715,972
20716,972
20717,973
20718,973
20719,973
20720,974
20721,974
20722,974
20723,974
20724,975
20725,975
20726,975
20727,976
20728,976
20729,976
20730,976
20731,977
20732,977
20733,977
20734,977
20735,978
20736,978
20737,978
20738,979
20739,979
20740,979
20741,979
20742,980
20743,980
20744,980
20745,980
20746,981
20747,981
20748,981
20749,982
20750,982
20751,982
20752,982
20753,983
20754,983
20755,983
20756,984
20757,984
20758,984
20759,984
20760,985
20761,985
20762,985
20763,985
20764,986
20765,986
20766,986
20767,987
20768,987
20769,987
20770,987
20771,988
20772,988
20773,988
20774,989
20775,989
20776,989
20777,989
20778,990
20779,990
20780,990
20781,990
20782,991
20783,991
20784,991
20785,992
20786,992
20787,992
20788,992
20789,993
20790,993
20791,993
20792,994
20793,994
20794,994
20795,994
20796,995
20797,995
20798,995
20799,996
20800,996
20801,996
20802,996
20803,997
20804,997
20805,997
20806,997
20807,998
20808,998
20809,998
20810,999
20811,999
20812,999
20813,999
20814,1000
20815,1000
20816,1000
20817,1001
20818,1001
20819,1001
20820,1001
20821,1002
20822,1002
20823,1002
20824,1003
20825,1003
20826,1003
20827,1003
20828,1004
20829,1004
20830,1004
20831,1005
20832,1005
20833,1005
20834,1005
20835,1006
20836,1006
20837,1006
20838,1007
20839,1007
20840,1007
20841,1007
20842,1008
20843,1008
20844,1008
20845,1008
20846,1009
20847,1009
20848,1009
20849,1010
20850,1010
20851,1010
20852,1010
20853,1011
20854,1011
20855,1011
20856,1012
20857,1012
20858,1012
20859,1012
20860,1013
20861,1013
20862,1013
20863,1014
20864,1014
20865,1014
20866,1014
20867,1015
20868,1015
20869,1015
20870,1016
20871,1016
20872,1016
20873,1016
20874,1017
20875,1017
20876,1017
20877,1018
20878,1018
20879,1018
20880,1018
20881,1019
20882,1019
20883,1019
20884,1020
20885,1020
20886,1020
20887,1021
20888,1021
20889,1021
20890,1021
20891,1022
20892,1022
20893,1022
20894,1023
20895,1023
20896,1023
20897,1023
20898,1024
20899,1024
20900,1024
20901,1025
20902,1025
20903,1025
20904,1025
20905,1026
20906,1026
20907,1026
20908,1027
20909,1027
20910,1027
20911,1027
20912,1028
20913,1028
20914,1028
20915,1029
20916,1029
20917,1029
20918,1029
20919,1030
20920,1030
20921,1030
20922,1031
20923,1031
20924,1031
20925,1031
20926,1032
20927,1032
20928,1032
20929,1033
20930,1033
20931,1033
20932,1034
20933,1034
20934,1034
20935,1034
20936,1035
20937,1035
20938,1035
20939,1036
20940,1036
20941,1036
20942,1036
20943,1037
20944,1037
20945,1037
20946,1038
20947,1038
20948,1038
20949,1039
20950,1039
20951,1039
20952,1039
20953,1040
20954,1040
20955,1040
20956,1041
20957,1041
20958,1041
20959,1041
20960,1042
20961,1042
20962,1042
20963,1043
20964,1043
20965,1043
20966,1043
20967,1044
20968,1044
20969,1044
20970,1045
20971,1045
20972,1045
20973,1046
20974,1046
20975,1046
20976,1046
20977,1047
20978,1047
20979,1047
20980,1048
20981,1048
20982,1048
20983,1049
20984,1049
20985,1049
20986,1049
20987,1050
20988,1050
20989,1050
20990,1051
20991,1051
20992,1051
20993,1051
20994,1052
20995,1052
20996,1052
20997,1053
20998,1053
20999,1053
21000,1054
21001,1054
21002,1054
21003,1054
21004,1055
21005,1055
21006,1055
21007,1056
21008,1056
21009,1056
21010,1057
21011,1057
21012,1057
21013,1057
21014,1058
21015,1058
21016,1058
21017,1059
21018,1059
21019,1059
21020,1059
21021,1060
21022,1060
21023,1060
21024,1061
21025,1061
21026,1061
21027,1062
21028,1062
21029,1062
21030,1062
21031,1063
21032,1063
21033,1063
21034,1064
21035,1064
21036,1064
21037,1065
21038,1065
21039,1065
21040,1065
21041,1066
21042,1066
21043,1066
21044,1067
21045,1067
21046,1067
21047,1068
21048,1068
21049,1068
21050,1068
21051,1069
21052,1069
21053,1069
21054,1070
21055,1070
21056,1070
21057,1071
21058,1071
21059,1071
21060,1072
21061,1072
21062,1072
21063,1072
21064,1073
21065,1073
21066,1073
21067,1074
21068,1074
21069,1074
21070,1075
21071,1075
21072,1075
21073,1075
21074,1076
21075,1076
21076,1076
21077,1077
21078,1077
21079,1077
21080,1078
21081,1078
21082,1078
21083,1078
21084,1079
21085,1079
21086,1079
21087,1080
21088,1080
21089,1080
21090,1081
21091,1081
21092,1081
21093,1082
21094,1082
21095,1082
21096,1082
21097,1083
21098,1083
21099,1083
21100,1084
21101,1084
21102,1084
21103,1085
21104,1085
21105,1085
21106,1085
21107,1086
21108,1086
21109,1086
21110,1087
21111,1087
21112,1087
21113,1088
21114,1088
21115,1088
21116,1089
21117,1089
21118,1089
21119,1089
21120,1090
21121,1090
21122,1090
21123,1091
21124,1091
21125,1091
21126,1092
21127,1092
21128,1092
21129,1093
21130,1093
21131,1093
21132,1093
21133,1094
21134,1094
21135,1094
21136,1095
21137,1095
21138,1095
21139,1096
21140,1096
21141,1096
21142,1097
21143,1097
21144,1097
21145,1097
21146,1098
21147,1098
21148,1098
21149,1099
21150,1099
21151,1099
21152,1100
21153,1100
21154,1100
21155,1101
21156,1101
21157,1101
21158,1102
21159,1102
21160,1102
21161,1102
21162,1103
21163,1103
21164,1103
21165,1104
21166,1104
21167,1104
21168,1105
21169,1105
21170,1105
21171,1106
21172,1106
21173,1106
21174,1106
21175,1107
21176,1107
21177,1107
21178,1108
21179,1108
21180,1108
21181,1109
21182,1109
21183,1109
21184,1110
21185,1110
21186,1110
21187,1111
21188,1111
21189,1111
21190,1111
21191,1112
21192,1112
21193,1112
21194,1113
21195,1113
21196,1113
21197,1114
21198,1114
21199,1114
21200,1115
21201,1115
21202,1115
21203,1116
21204,1116
21205,1116
21206,1117
21207,1117
21208,1117
21209,1117
21210,1118
21211,1118
21212,1118
21213,1119
21214,1119
21215,1119
21216,1120
21217,1120
21218,1120
21219,1121
21220,1121
21221,1121
21222,1122
21223,1122
21224,1122
21225,1123
21226,1123
21227,1123
21228,1123
21229,1124
21230,1124
21231,1124
21232,1125
21233,1125
21234,1125
21235,1126
21236,1126
21237,1126
21238,1127
21239,1127
21240,1127
21241,1128
21242,1128
21243,1128
21244,1129
21245,1129
21246,1129
21247,1130
21248,1130
21249,1130
21250,1130
21251,1131
21252,1131
21253,1131
21254,1132
21255,1132
21256,1132
21257,1133
21258,1133
21259,1133
21260,1134
21261,1134
21262,1134
21263,1135
21264,1135
21265,1135
21266,1136
21267,1136
21268,1136
21269,1137
21270,1137
21271,1137
21272,1137
21273,1138
21274,1138
21275,1138
21276,1139
21277,1139
21278,1139
21279,1140
21280,1140
21281,1140
21282,1141
21283,1141
21284,1141
21285,1142
21286,1142
21287,1142
21288,1143
21289,1143
21290,1143
21291,1144
21292,1144
21293,1144
21294,1145
21295,1145
21296,1145
21297,1146
21298,1146
21299,1146
21300,1147
21301,1147
21302,1147
21303,1147
21304,1148
21305,1148
21306,1148
21307,1149
21308,1149
21309,1149
21310,1150
21311,1150
21312,1150
21313,1151
21314,1151
21315,1151
21316,1152
21317,1152
21318,1152
21319,1153
21320,1153
21321,1153
21322,1154
21323,1154
21324,1154
21325,1155
21326,1155
21327,1155
21328,1156
21329,1156
21330,1156
21331,1157
21332,1157
21333,1157
21334,1158
21335,1158
21336,1158
21337,1159
21338,1159
21339,1159
21340,1160
21341,1160
21342,1160
21343,1160
21344,1161
21345,1161
21346,1161
21347,1162
21348,1162
21349,1162
21350,1163
21351,1163
21352,1163
21353,1164
21354,1164
21355,1164
21356,1165
21357,1165
21358,1165
21359,1166
21360,1166
21361,1166
21362,1167
21363,1167
21364,1167
21365,1168
21366,1168
21367,1168
21368,1169
21369,1169
21370,1169
21371,1170
21372,1170
21373,1170
21374,1171
21375,1171
21376,1171
21377,1172
21378,1172
21379,1172
21380,1173
21381,1173
21382,1173
21383,1174
21384,1174
21385,1174
21386,1175
21387,1175
21388,1175
21389,1176
21390,1176
21391,1176
21392,1177
21393,1177
21394,1177
21395,1178
21396,1178
21397,1178
21398,1179
21399,1179
21400,1179
21401,1180
21402,1180
21403,1180
21404,1181
21405,1181
21406,1181
21407,1182
21408,1182
21409,1182
21410,1183
21411,1183
21412,1183
21413,1184
21414,1184
21415,1184
21416,1185
21417,1185
21418,1185
21419,1186
21420,1186
21421,1186
21422,1187
21423,1187
21424,1187
21425,1188
21426,1188
21427,1188
21428,1189
21429,1189
21430,1189
21431,1190
21432,1190
21433,1190
21434,1191
21435,1191
21436,1191
21437,1192
21438,1192
21439,1192
21440,1193
21441,1193
21442,1193
21443,1194
21444,1194
21445,1194
21446,1195
21447,1195
21448,1195
21449,1196
21450,1196
21451,1196
21452,1197
21453,1197
21454,1197
21455,1198
21456,1198
21457,1198
21458,1199
21459,1199
21460,1199
21461,1200
21462,1200
21463,1200
21464,1201
21465,1201
21466,1201
21467,1202
21468,1202
21469,1202
21470,1203
21471,1203
21472,1203
21473,1204
21474,1204
21475,1204
21476,1205
21477,1205
21478,1205
21479,1206
21480,1206
21481,1207
21482,1207
21483,1207
21484,1208
21485,1208
21486,1208
21487,1209
21488,1209
21489,1209
21490,1210
21491,1210
21492,1210
21493,1211
21494,1211
21495,1211
21496,1212
21497,1212
21498,1212
21499,1213
21500,1213
21501,1213
21502,1214
21503,1214
21504,1214
21505,1215
21506,1215
21507,1215
21508,1216
21509,1216
21510,1216
21511,1217
21512,1217
21513,1217
21514,1218
21515,1218
21516,1218
21517,1219
21518,1219
21519,1220
21520,1220
21521,1220
21522,1221
21523,1221
21524,1221
21525,1222
21526,1222
21527,1222
21528,1223
21529,1223
21530,1223
21531,1224
21532,1224
21533,1224
21534,1225
21535,1225
21536,1225
21537,1226
21538,1226
21539,1226
21540,1227
21541,1227
21542,1227
21543,1228
21544,1228
21545,1228
21546,1229
21547,1229
21548,1230
21549,1230
21550,1230
21551,1231
21552,1231
21553,1231
21554,1232
21555,1232
21556,1232
21557,1233
21558,1233
21559,1233
21560,1234
21561,1234
21562,1234
21563,1235
21564,1235
21565,1235
21566,1236
21567,1236
21568,1236
21569,1237
21570,1237
21571,1238
21572,1238
21573,1238
21574,1239
21575,1239
21576,1239
21577,1240
21578,1240
21579,1240
21580,1241
21581,1241
21582,1241
21583,1242
21584,1242
21585,1242
21586,1243
21587,1243
21588,1243
21589,1244
21590,1244
21591,1245
21592,1245
21593,1245
21594,1246
21595,1246
21596,1246
21597,1247
21598,1247
21599,1247
21600,1248
21601,1248
21602,1248
21603,1249
21604,1249
21605,1249
21606,1250
21607,1250
21608,1250
21609,1251
21610,1251
21611,1252
21612,1252
21613,1252
21614,1253
21615,1253
21616,1253
21617,1254
21618,1254
21619,1254
21620,1255
21621,1255
21622,1255
21623,1256
21624,1256
21625,1256
21626,1257
21627,1257
21628,1258
21629,1258
21630,1258
21631,1259
21632,1259
21633,1259
21634,1260
21635,1260
21636,1260
21637,1261
21638,1261
21639,1261
21640,1262
21641,1262
21642,1263
21643,1263
21644,1263
21645,1264
21646,1264
21647,1264
21648,1265
21649,1265
21650,1265
21651,1266
21652,1266
21653,1266
21654,1267
21655,1267
21656,1268
21657,1268
21658,1268
21659,1269
21660,1269
21661,1269
21662,1270
21663,1270
21664,1270
21665,1271
21666,1271
21667,1271
21668,1272
21669,1272
21670,1273
21671,1273
21672,1273
21673,1274
21674,1274
21675,1274
21676,1275
21677,1275
21678,1275
21679,1276
21680,1276
21681,1276
21682,1277
21683,1277
21684,1278
21685,1278
21686,1278
21687,1279
21688,1279
21689,1279
21690,1280
21691,1280
21692,1280
21693,1281
21694,1281
21695,1282
21696,1282
21697,1282
21698,1283
21699,1283
21700,1283
21701,1284
21702,1284
21703,1284
21704,1285
21705,1285
21706,1286
21707,1286
21708,1286
21709,1287
21710,1287
21711,1287
21712,1288
21713,1288
21714,1288
21715,1289
21716,1289
21717,1289
21718,1290
21719,1290
21720,1291
21721,1291
21722,1291
21723,1292
21724,1292
21725,1292
21726,1293
21727,1293
21728,1294
21729,1294
21730,1294
21731,1295
21732,1295
21733,1295
21734,1296
21735,1296
21736,1296
21737,1297
21738,1297
21739,1298
21740,1298
21741,1298
21742,1299
21743,1299
21744,1299
21745,1300
21746,1300
21747,1300
21748,1301
21749,1301
21750,1302
21751,1302
21752,1302
21753,1303
21754,1303
21755,1303
21756,1304
21757,1304
21758,1304
21759,1305
21760,1305
21761,1306
21762,1306
21763,1306
21764,1307
21765,1307
21766,1307
21767,1308
21768,1308
21769,1309
21770,1309
21771,1309
21772,1310
21773,1310
21774,1310
21775,1311
21776,1311
21777,1311
21778,1312
21779,1312
21780,1313
21781,1313
21782,1313
21783,1314
21784,1314
21785,1314
21786,1315
21787,1315
21788,1316
21789,1316
21790,1316
21791,1317
21792,1317
21793,1317
21794,1318
21795,1318
21796,1319
21797,1319
21798,1319
21799,1320
21800,1320
21801,1320
21802,1321
21803,1321
21804,1322
21805,1322
21806,1322
21807,1323
21808,1323
21809,1323
21810,1324
21811,1324
21812,1324
21813,1325
21814,1325
21815,1326
21816,1326
21817,1326
21818,1327
21819,1327
21820,1327
21821,1328
21822,1328
21823,1329
21824,1329
21825,1329
21826,1330
21827,1330
21828,1330
21829,1331
21830,1331
21831,1332
21832,1332
21833,1332
21834,1333
21835,1333
21836,1333
21837,1334
21838,1334
21839,1335
21840,1335
21841,1335
21842,1336
21843,1336
21844,1336
21845,1337
21846,1337
21847,1338
21848,1338
21849,1338
21850,1339
21851,1339
21852,1340
21853,1340
21854,1340
21855,1341
21856,1341
21857,1341
21858,1342
21859,1342
21860,1343
21861,1343
21862,1343
21863,1344
21864,1344
21865,1344
21866,1345
21867,1345
21868,1346
21869,1346
21870,1346
21871,1347
21872,1347
21873,1347
21874,1348
21875,1348
21876,1349
21877,1349
21878,1349
21879,1350
21880,1350
21881,1351
21882,1351
21883,1351
21884,1352
21885,1352
21886,1352
21887,1353
21888,1353
21889,1354
21890,1354
21891,1354
21892,1355
21893,1355
21894,1355
21895,1356
21896,1356
21897,1357
21898,1357
21899,1357
21900,1358
21901,1358
21902,1359
21903,1359
21904,1359
21905,1360
21906,1360
21907,1360
21908,1361
21909,1361
21910,1362
21911,1362
21912,1362
21913,1363
21914,1363
21915,1364
21916,1364
21917,1364
21918,1365
21919,1365
21920,1365
21921,1366
21922,1366
21923,1367
21924,1367
21925,1367
21926,1368
21927,1368
21928,1369
21929,1369
21930,1369
21931,1370
21932,1370
21933,1370
21934,1371
21935,1371
21936,1372
21937,1372
21938,1372
21939,1373
21940,1373
21941,1374
21942,1374
21943,1374
21944,1375
21945,1375
21946,1375
21947,1376
21948,1376
21949,1377
21950,1377
21951,1377
21952,1378
21953,1378
21954,1379
21955,1379
21956,1379
21957,1380
21958,1380
21959,1381
21960,1381
21961,1381
21962,1382
21963,1382
21964,1382
21965,1383
21966,1383
21967,1384
21968,1384
21969,1384
21970,1385
21971,1385
21972,1386
21973,1386
21974,1386
21975,1387
21976,1387
21977,1388
21978,1388
21979,1388
21980,1389
21981,1389
21982,1390
21983,1390
21984,1390
21985,1391
21986,1391
21987,1391
21988,1392
21989,1392
21990,1393
21991,1393
21992,1393
21993,1394
21994,1394
21995,1395
21996,1395
21997,1395
21998,1396
21999,1396
22000,1397
22001,1397
22002,1397
22003,1398
22004,1398
22005,1399
22006,1399
22007,1399
22008,1400
22009,1400
22010,1401
22011,1401
22012,1401
22013,1402
22014,1402
22015,1402
22016,1403
22017,1403
22018,1404
22019,1404
22020,1404
22021,1405
22022,1405
22023,1406
22024,1406
22025,1406
22026,1407
22027,1407
22028,1408
22029,1408
22030,1408
22031,1409
22032,1409
22033,1410
22034,1410
22035,1410
22036,1411
22037,1411
22038,1412
22039,1412
22040,1412
22041,1413
22042,1413
22043,1414
22044,1414
22045,1414
22046,1415
22047,1415
22048,1416
22049,1416
22050,1416
22051,1417
22052,1417
22053,1418
22054,1418
22055,1418
22056,1419
22057,1419
22058,1420
22059,1420
22060,1420
22061,1421
22062,1421
22063,1422
22064,1422
22065,1422
22066,1423
22067,1423
22068,1424
22069,1424
22070,1424
22071,1425
22072,1425
22073,1426
22074,1426
22075,1426
22076,1427
22077,1427
22078,1428
22079,1428
22080,1428
22081,1429
22082,1429
22083,1430
22084,1430
22085,1430
22086,1431
22087,1431
22088,1432
22089,1432
22090,1432
22091,1433
22092,1433
22093,1434
22094,1434
22095,1434
22096,1435
22097,1435
22098,1436
22099,1436
22100,1436
22101,1437
22102,1437
22103,1438
22104,1438
22105,1439
22106,1439
22107,1439
22108,1440
22109,1440
22110,1441
22111,1441
22112,1441
22113,1442
22114,1442
22115,1443
22116,1443
22117,1443
22118,1444
22119,1444
22120,1445
22121,1445
22122,1445
22123,1446
22124,1446
22125,1447
22126,1447
22127,1447
22128,1448
22129,1448
22130,1449
22131,1449
22132,1450
22133,1450
22134,1450
22135,1451
22136,1451
22137,1452
22138,1452
22139,1452
22140,1453
22141,1453
22142,1454
22143,1454
22144,1454
22145,1455
22146,1455
22147,1456
22148,1456
22149,1456
22150,1457
22151,1457
22152,1458
22153,1458
22154,1459
22155,1459
22156,1459
22157,1460
22158,1460
22159,1461
22160,1461
22161,1461
22162,1462
22163,1462
22164,1463
22165,1463
22166,1463
22167,1464
22168,1464
22169,1465
22170,1465
22171,1466
22172,1466
22173,1466
22174,1467
22175,1467
22176,1468
22177,1468
22178,1468
22179,1469
22180,1469
22181,1470
22182,1470
22183,1470
22184,1471
22185,1471
22186,1472
22187,1472
22188,1473
22189,1473
22190,1473
22191,1474
22192,1474
22193,1475
22194,1475
22195,1475
22196,1476
22197,1476
22198,1477
22199,1477
22200,1478
22201,1478
22202,1478
22203,1479
22204,1479
22205,1480
22206,1480
22207,1480
22208,1481
22209,1481
22210,1482
22211,1482
22212,1483
22213,1483
22214,1483
22215,1484
22216,1484
22217,1485
22218,1485
22219,1485
22220,1486
22221,1486
22222,1487
22223,1487
22224,1488
22225,1488
22226,1488
22227,1489
22228,1489
22229,1490
22230,1490
22231,1491
22232,1491
22233,1491
22234,1492
22235,1492
22236,1493
22237,1493
22238,1493
22239,1494
22240,1494
22241,1495
22242,1495
22243,1496
22244,1496
22245,1496
22246,1497
22247,1497
22248,1498
22249,1498
22250,1499
22251,1499
22252,1499
22253,1500
22254,1500
22255,1501
22256,1501
22257,1501
22258,1502
22259,1502
22260,1503
22261,1503
22262,1504
22263,1504
22264,1504
22265,1505
22266,1505
22267,1506
22268,1506
22269,1507
22270,1507
22271,1507
22272,1508
22273,1508
22274,1509
22275,1509
22276,1510
22277,1510
22278,1510
22279,1511
22280,1511
22281,1512
22282,1512
22283,1513
22284,1513
22285,1513
22286,1514
22287,1514
22288,1515
22289,1515
22290,1516
22291,1516
22292,1516
22293,1517
22294,1517
22295,1518
22296,1518
22297,1519
22298,1519
22299,1519
22300,1520
22301,1520
22302,1521
22303,1521
22304,1522
22305,1522
22306,1522
22307,1523
22308,1523
22309,1524
22310,1524
22311,1525
22312,1525
22313,1525
22314,1526
22315,1526
22316,1527
22317,1527
22318,1528
22319,1528
22320,1528
22321,1529
22322,1529
22323,1530
22324,1530
22325,1531
22326,1531
22327,1531
22328,1532
22329,1532
22330,1533
22331,1533
22332,1534
22333,1534
22334,1534
22335,1535
22336,1535
22337,1536
22338,1536
22339,1537
22340,1537
22341,1537
22342,1538
22343,1538
22344,1539
22345,1539
22346,1540
22347,1540
22348,1540
22349,1541
22350,1541
22351,1542
22352,1542
22353,1543
22354,1543
22355,1544
22356,1544
22357,1544
22358,1545
22359,1545
22360,1546
22361,1546
22362,1547
22363,1547
22364,1547
22365,1548
22366,1548
22367,1549
22368,1549
22369,1550
22370,1550
22371,1551
22372,1551
22373,1551
22374,1552
22375,1552
22376,1553
22377,1553
22378,1554
22379,1554
22380,1554
22381,1555
22382,1555
22383,1556
22384,1556
22385,1557
22386,1557
22387,1558
22388,1558
22389,1558
22390,1559
22391,1559
22392,1560
22393,1560
22394,1561
22395,1561
22396,1561
22397,1562
22398,1562
22399,1563
22400,1563
22401,1564
22402,1564
22403,1565
22404,1565
22405,1565
22406,1566
22407,1566
22408,1567
22409,1567
22410,1568
22411,1568
22412,1569
22413,1569
22414,1569
22415,1570
22416,1570
22417,1571
22418,1571
22419,1572
22420,1572
22421,1573
22422,1573
22423,1573
22424,1574
22425,1574
22426,1575
22427,1575
22428,1576
22429,1576
22430,1577
22431,1577
22432,1577
22433,1578
22434,1578
22435,1579
22436,1579
22437,1580
22438,1580
22439,1581
22440,1581
22441,1581
22442,1582
22443,1582
22444,1583
22445,1583
22446,1584
22447,1584
22448,1585
22449,1585
22450,1585
22451,1586
22452,1586
22453,1587
22454,1587
22455,1588
22456,1588
22457,1589
22458,1589
22459,1589
22460,1590
22461,1590
22462,1591
22463,1591
22464,1592
22465,1592
22466,1593
22467,1593
22468,1593
22469,1594
22470,1594
22471,1595
22472,1595
22473,1596
22474,1596
22475,1597
22476,1597
22477,1598
22478,1598
22479,1598
22480,1599
22481,1599
22482,1600
22483,1600
22484,1601
22485,1601
22486,1602
22487,1602
22488,1602
22489,1603
22490,1603
22491,1604
22492,1604
22493,1605
22494,1605
22495,1606
22496,1606
22497,1607
22498,1607
22499,1607
22500,1608
22501,1608
22502,1609
22503,1609
22504,1610
22505,1610
22506,1611
22507,1611
22508,1612
22509,1612
22510,1612
22511,1613
22512,1613
22513,1614
22514,1614
22515,1615
22516,1615
22517,1616
22518,1616
22519,1617
22520,1617
22521,1617
22522,1618
22523,1618
22524,1619
22525,1619
22526,1620
22527,1620
22528,1621
22529,1621
22530,1622
22531,1622
22532,1622
22533,1623
22534,1623
22535,1624
22536,1624
22537,1625
22538,1625
22539,1626
22540,1626
22541,1627
22542,1627
22543,1628
22544,1628
22545,1628
22546,1629
22547,1629
22548,1630
22549,1630
22550,1631
22551,1631
22552,1632
22553,1632
22554,1633
22555,1633
22556,1633
22557,1634
22558,1634
22559,1635
22560,1635
22561,1636
22562,1636
22563,1637
22564,1637
22565,1638
22566,1638
22567,1639
22568,1639
22569,1639
22570,1640
22571,1640
22572,1641
22573,1641
22574,1642
22575,1642
22576,1643
22577,1643
22578,1644
22579,1644
22580,1645
22581,1645
22582,1646
22583,1646
22584,1646
22585,1647
22586,1647
22587,1648
22588,1648
22589,1649
22590,1649
22591,1650
22592,1650
22593,1651
22594,1651
22595,1652
22596,1652
22597,1652
22598,1653
22599,1653
22600,1654
22601,1654
22602,1655
22603,1655
22604,1656
22605,1656
22606,1657
22607,1657
22608,1658
22609,1658
22610,1659
22611,1659
22612,1659
22613,1660
22614,1660
22615,1661
22616,1661
22617,1662
22618,1662
22619,1663
22620,1663
22621,1664
22622,1664
22623,1665
22624,1665
22625,1666
22626,1666
22627,1667
22628,1667
22629,1667
22630,1668
22631,1668
22632,1669
22633,1669
22634,1670
22635,1670
22636,1671
22637,1671
22638,1672
22639,1672
22640,1673
22641,1673
22642,1674
22643,1674
22644,1675
22645,1675
22646,1675
22647,1676
22648,1676
22649,1677
22650,1677
22651,1678
22652,1678
22653,1679
22654,1679
22655,1680
22656,1680
22657,1681
22658,1681
22659,1682
22660,1682
22661,1683
22662,1683
22663,1684
22664,1684
22665,1684
22666,1685
22667,1685
22668,1686
22669,1686
22670,1687
22671,1687
22672,1688
22673,1688
22674,1689
22675,1689
22676,1690
22677,1690
22678,1691
22679,1691
22680,1692
22681,1692
22682,1693
22683,1693
22684,1693
22685,1694
22686,1694
22687,1695
22688,1695
22689,1696
22690,1696
22691,1697
22692,1697
22693,1698
22694,1698
22695,1699
22696,1699
22697,1700
22698,1700
22699,1701
22700,1701
22701,1702
22702,1702
22703,1703
22704,1703
22705,1704
22706,1704
22707,1705
22708,1705
22709,1705
22710,1706
22711,1706
22712,1707
22713,1707
22714,1708
22715,1708
22716,1709
22717,1709
22718,1710
22719,1710
22720,1711
22721,1711
22722,1712
22723,1712
22724,1713
22725,1713
22726,1714
22727,1714
22728,1715
22729,1715
22730,1716
22731,1716
22732,1717
22733,1717
22734,1718
22735,1718
22736,1719
22737,1719
22738,1719
22739,1720
22740,1720
22741,1721
22742,1721
22743,1722
22744,1722
22745,1723
22746,1723
22747,1724
22748,1724
22749,1725
22750,1725
22751,1726
22752,1726
22753,1727
22754,1727
22755,1728
22756,1728
22757,1729
22758,1729
22759,1730
22760,1730
22761,1731
22762,1731
22763,1732
22764,1732
22765,1733
22766,1733
22767,1734
22768,1734
22769,1735
22770,1735
22771,1736
22772,1736
22773,1737
22774,1737
22775,1737
22776,1738
22777,1738
22778,1739
22779,1739
22780,1740
22781,1740
22782,1741
22783,1741
22784,1742
22785,1742
22786,1743
22787,1743
22788,1744
22789,1744
22790,1745
22791,1745
22792,1746
22793,1746
22794,1747
22795,1747
22796,1748
22797,1748
22798,1749
22799,1749
22800,1750
22801,1750
22802,1751
22803,1751
22804,1752
22805,1752
22806,1753
22807,1753
22808,1754
22809,1754
22810,1755
22811,1755
22812,1756
22813,1756
22814,1757
22815,1757
22816,1758
22817,1758
22818,1759
22819,1759
22820,1760
22821,1760
22822,1761
22823,1761
22824,1762
22825,1762
22826,1763
22827,1763
22828,1764
22829,1764
22830,1765
22831,1765
22832,1766
22833,1766
22834,1767
22835,1767
22836,1768
22837,1768
22838,1769
22839,1769
22840,1770
22841,1770
22842,1771
22843,1771
22844,1772
22845,1772
22846,1773
22847,1773
22848,1774
22849,1774
22850,1775
22851,1775
22852,1776
22853,1776
22854,1777
22855,1777
22856,1778
22857,1778
22858,1779
22859,1779
22860,1780
22861,1780
22862,1781
22863,1781
22864,1782
22865,1782
22866,1783
22867,1783
22868,1784
22869,1784
22870,1785
22871,1785
22872,1786
22873,1786
22874,1787
22875,1787
22876,1788
22877,1788
22878,1789
22879,1789
22880,1790
22881,1790
22882,1791
22883,1791
22884,1792
22885,1792
22886,1793
22887,1793
22888,1794
22889,1794
22890,1795
22891,1795
22892,1796
22893,1796
22894,1797
22895,1797
22896,1798
22897,1798
22898,1799
22899,1799
22900,1800
22901,1800
22902,1801
22903,1801
22904,1802
22905,1802
22906,1803
22907,1803
22908,1804
22909,1804
22910,1805
22911,1805
22912,1806
22913,1806
22914,1807
22915,1807
22916,1808
22917,1808
22918,1809
22919,1809
22920,1810
22921,1810
22922,1811
22923,1811
22924,1812
22925,1813
22926,1813
22927,1814
22928,1814
22929,1815
22930,1815
22931,1816
22932,1816
22933,1817
22934,1817
22935,1818
22936,1818
22937,1819
22938,1819
22939,1820
22940,1820
22941,1821
22942,1821
22943,1822
22944,1822
22945,1823
22946,1823
22947,1824
22948,1824
22949,1825
22950,1825
22951,1826
22952,1826
22953,1827
22954,1827
22955,1828
22956,1828
22957,1829
22958,1829
22959,1830
22960,1830
22961,1831
22962,1832
22963,1832
22964,1833
22965,1833
22966,1834
22967,1834
22968,1835
22969,1835
22970,1836
22971,1836
22972,1837
22973,1837
22974,1838
22975,1838
22976,1839
22977,1839
22978,1840
22979,1840
22980,1841
22981,1841
22982,1842
22983,1842
22984,1843
22985,1843
22986,1844
22987,1844
22988,1845
22989,1846
22990,1846
22991,1847
22992,1847
22993,1848
22994,1848
22995,1849
22996,1849
22997,1850
22998,1850
22999,1851
23000,1851
23001,1852
23002,1852
23003,1853
23004,1853
23005,1854
23006,1854
23007,1855
23008,1855
23009,1856
23010,1856
23011,1857
23012,1858
23013,1858
23014,1859
23015,1859
23016,1860
23017,1860
23018,1861
23019,1861
23020,1862
23021,1862
23022,1863
23023,1863
23024,1864
23025,1864
23026,1865
23027,1865
23028,1866
23029,1866
23030,1867
23031,1867
23032,1868
23033,1869
23034,1869
23035,1870
23036,1870
23037,1871
23038,1871
23039,1872
23040,1872
23041,1873
23042,1873
23043,1874
23044,1874
23045,1875
23046,1875
23047,1876
23048,1876
23049,1877
23050,1878
23051,1878
23052,1879
23053,1879
23054,1880
23055,1880
23056,1881
23057,1881
23058,1882
23059,1882
23060,1883
23061,1883
23062,1884
23063,1884
23064,1885
23065,1885
23066,1886
23067,1887
23068,1887
23069,1888
23070,1888
23071,1889
23072,1889
23073,1890
23074,1890
23075,1891
23076,1891
23077,1892
23078,1892
23079,1893
23080,1893
23081,1894
23082,1895
23083,1895
23084,1896
23085,1896
23086,1897
23087,1897
23088,1898
23089,1898
23090,1899
23091,1899
23092,1900
23093,1900
23094,1901
23095,1901
23096,1902
23097,1903
23098,1903
23099,1904
23100,1904
23101,1905
23102,1905
23103,1906
23104,1906
23105,1907
23106,1907
23107,1908
23108,1908
23109,1909
23110,1910
23111,1910
23112,1911
23113,1911
23114,1912
23115,1912
23116,1913
23117,1913
23118,1914
23119,1914
23120,1915
23121,1915
23122,1916
23123,1917
23124,1917
23125,1918
23126,1918
23127,1919
23128,1919
23129,1920
23130,1920
23131,1921
23132,1921
23133,1922
23134,1922
23135,1923
23136,1924
23137,1924
23138,1925
23139,1925
23140,1926
23141,1926
23142,1927
23143,1927
23144,1928
23145,1928
23146,1929
23147,1930
23148,1930
23149,1931
23150,1931
23151,1932
23152,1932
23153,1933
23154,1933
23155,1934
23156,1934
23157,1935
23158,1936
23159,1936
23160,1937
23161,1937
23162,1938
23163,1938
23164,1939
23165,1939
23166,1940
23167,1940
23168,1941
23169,1942
23170,1942
23171,1943
23172,1943
23173,1944
23174,1944
23175,1945
23176,1945
23177,1946
23178,1946
23179,1947
23180,1948
23181,1948
23182,1949
23183,1949
23184,1950
23185,1950
23186,1951
23187,1951
23188,1952
23189,1953
23190,1953
23191,1954
23192,1954
23193,1955
23194,1955
23195,1956
23196,1956
23197,1957
23198,1957
23199,1958
23200,1959
23201,1959
23202,1960
23203,1960
23204,1961
23205,1961
23206,1962
23207,1962
23208,1963
23209,1964
23210,1964
23211,1965
23212,1965
23213,1966
23214,1966
23215,1967
23216,1967
23217,1968
23218,1969
23219,1969
23220,1970
23221,1970
23222,1971
23223,1971
23224,1972
23225,1972
23226,1973
23227,1974
23228,1974
23229,1975
23230,1975
23231,1976
23232,1976
23233,1977
23234,1977
23235,1978
23236,1979
23237,1979
23238,1980
23239,1980
23240,1981
23241,1981
23242,1982
23243,1982
23244,1983
23245,1984
23246,1984
23247,1985
23248,1985
23249,1986
23250,1986
23251,1987
23252,1987
23253,1988
23254,1989
23255,1989
23256,1990
23257,1990
23258,1991
23259,1991
23260,1992
23261,1993
23262,1993
23263,1994
23264,1994
23265,1995
23266,1995
23267,1996
23268,1996
23269,1997
23270,1998
23271,1998
23272,1999
23273,1999
23274,2000
23275,2000
23276,2001
23277,2002
23278,2002
23279,2003
23280,2003
23281,2004
23282,2004
23283,2005
23284,2005
23285,2006
23286,2007
23287,2007
23288,2008
23289,2008
23290,2009
23291,2009
23292,2010
23293,2011
23294,2011
23295,2012
23296,2012
23297,2013
23298,2013
23299,2014
23300,2015
23301,2015
23302,2016
23303,2016
23304,2017
23305,2017
23306,2018
23307,2019
23308,2019
23309,2020
23310,2020
23311,2021
23312,2021
23313,2022
23314,2023
23315,2023
23316,2024
23317,2024
23318,2025
23319,2025
23320,2026
23321,2027
23322,2027
23323,2028
23324,2028
23325,2029
23326,2029
23327,2030
23328,2031
23329,2031
23330,2032
23331,2032
23332,2033
23333,2033
23334,2034
23335,2035
23336,2035
23337,2036
23338,2036
23339,2037
23340,2037
23341,2038
23342,2039
23343,2039
23344,2040
23345,2040
23346,2041
23347,2041
23348,2042
23349,2043
23350,2043
23351,2044
23352,2044
23353,2045
23354,2045
23355,2046
23356,2047
23357,2047
23358,2048
23359,2048
23360,2049
23361,2049
23362,2050
23363,2051
23364,2051
23365,2052
23366,2052
23367,2053
23368,2054
23369,2054
23370,2055
23371,2055
23372,2056
23373,2056
23374,2057
23375,2058
23376,2058
23377,2059
23378,2059
23379,2060
23380,2060
23381,2061
23382,2062
23383,2062
23384,2063
23385,2063
23386,2064
23387,2065
23388,2065
23389,2066
23390,2066
23391,2067
23392,2067
23393,2068
23394,2069
23395,2069
23396,2070
23397,2070
23398,2071
23399,2072
