id,Country Name,Country Code,Year,Inflation,GDP,Exports,Trade
0,Cyprus,CYP,2001,3.65716629,3.60066503,976000000,46.35997897
1,Benin,BEN,1995,15.09945191,6.045198648,420000000,53.72674037
2,Bangladesh,BGD,1995,7.144938703,5.121277897,3501000000,26.8715543
3,Paraguay,PRY,1978,9.706191149,12.02872995,256970000,27.23065397
4,Morocco,MAR,1987,3.014808423,-0.325004076,2826000000,32.41863255
5,United Kingdom,GBR,1981,11.5504254,-0.770989934,1.02E+11,37.90033454
6,Vanuatu,VUT,1983,1.809912777,13.83309493,29000000,84.45042493
7,Latvia,LVA,2007,20.116005,9.97926933,8308345092,76.46966126
8,Portugal,PRT,1992,11.44603161,1.089476534,18350000000,44.54442582
9,St. Kitts and Nevis,KNA,2008,3.1442647,6.291915218,51168000,50.90625749
10,Mongolia,MNG,2013,2.907848339,11.64891619,4269100000,84.46031194
11,Uganda,UGA,2013,4.025024791,3.586905826,2407736000,33.43656628
12,Ghana,GHA,2016,17.42459053,3.576648193,11283453000,57.70792645
13,Liberia,LBR,2010,5.473707484,6.099944692,222000000,72.08185119
14,Benin,BEN,1989,2.224934457,-2.854160496,218000000,42.53493823
15,Portugal,PRT,2003,3.439044132,-0.934205168,31757358754,47.86329989
16,Niger,NER,2001,3.984064312,7.104340612,272000000,35.16734212
17,Pakistan,PAK,1982,9.371654212,6.5374868,2397000000,25.58747303
18,Swaziland,SWZ,2016,5.258830205,1.368694073,1657332626,82.82958789
19,Ukraine,UKR,1996,66.14566294,-9.999999974,14401000000,71.82536043
20,Togo,TGO,1997,2.036034535,14.37737758,424000000,71.3165455
21,Philippines,PHL,1988,9.647022879,6.752544481,7032000000,41.58061732
22,Colombia,COL,2013,1.992707158,4.874065579,58823661000,31.09497292
23,China,CHN,2012,2.392484151,7.85626211,2.05E+12,45.17373548
24,Philippines,PHL,1981,11.70313893,3.423269177,5655000000,39.65054894
25,Poland,POL,2000,6.114610233,4.559571179,31747232655,46.99416145
26,Samoa,WSM,2005,0.856081316,4.156492103,87170055,70.42376374
27,Senegal,SEN,2010,1.849308274,4.179363063,2161128000,53.62126998
28,Honduras,HND,1983,6.964269905,-0.924352309,672000000,47.93630237
29,Bangladesh,BGD,2000,3.44665935,5.293294718,6389000000,28.615441
30,Slovak Republic,SVK,2002,3.952387613,4.522792238,14405371882,88.27261618
31,Azerbaijan,AZE,2013,0.456972658,5.796678396,31702945000,56.66265436
32,Solomon Islands,SLB,1992,13.16552234,12.69044733,102000000,56.49746641
33,Turkey,TUR,2000,49.34068172,6.640061263,27775000000,30.14073693
34,Solomon Islands,SLB,2007,5.880056473,7.320001264,164551751.2,88.77695619
35,Colombia,COL,1968,9.046203265,6.427444336,558500000,20.30766335
36,Solomon Islands,SLB,2001,3.735265319,-7.978564432,47000000,34.21036284
37,Kazakhstan,KAZ,1995,160.8886735,-8.200000003,5250000000,44.45304559
38,Zambia,ZMB,2005,16.65019907,7.235599007,1809763000,52.42248032
39,Malaysia,MYS,1995,3.633486833,9.82908212,73914000000,170.9093009
40,China,CHN,2010,6.944445338,10.63614046,1.58E+12,48.74915601
41,Paraguay,PRY,1992,14.08292064,1.696428011,657000000,29.04676307
42,Tunisia,TUN,1999,3.361418922,6.054634515,5872000000,62.52700711
43,Poland,POL,2011,3.22912192,5.0172352,1.89E+11,75.52005575
44,Pakistan,PAK,1981,9.913532815,7.920763572,2883000000,30.2982795
45,Nigeria,NGA,1979,11.48876315,6.759430935,17334100000,58.29993941
46,Brazil,BRA,1988,651.1138557,-0.102672718,33494000000,14.99678953
47,India,IND,2008,8.664665347,3.890957062,1.95E+11,43.46085357
48,Singapore,SGP,1986,-1.236748344,1.327634019,22495000000,258.5235841
49,Oman,OMN,1991,-8.498092243,6.074078508,4871000000,72.28331957
50,South Africa,ZAF,1966,4.372091476,4.438308267,2741340000,41.57476916
51,Russian Federation,RUS,2007,13.8043754,8.535080209,3.54E+11,44.46308123
52,Papua New Guinea,PNG,1986,1.35686909,4.693057066,1033000000,79.79505501
53,Moldova,MDA,1998,5.646234845,-6.54219202,630000000,100.518622
54,Germany,DEU,1972,4.531857145,4.300341294,46736500000,29.16788129
55,Italy,ITA,1998,2.5298088,1.616076034,2.46E+11,36.66291554
56,South Africa,ZAF,1965,2.954124952,6.122760827,2546740000,45.08242337
57,Greece,GRC,2009,2.569771121,-4.300733667,20469098153,27.2476574
58,Cyprus,CYP,1998,3.362835881,5.23555375,1061000000,45.83954111
59,Denmark,DNK,1998,1.232211919,2.218161888,49012582000,54.17482399
60,Belize,BLZ,2005,2.681530148,2.578742031,319111395,81.85540627
61,Greece,GRC,1976,16.43448753,6.851897986,2561110000,27.66938702
62,Guinea-Bissau,GNB,1996,39.23371349,11.6,28000000,42.52647504
63,Seychelles,SYC,1986,6.741130655,-0.176801263,18000000,59.65822851
64,Tanzania,TZA,2004,7.022323797,7.828298381,1479100000,32.788438
65,St. Kitts and Nevis,KNA,1990,7.516461354,4.890818842,28000000,66.11081066
66,Seychelles,SYC,2011,4.496235805,7.887279597,483093000,143.7656838
67,Greece,GRC,1996,7.635700009,2.862128846,11711000000,27.38828896
68,Singapore,SGP,1992,0.996002493,7.087600945,63472000000,260.0696387
69,Greece,GRC,1987,15.25267951,-2.258863527,6533000000,30.00788186
70,Netherlands,NLD,1998,2.0546455,4.525415041,2.14E+11,94.7140243
71,Azerbaijan,AZE,2012,2.848503574,2.200000188,32634038000,61.78077135
72,Croatia,HRV,2007,4.105009445,5.15000498,12340119050,63.16398367
73,Senegal,SEN,1998,2.755980193,5.898672563,968000000,48.16767927
74,Mauritius,MUS,1984,7.463674732,4.698385727,372000000,80.67536672
75,El Salvador,SLV,1992,4.255763912,7.543337489,796000000,44.51945522
76,Kenya,KEN,2002,0.933205556,0.54685953,2116250000,40.77574097
77,Barbados,BRB,1998,8.689516793,3.740458015,252000000,43.90390909
78,Uruguay,URY,1978,46.80166099,5.373985348,686050000,29.39459008
79,Italy,ITA,1991,7.581328697,1.538447552,1.69E+11,28.35048191
80,Honduras,HND,1990,21.20055873,0.096880396,933798199,61.38305168
81,Kenya,KEN,2000,6.079848488,0.599695392,1734000000,38.08629668
82,Myanmar,MMR,2003,20.49653941,13.84399689,2483000000,43.6987861
83,Tonga,TON,2012,2.39161018,0.890322581,15583000,45.46379775
84,Netherlands,NLD,2015,0.805313303,2.260757029,5.71E+11,142.8747507
85,Netherlands,NLD,2003,2.170980328,0.283922581,2.96E+11,98.05080594
86,Dominican Republic,DOM,1990,50.45925301,-5.454312395,2170000000,73.17271721
87,Ecuador,ECU,2012,4.985253061,5.641962067,23764756000,56.00452929
88,Djibouti,DJI,2015,2.114685457,6.500508308,133580913.8,70.29137394
89,India,IND,1977,5.637229334,7.254764586,6378200000,10.8660912
90,Papua New Guinea,PNG,1979,16.09984205,1.832395513,963968000,81.38717039
91,Paraguay,PRY,2002,14.94457121,-0.021401975,2328800000,63.25223729
92,Hungary,HUN,2012,3.381494747,-1.643779899,1.04E+11,155.4440759
93,Pakistan,PAK,1977,9.094894676,3.947698287,1212540000,25.11539746
94,Angola,AGO,2009,-7.418798779,2.412869693,40827900000,84.09828378
95,Sweden,SWE,2006,1.821122617,4.688127152,1.48E+11,65.55210227
96,Panama,PAN,1990,0.565205375,8.098993006,340000000,29.20437733
97,Thailand,THA,1980,12.70248279,5.173541006,6505000000,48.58524981
98,Dominica,DMA,1986,6.168166584,7.077737298,43000000,88.3344349
99,Tunisia,TUN,1987,5.17071148,6.701371095,2139000000,53.4019713
100,Albania,ALB,2005,2.621017641,5.720819947,658000000,40.15420038
101,Swaziland,SWZ,2015,7.554897974,0.391128861,1812209516,79.65973171
102,Ecuador,ECU,2014,3.030703069,3.788868549,25724432000,52.54363298
103,Romania,ROU,1995,43.5825555,7.138212933,7910000000,48.2926117
104,Tunisia,TUN,2005,4.175577641,3.486535815,10493600000,73.34488414
105,Nepal,NPL,1997,7.279092987,5.048612536,406000000,42.67394737
106,Costa Rica,CRI,2008,11.41769325,4.649598462,9503700000,81.25748735
107,Uganda,UGA,2010,10.56721956,5.637611638,1618603000,31.12447468
108,Jordan,JOR,2016,1.007517544,2.003733642,7509080845,69.11474127
109,Paraguay,PRY,1998,13.29685246,0.068035126,1014000000,43.33725696
110,"Egypt, Arab Rep.",EGY,2002,3.185476353,2.370460092,5545895677,20.84871634
111,Mauritania,MRT,1992,5.741941641,1.874125895,425000000,56.81537208
112,France,FRA,1983,9.654606154,1.256296474,94943000000,35.74783936
113,"Gambia, The",GMB,2011,3.715208556,-4.295121773,94913000,48.48970402
114,St. Lucia,LCA,2009,-0.706990639,-0.799344538,165956000,54.34524559
115,Guyana,GUY,2010,5.734214539,4.138443121,879766000,100.1601671
116,Singapore,SGP,1996,1.47140698,7.531933911,1.25E+11,265.9149425
117,Burundi,BDI,2010,12.30329598,3.785902543,101193000,30.09525349
118,Canada,CAN,2003,3.255939918,1.802273312,2.73E+11,58.02006182
119,Grenada,GRD,2007,2.319965834,6.122911893,33411000,52.52993485
120,Guinea-Bissau,GNB,1987,94.26345721,2.900000007,17000000,50.04706667
121,Netherlands,NLD,2005,1.933833773,2.160366002,4.06E+11,113.5087002
122,Bolivia,BOL,1976,8.602894139,4.614567334,568200000,41.09683367
123,Colombia,COL,2015,2.453469416,3.052016573,35981223000,30.88602761
124,Cyprus,CYP,2010,2.008104077,1.317777804,1402160491,39.00731217
125,Kenya,KEN,1984,10.19071998,1.755216977,1081000000,41.18591485
126,Djibouti,DJI,2013,2.37010841,4.999907255,119626000,57.66831615
127,Switzerland,CHE,2004,0.343441109,2.7762235,1.23E+11,60.54413608
128,South Africa,ZAF,1975,10.82002435,1.695448177,8788520000,44.81620296
129,Albania,ALB,2003,5.379724414,5.773490561,447950000,40.23145572
130,Switzerland,CHE,1994,1.184387088,1.269757693,70360000000,47.27783365
131,Philippines,PHL,1979,14.83954359,5.639675746,4567280000,40.65246676
132,Sweden,SWE,1990,9.47382069,0.754674751,57540000000,43.30898496
133,Kenya,KEN,2014,8.067750442,5.351839858,6114950000,39.89114001
134,Peru,PER,2016,3.642463084,3.882496839,37019781000,38.12746185
135,United States,USA,1988,3.500903602,4.203971979,3.22E+11,14.88719268
136,Mexico,MEX,1989,26.52824948,4.198293258,35171000000,32.09792421
137,Finland,FIN,1979,8.3049795,7.121926394,11172400000,50.72218109
138,El Salvador,SLV,1998,3.94984649,3.748726161,2452000000,53.41261117
139,Sweden,SWE,2012,1.061201134,-0.286320615,1.72E+11,61.92174433
140,St. Lucia,LCA,1983,3.039349412,4.737037153,55000000,100.8980547
141,Saudi Arabia,SAU,1982,6.311986125,-20.72988831,79077000000,78.12696917
142,Malaysia,MYS,2003,3.299202446,5.788499277,1.05E+11,170.6000204
143,China,CHN,1982,-0.064555702,8.93442623,22321000000,20.28673309
144,Nepal,NPL,1985,11.42183276,6.144905238,160000000,23.39771498
145,Djibouti,DJI,2000,2.40000001,0.416213954,31600000,43.19424337
146,Fiji,FJI,2015,5.143930335,3.844406665,895160000,67.77404085
147,Senegal,SEN,1984,7.791238935,3.74576436,634000000,59.69242862
148,Niger,NER,1993,-0.142229061,1.449437876,287000000,41.20549748
149,Niger,NER,1979,4.586519941,7.146996066,447726000,43.08086204
150,Australia,AUS,2000,2.557370074,3.867868797,63870000000,32.59122283
151,Bulgaria,BGR,1997,958.6464101,-1.099999912,4940000000,88.15939368
152,Japan,JPN,2005,-1.037514828,1.662752768,5.95E+11,23.35880832
153,Myanmar,MMR,2001,24.84446478,11.34399707,2381000000,81.16964955
154,Jordan,JOR,2011,6.386512793,2.586784331,8006449000,93.39834607
155,Mexico,MEX,2013,1.758811772,1.360077144,3.8E+11,61.09283872
156,France,FRA,1987,2.490577326,2.577322066,1.48E+11,32.70122774
157,Norway,NOR,1989,5.612084724,1.038285105,27062000000,49.42621745
158,St. Kitts and Nevis,KNA,2016,1.355800033,2.209122477,51081000,42.25169513
159,Botswana,BWA,1998,9.663393362,0.721993155,2058000000,89.94963001
160,"Venezuela, RB",VEN,1988,21.76790239,5.82136842,10244000000,39.31306914
161,Samoa,WSM,2004,7.015162865,4.625001948,85436514,70.25107207
162,"Gambia, The",GMB,2003,12.89394099,6.869999803,8000000,33.77020326
163,Ethiopia,ETH,1996,0.239137919,12.42617378,417000000,21.26828285
164,Bolivia,BOL,1994,7.952208243,4.667266263,1032000000,37.46711667
165,Tonga,TON,1987,11.01204465,2.985637788,6000000,66.12207104
166,Burundi,BDI,2002,1.027858567,4.446519419,30000000,19.31270464
167,Panama,PAN,1996,-0.942383915,4.07970309,623000000,34.46636004
168,St. Kitts and Nevis,KNA,1986,6.813193757,10.58358644,25000000,70.24699684
169,St. Lucia,LCA,1988,0.24122565,14.26879795,115000000,91.39494144
170,Botswana,BWA,1996,16.11219538,5.829800078,2447000000,86.01923686
171,Jordan,JOR,1996,2.061126798,2.087347509,1816000000,88.17383438
172,Germany,DEU,2011,1.070476908,3.660000155,1.47E+12,72.620369
173,Ecuador,ECU,2003,10.59309045,2.722877337,6222690000,39.852885
174,Switzerland,CHE,1998,-0.117098605,2.989891846,78856000000,53.87311024
175,Indonesia,IDN,1981,10.15071465,7.927156824,22260000000,39.02320449
176,Dominican Republic,DOM,1973,4.507193842,12.89576373,442100000,39.72806925
177,"Congo, Rep.",COG,1985,2.498540154,-1.185660855,1087000000,77.9777598
178,Libya,LBY,2002,27.24724117,-0.958849381,9803000000,69.32465785
179,Finland,FIN,1981,11.65332587,1.294774467,14005000000,53.72337533
180,Morocco,MAR,1986,7.490749486,9.271105769,2454000000,32.14954082
181,Latvia,LVA,2004,6.762208315,8.3355468,4009170565,77.25922595
182,Sri Lanka,LKA,1986,5.917284933,4.355546917,1215000000,47.96095256
183,Spain,ESP,1981,12.35119229,-0.132468613,20334000000,25.94915782
184,Sri Lanka,LKA,2012,10.82842829,9.144579388,9380000000,41.74801033
185,Togo,TGO,2011,7.529588068,4.883763946,1178724000,89.61600759
186,United States,USA,1983,3.948367013,4.632457181,2.06E+11,13.07034342
187,Czech Republic,CZE,2000,1.76630394,4.266741357,29093889517,99.05705958
188,Turkey,TUR,1988,69.01813111,2.320736794,11662000000,28.61441364
189,Singapore,SGP,1983,3.168113948,8.540483535,21833000000,281.2388831
190,Armenia,ARM,2008,5.989562359,6.900000002,1057200000,47.01835755
191,Kenya,KEN,2012,9.379789942,4.563200169,6127070000,44.46673283
192,Seychelles,SYC,1977,43.80524769,-6.190226813,11089300,88.09805162
193,Russian Federation,RUS,2015,8.150911262,-2.828240813,3.41E+11,39.12819654
194,Canada,CAN,2004,3.280222606,3.085961209,3.17E+11,58.31658824
195,Trinidad and Tobago,TTO,2001,2.793947537,4.168524081,4280000000,88.94178726
196,Netherlands,NLD,2011,0.141896333,1.663626344,6.67E+11,141.142043
197,Albania,ALB,1996,41.27559451,9.100000008,211250000,34.63273678
198,Tunisia,TUN,1983,12.7007164,4.681917384,1850000000,59.36401263
199,Norway,NOR,1996,4.26149734,5.027995447,49645000000,52.14111773
200,Kiribati,KIR,2010,1.523756313,-1.607639217,3894000,50.22772245
201,Malta,MLT,1997,5.588162396,5.256980145,1641000000,113.160027
202,Canada,CAN,1999,1.903893879,5.1632109,2.38E+11,67.83623228
203,United Kingdom,GBR,1975,25.77763713,-1.479061659,43422900000,40.02529202
204,Papua New Guinea,PNG,1991,6.994854718,9.546897887,1460000000,81.16488162
205,Botswana,BWA,1994,9.46380484,3.627916021,1878000000,82.59513057
206,Guinea,GIN,1997,1.434126666,5.181603459,685000000,34.48136656
207,"Korea, Rep.",KOR,2009,3.54229743,0.707509946,3.64E+11,76.1272284
208,Swaziland,SWZ,2009,9.7699243,1.565048852,1660000000,96.07819245
209,Benin,BEN,2001,1.972079109,5.330410857,374000000,37.19852316
210,Slovak Republic,SVK,2003,5.354755649,5.418715934,21837272266,94.92433411
211,Japan,JPN,2008,-0.980957076,-1.093479004,7.81E+11,30.6465688
212,Colombia,COL,1995,18.85095726,5.202437593,10056000000,25.84553363
213,Zimbabwe,ZWE,1994,-3.895672489,9.235198742,1884000000,59.86351119
214,Japan,JPN,2003,-1.617002341,1.528242023,4.72E+11,19.22655738
215,Malta,MLT,1971,0.633192914,2.453993612,46309700,78.21974225
216,Latvia,LVA,2001,2.29280089,6.461310185,2000708756,65.94937982
217,Spain,ESP,1999,2.664837615,4.48477443,1.04E+11,37.86811525
218,Grenada,GRD,2004,2.031148013,-0.647450316,31574000,44.23564938
219,Singapore,SGP,1994,3.673480078,10.92545611,96825000000,270.3997961
220,United Kingdom,GBR,1997,0.932569152,4.038248414,2.8E+11,37.86990016
221,Oman,OMN,2012,3.248188804,9.331575403,52138101000,105.3255585
222,"Venezuela, RB",VEN,1987,33.28644996,3.581649938,10577000000,44.62793828
223,Guinea-Bissau,GNB,1983,23.30706729,-3.398287429,9000000,39.12517614
224,Bolivia,BOL,1983,265.197962,-4.042121789,755000000,24.5636075
225,Cyprus,CYP,1991,3.888005908,0.739501448,952000000,61.9042952
226,Israel,ISR,2014,1.039252253,3.410136515,68507000000,46.68685849
227,Fiji,FJI,1991,5.993130648,-2.700002821,450000000,79.63326151
228,Burundi,BDI,2007,6.90187529,4.785831951,58836000,27.87014629
229,Morocco,MAR,2014,0.377809577,2.669493927,23919540836,63.77314455
230,Oman,OMN,1992,1.273075738,8.413883633,5428000000,74.92606362
231,Solomon Islands,SLB,2006,4.262975323,6.946649998,121478000,74.07268993
232,Kiribati,KIR,2008,8.141374406,-1.847437264,7517744,59.4271708
233,Swaziland,SWZ,2006,4.041161947,5.992166838,1660000000,108.4660045
234,St. Vincent and the Grenadines,VCT,1994,2.370780003,-1.247737074,50000000,62.189381
235,Cabo Verde,CPV,2011,2.676410906,3.968886345,68547000,54.4831553
236,Kenya,KEN,1995,11.22107084,4.406216526,1878000000,53.82295495
237,Maldives,MDV,2014,4.640863234,7.329606245,300900000,62.02818265
238,Sweden,SWE,2008,3.321822446,-0.557047628,1.83E+11,68.45395748
239,Madagascar,MDG,1975,4.691046149,1.258691634,301119000,29.20905035
240,Ecuador,ECU,1992,4.303229428,2.114310675,3007000000,30.05376609
241,Germany,DEU,1991,3.085079746,5.108261508,4.03E+11,42.5781253
242,Costa Rica,CRI,2014,5.816588286,3.656803633,11249693000,56.77669843
243,Netherlands,NLD,2006,2.550428742,3.518636961,4.64E+11,121.1674172
244,Hungary,HUN,2014,3.380941298,4.227733353,1.11E+11,153.8283473
245,Nicaragua,NIC,2012,6.243359263,6.496136471,4686100000,108.8492097
246,India,IND,2011,8.539714396,6.6383638,3.03E+11,42.09250544
247,Kazakhstan,KAZ,2002,5.803224095,9.800000002,9670300000,65.97624863
248,Swaziland,SWZ,1987,1.113116956,14.60659024,423000000,146.8837131
249,"Macedonia, FYR",MKD,2006,3.252624178,5.137025162,2401000000,89.83406603
250,Comoros,COM,1995,8.3207386,3.610129478,11000000,31.910825
251,Saudi Arabia,SAU,2003,2.316558662,11.24206139,93245300000,62.53233534
252,Cyprus,CYP,2004,3.553120099,4.570303485,947584495,37.01632822
253,Benin,BEN,1998,5.231604748,3.961012138,407000000,46.55628909
254,Uganda,UGA,2000,11.11730588,3.141907338,402824000,31.30545336
255,Senegal,SEN,1994,33.89108165,-0.017328658,791000000,46.76058606
256,Mexico,MEX,2012,3.252454327,4.018173869,3.71E+11,63.31098304
257,Canada,CAN,1970,6.056642029,3.25561362,16786500000,35.35139976
258,Thailand,THA,2000,1.330799542,4.455676031,69057000000,103.6305148
259,Malaysia,MYS,2013,0.174474486,4.69372252,2.28E+11,134.3205813
260,Sudan,SDN,1985,46.16914524,-6.28104358,373000000,9.223029625
261,Madagascar,MDG,1992,14.41502328,1.186152287,327000000,26.38487912
262,Nepal,NPL,1982,9.347409673,3.779374654,88000000,20.16339571
263,Dominican Republic,DOM,2008,10.39168751,3.209504262,6747500000,47.09233034
264,Slovak Republic,SVK,1997,4.862724544,6.06754301,9635000000,77.22300983
265,Maldives,MDV,2011,12.63498651,8.566733614,346400000,65.30174103
266,Poland,POL,1992,38.62546694,2.514978621,14500000000,35.02335483
267,Norway,NOR,1984,6.209997955,6.052445183,18886000000,52.80708973
268,Algeria,DZA,1984,8.433505562,5.59999653,12795000000,42.98648014
269,Dominican Republic,DOM,1984,18.33184837,1.252895975,1254000000,28.06280574
270,Bahrain,BHR,2001,-3.363876178,2.491033565,5577000000,110.1021758
271,Belize,BLZ,2011,4.220394774,2.103950804,603700000,96.51699256
272,Tunisia,TUN,2011,4.279310702,-1.91717768,17846965000,91.24321841
273,Papua New Guinea,PNG,1980,7.09131507,-2.303451199,1031000000,86.68557462
274,Philippines,PHL,2013,2.045459051,7.064032939,56698000000,45.02839039
275,Israel,ISR,1999,6.232580752,3.615838883,25794000000,50.31149428
276,Latvia,LVA,2009,-9.679660604,-14.40169178,7701989486,66.92091428
277,Mauritania,MRT,1976,6.030640977,8.54610493,178000000,68.07677349
278,Israel,ISR,1979,76.8614207,6.20781574,4546400000,61.02105537
279,Romania,ROU,2006,10.54989769,8.055560146,32457880300,67.68906938
280,Niger,NER,1991,-5.138194122,2.504203274,307000000,28.43659449
281,Jordan,JOR,1977,14.26095078,6.509946267,249198000,77.75839505
282,Ghana,GHA,1988,33.40285419,5.628168765,1009000000,36.82298112
283,"Venezuela, RB",VEN,2000,29.45282511,3.686944167,33529000000,42.46345635
284,Costa Rica,CRI,1980,18.8295804,0.751895407,1002000000,52.61363727
285,Denmark,DNK,1978,8.954720808,2.22630861,11883400000,44.21891578
286,Mexico,MEX,1986,73.61946507,-3.753919881,21804000000,30.42099879
287,Indonesia,IDN,1986,2.253771484,5.875045104,16075000000,31.47333406
288,Kuwait,KWT,1997,-4.719444713,2.473325247,14224000000,74.02542769
289,Turkey,TUR,2005,7.104863112,9.009853214,73476000000,37.94252388
290,Bolivia,BOL,1992,13.19920412,1.646500039,710000000,31.89287765
291,Finland,FIN,2012,2.953564395,-1.42618936,73076854400,58.2551284
292,Zambia,ZMB,2013,9.727272475,5.059376378,10606851708,75.56723112
293,Bangladesh,BGD,1998,4.736212562,5.177026873,5121000000,25.23979432
294,Portugal,PRT,1987,10.09678186,6.381393841,9320000000,48.3256423
295,Benin,BEN,2000,4.338065007,5.859992101,392000000,39.11743831
296,Oman,OMN,1996,7.415750176,3.045940005,7346000000,79.02989292
297,Belize,BLZ,2016,0.51437892,-0.594298268,460000000,82.13198553
298,Niger,NER,1989,1.423209931,0.933929138,244000000,27.84956687
299,Uruguay,URY,2015,9.016280623,0.370741267,7677483000,32.22360433
300,St. Lucia,LCA,2013,3.523312051,0.168242984,174395000,53.34590167
301,Turkey,TUR,1984,48.23683261,6.712015712,7134000000,29.8233489
302,Colombia,COL,1976,25.35124968,4.817187269,1873800000,23.04678293
303,Vanuatu,VUT,2003,0.788437031,4.293431178,27000000,41.97630231
304,Italy,ITA,2000,1.965319917,3.710106587,2.41E+11,41.97680589
305,Israel,ISR,1994,12.53792945,7.427845262,16884000000,48.80361225
306,Honduras,HND,2001,8.08434938,2.723193273,3422675948,100.1155503
307,El Salvador,SLV,2009,-0.47436696,-3.13305645,3866200000,54.16767702
308,Burundi,BDI,2006,2.845127974,5.384657398,58284000,38.40986904
309,Colombia,COL,1983,20.39022511,1.584376304,3001000000,20.56296525
310,Israel,ISR,2016,0.843294245,4.094335591,60160200000,40.59720449
311,Nicaragua,NIC,1995,13.39268393,5.911907795,466000000,34.80281224
312,Czech Republic,CZE,2015,1.16589854,5.309238519,1.58E+11,160.2491332
313,Mauritania,MRT,1997,12.07706339,-4.044696622,429194468,61.50592392
314,Senegal,SEN,1982,9.767329836,7.843064628,548000000,49.522821
315,Albania,ALB,2012,1.039992951,1.419967541,1967989000,55.60377164
316,Malta,MLT,1974,3.363716158,10.03640396,134010000,131.6635887
317,Thailand,THA,1992,4.490454131,8.083388023,32472000000,65.64030196
318,Madagascar,MDG,2014,6.626032068,3.315854149,2196096000,50.81279363
319,Jordan,JOR,1982,6.056048408,7.385024588,752000000,85.28880538
320,Kyrgyz Republic,KGZ,2010,10.03390382,-0.471566848,1755900000,103.8449822
321,Botswana,BWA,1986,14.06124987,8.172924333,862000000,113.0949788
322,Barbados,BRB,1997,0.914306306,4.740148487,283000000,50.17070445
323,Solomon Islands,SLB,2005,5.300840984,5.421193232,103428000,69.69021212
324,Sierra Leone,SLE,2002,-3.935269946,26.26857661,48668700,25.25840331
325,Trinidad and Tobago,TTO,1999,4.303181823,8.024817633,2804000000,81.43654332
326,Germany,DEU,2001,1.276999699,1.695471452,5.72E+11,54.22629441
327,Lesotho,LSO,2011,8.410637332,6.901334072,1172166000,131.7121898
328,Chile,CHL,1990,22.4709371,3.333565473,8372000000,48.66236211
329,Chile,CHL,2013,1.976645267,4.045004298,76769937000,56.08177748
330,Guyana,GUY,1983,8.91968461,-6.792386689,189000000,85.83106267
331,Sierra Leone,SLE,2015,19.63849449,-20.49283375,511694410.1,48.02627979
332,Ghana,GHA,1995,43.04533048,4.11241904,1724000000,56.14729672
333,France,FRA,2005,1.939513948,1.607713814,4.63E+11,43.90623765
334,Croatia,HRV,2008,5.702517446,2.0533655,14111700000,63.61976924
335,Colombia,COL,1998,14.77304541,0.56978409,10852000000,25.8899144
336,Indonesia,IDN,2002,5.896051693,4.499475391,59166000000,46.80475026
337,"Congo, Rep.",COG,1981,27.78912692,17.61972247,811000000,63.05453865
338,Japan,JPN,2001,-1.104431738,0.406249445,4.03E+11,17.48756268
339,South Africa,ZAF,2011,6.532210955,3.284197135,1.09E+11,55.95032362
340,Lao PDR,LAO,2003,13.45008984,6.067002304,335470000,39.42027275
341,Benin,BEN,1999,8.543260489,5.341449372,422000000,43.53503086
342,Fiji,FJI,1995,1.156904346,2.499998538,619000000,76.68697174
343,Nigeria,NGA,1997,1.013132276,2.802256439,15207000000,68.97371359
344,Singapore,SGP,2001,-2.242820051,-0.952290066,1.22E+11,266.2796457
345,Greece,GRC,2011,0.798356141,-9.132494153,33819303114,35.19640102
346,Seychelles,SYC,2014,3.14922847,3.316985028,539617000,118.1999722
347,Tonga,TON,2009,-2.342333004,2.290612704,7844000,47.94941325
348,Antigua and Barbuda,ATG,2001,1.483866161,-4.954075415,41000000,53.32565661
349,Vanuatu,VUT,1999,3.075150935,0.334788215,26000000,46.26879047
350,Malta,MLT,1995,0.781587412,6.342493183,1914000000,139.6678809
351,Sweden,SWE,1980,11.71650993,1.699971419,30906000000,45.93092062
352,Zambia,ZMB,2008,10.64024482,7.773895815,5098688000,56.72073687
353,Ethiopia,ETH,1991,19.08429008,-7.137479708,189000000,4.909435999
354,Tanzania,TZA,1997,20.58723215,3.525278191,753000000,27.19989746
355,Belize,BLZ,1988,4.238190082,9.237596458,116000000,94.31565576
356,Israel,ISR,1969,1.596261454,13.56570351,729300000,44.69602202
357,St. Lucia,LCA,2012,0.602767762,-0.660101451,182433000,57.49088834
358,Mali,MLI,2002,3.512881723,3.106308252,874000000,46.3267892
359,Sri Lanka,LKA,2006,11.27702945,7.6682919,6885530000,60.62178994
360,Peru,PER,1985,165.7349725,2.061132066,2979000000,28.67876977
361,Paraguay,PRY,1986,29.70501761,4.964835664,233000000,23.57752406
362,United States,USA,1973,5.442039936,5.643124848,71404000000,10.12236892
363,Bulgaria,BGR,2012,1.555323994,0.030943608,26685938400,110.191272
364,Czech Republic,CZE,2002,2.715458864,1.652494055,38491919841,96.62743231
365,Sierra Leone,SLE,1979,11.53571229,4.511265607,199786000,46.48726798
366,Syrian Arab Republic,SYR,1979,16.11329728,3.632355619,1644150000,50.08538952
367,Guinea,GIN,1987,27.25999011,3.299938845,544000000,49.57046951
368,Togo,TGO,2010,1.17724555,3.99567877,976221387.2,83.79961145
369,Senegal,SEN,1981,10.9983441,5.069516433,500000000,49.61012137
370,Kazakhstan,KAZ,2013,9.49908144,6,84700400000,56.41864167
371,France,FRA,1998,0.952157733,3.556201252,3.21E+11,41.59513848
372,El Salvador,SLV,2004,3.08744535,1.850535583,3304610000,60.97833311
373,Costa Rica,CRI,2003,10.72253649,4.255476254,6102200000,80.04946519
374,Uganda,UGA,1984,25.27680962,-0.344676681,399000000,20.54956974
375,Argentina,ARG,1979,147.377044,10.22276346,7809900000,20.95236394
376,Croatia,HRV,2002,3.480491614,5.246474529,4903580000,58.13412379
377,France,FRA,1992,1.98973424,1.599671214,2.36E+11,33.75456753
378,Canada,CAN,1979,9.98551538,3.804922884,58293900000,47.28465298
379,Ghana,GHA,1987,39.2014969,4.794898878,977000000,42.03096515
380,"Korea, Rep.",KOR,2012,1.043502224,2.292397846,5.48E+11,87.29544005
381,Latvia,LVA,2003,4.916778232,8.430691218,2892517585,69.17185326
382,Ghana,GHA,2013,15.58107726,7.312525021,13751920000,65.58333736
383,Guinea-Bissau,GNB,2006,-2.274026331,2.309750124,74000000,33.96246069
384,Lesotho,LSO,2001,11.47305426,3.561582447,280000000,123.8938326
385,Fiji,FJI,1997,3.450613071,-2.200000762,621649000,75.77139894
386,Bangladesh,BGD,1978,25.61888559,7.073837733,548465000,15.51800282
387,Lao PDR,LAO,2011,10.4687176,8.038652681,2189550000,52.50443941
388,Namibia,NAM,1999,6.699456146,3.369278594,1234000000,74.47064475
389,Niger,NER,2009,6.078734857,-0.712671174,1000000000,59.29086067
390,Bolivia,BOL,2015,-4.620602784,4.857187895,8299121000,54.24612561
391,Poland,POL,2001,3.122872198,1.248005438,35998466024,45.23535022
392,Saudi Arabia,SAU,1989,8.577774338,-0.50301588,28382000000,51.95477574
393,St. Vincent and the Grenadines,VCT,1998,3.212185937,4.089483241,50000000,65.03937058
394,"Venezuela, RB",VEN,1998,18.8902867,0.294055161,17707000000,36.70596547
395,Belize,BLZ,1994,3.588316901,0.157938679,151000000,70.58454505
396,United States,USA,2000,2.275519805,4.092176449,7.82E+11,19.8469797
397,Albania,ALB,2014,1.549997621,1.774368743,2430622000,57.90959702
398,Spain,ESP,1985,8.595479445,2.321435857,24247000000,30.06615349
399,Mali,MLI,2010,4.368099028,5.413452222,1996261000,50.79031975
400,Barbados,BRB,2007,4.679552537,1.764284435,523823000,50.17965184
401,Mauritius,MUS,2012,2.465523579,3.496118338,2649115000,68.58858252
402,Sudan,SDN,2000,9.853136581,6.345867769,1807000000,27.41197135
403,Bolivia,BOL,1988,17.52332811,2.909505419,600000000,25.90473222
404,Singapore,SGP,2007,5.860993948,9.111527148,2.99E+11,312.5118864
405,Dominica,DMA,1990,3.028175525,5.254898279,55000000,104.0149643
406,Netherlands,NLD,1989,1.348068309,4.420118036,1.08E+11,83.35608773
407,Senegal,SEN,1990,-0.017871227,-0.67563815,761000000,34.6357042
408,Lao PDR,LAO,1989,55.26652112,14.19063663,63000000,34.73161601
409,"Macedonia, FYR",MKD,2000,13.78728948,4.549135778,1323000000,90.56810405
410,Turkey,TUR,2004,12.44688837,9.644322663,63167000000,39.70164634
411,Madagascar,MDG,1980,14.9868789,0.805770818,401000000,24.7641107
412,Peru,PER,1983,107.3968532,-10.4080858,3015000000,30.26123397
413,Turkey,TUR,1992,65.19943828,5.035634939,14716000000,23.72094299
414,Colombia,COL,1985,24.90633312,3.088264652,3552000000,22.04651032
415,Cameroon,CMR,1988,0.813898666,-7.823631975,927000000,17.61746162
416,Thailand,THA,2007,2.473328762,5.43509257,1.54E+11,111.7479874
417,Iceland,ISL,1998,4.691972416,6.567152826,1931000000,52.11174888
418,Tunisia,TUN,1994,4.526057597,3.178411391,4657000000,71.88246468
419,Lesotho,LSO,2010,4.151780517,6.072038616,877657000,133.1820078
420,St. Kitts and Nevis,KNA,1980,7.274273608,8.280045048,24000000,101.8969905
421,Nicaragua,NIC,1997,9.777993142,3.966650973,577000000,46.17348264
422,Switzerland,CHE,1993,2.322024024,-0.125983541,63185000000,46.91189288
423,Denmark,DNK,2002,2.347662427,0.466344928,57494821655,60.35489234
424,"Korea, Rep.",KOR,1998,4.616943487,-5.471219258,1.32E+11,60.28061809
425,Slovak Republic,SVK,2009,-1.164869253,-5.422542313,56081710026,125.6176151
426,"Venezuela, RB",VEN,1977,9.899503532,6.270783513,9550840000,48.47913904
427,Ethiopia,ETH,1985,31.78776318,-11.14435298,333000000,13.98610178
428,Kenya,KEN,2015,9.622988236,5.713382918,5906275000,34.49942749
429,Azerbaijan,AZE,2009,-18.92973159,9.410653764,21097000000,62.33928851
430,Brazil,BRA,2014,7.846684589,0.503961791,2.25E+11,18.90301243
431,South Africa,ZAF,2008,8.831503768,3.191051645,80782160000,63.53959087
432,Romania,ROU,1994,139.0230706,3.93194273,6151000000,44.09059582
433,United Kingdom,GBR,2007,2.579644206,2.35670823,4.42E+11,35.13230355
434,Morocco,MAR,2003,1.062605003,5.961162155,8778330000,44.23114624
435,Belize,BLZ,2015,-0.738337083,2.871935041,537785000,89.78851002
436,Colombia,COL,1994,45.35706146,5.835811494,8419000000,24.84716051
437,Seychelles,SYC,1976,9.134170486,16.27764772,8672460,97.09101211
438,Antigua and Barbuda,ATG,1997,1.827377353,5.471131932,38000000,59.94559839
439,Bangladesh,BGD,1996,19.14321311,4.522919218,4249000000,24.29235286
440,Trinidad and Tobago,TTO,2002,-5.192534876,7.936709641,3880000000,83.51211601
441,Ethiopia,ETH,1990,3.271374608,2.726451783,298000000,11.32633357
442,"Iran, Islamic Rep.",IRN,1981,26.2738371,-5.696787233,11831000000,26.39222028
443,El Salvador,SLV,1995,10.43495999,6.396570978,1652000000,52.42881954
444,China,CHN,1990,5.724589743,3.907113896,62091000000,31.98932211
445,Guinea-Bissau,GNB,1988,79.54483906,4.599999988,16000000,49.86071824
446,"Venezuela, RB",VEN,1972,7.493154242,1.282805036,3165980000,35.34929475
447,St. Lucia,LCA,2010,9.279188711,0.130503474,214515000,63.4606471
448,Estonia,EST,1996,24.65791245,5.323844874,2078000000,111.7125448
449,Japan,JPN,2015,2.141344449,1.353823114,6.25E+11,28.95963
450,Netherlands,NLD,1982,4.62365528,-1.240756775,66281000000,83.12003809
451,Paraguay,PRY,2010,6.100263759,13.09300368,6504820000,82.56540199
452,Algeria,DZA,2012,7.481337601,3.374768651,71866000000,58.47344755
453,Bangladesh,BGD,1983,8.487755878,3.8810464,724000000,16.40633761
454,"Iran, Islamic Rep.",IRN,1977,21.88781914,-2.773577692,9215710000,28.89078728
455,Guyana,GUY,2014,-0.344793547,3.898346224,1167200000,96.12874848
456,Netherlands,NLD,1993,1.597508775,1.257552208,1.4E+11,76.35705536
457,Italy,ITA,1978,13.94497402,3.240139803,56090000000,35.85320377
458,Cabo Verde,CPV,1982,17.39334871,2.825030083,4000000,54.04223141
459,Samoa,WSM,2007,-0.137675272,6.322641763,97467000,65.89715738
460,Spain,ESP,2010,0.16041859,0.014063878,2.54E+11,40.61374336
461,Netherlands,NLD,1980,6.225371696,1.341914191,73960000000,78.89438286
462,Seychelles,SYC,1985,1.513647506,11.12573758,28000000,75.1979694
463,Ghana,GHA,2000,27.2301138,3.700000115,1671000000,93.19641285
464,Saudi Arabia,SAU,1972,1.07710989,22.93064026,4772300000,61.13507567
465,France,FRA,2011,0.943611724,2.079229175,5.96E+11,45.98841638
466,Indonesia,IDN,2005,14.33178708,5.692571304,86996064000,53.46124964
467,Bangladesh,BGD,2002,3.892867435,3.83312394,6149000000,26.9369528
468,Azerbaijan,AZE,1999,2.16100726,7.400000582,929000000,42.89248175
469,Libya,LBY,2005,28.56853571,11.87072893,31358000000,79.0908913
470,France,FRA,1986,5.069896843,2.351242289,1.25E+11,32.83802599
471,Guinea,GIN,1999,4.227675307,3.812004035,635700000,34.42726998
472,Albania,ALB,2004,2.357084176,5.709556596,605400000,39.84215608
473,Nepal,NPL,2015,4.942814458,3.322905439,720669000,34.43233281
474,Germany,DEU,1976,3.306194456,4.949258392,1.02E+11,36.80715449
475,United Kingdom,GBR,2015,0.456272022,2.345939517,4.6E+11,37.65365918
476,Guinea-Bissau,GNB,1990,30.24603769,6.099999986,19000000,43.03949055
477,Greece,GRC,1986,18.88199997,0.517660103,5648000000,30.14920626
478,China,CHN,2006,3.927910852,12.71947902,9.69E+11,63.96637752
479,Sudan,SDN,1993,97.48734825,4.56874919,417000000,15.32349473
480,Azerbaijan,AZE,2007,20.98171056,25.04899952,21269317000,82.64463504
481,Turkey,TUR,2016,8.098262201,3.183831543,1.43E+11,39.49788045
482,Nicaragua,NIC,2003,5.331077156,2.520732936,604548000,46.66977992
483,St. Kitts and Nevis,KNA,1995,2.100073361,5.752822815,19000000,50.71744046
484,Denmark,DNK,1994,1.565480931,5.332448645,42343000000,50.61016267
485,Australia,AUS,2013,-0.166501266,2.569856088,2.53E+11,31.59314414
486,Albania,ALB,1998,8.432367822,9.00885254,207740000,38.76808334
487,St. Vincent and the Grenadines,VCT,2002,1.017049274,6.323310422,38000000,45.89902551
488,Colombia,COL,2001,6.518448292,1.677898308,12290000000,25.58359752
489,Vanuatu,VUT,1993,2.048502607,0.750740107,23000000,53.70044606
490,Fiji,FJI,1998,7.48757882,1.300001962,512000000,74.48161133
491,Trinidad and Tobago,TTO,2015,-9.920724011,-0.578521568,10804000000,86.07159278
492,Syrian Arab Republic,SYR,1997,6.01124062,1.800000002,3916000000,54.76643822
493,Indonesia,IDN,1995,9.882045131,8.220007399,45417000000,39.98182334
494,Spain,ESP,1982,13.58232336,1.246461706,20498000000,26.58437941
495,Uganda,UGA,2012,21.52116587,3.837455606,2357493000,36.32018757
496,India,IND,2016,3.611788437,7.107034368,2.64E+11,27.57216486
497,Jordan,JOR,1980,-0.384031248,19.01174969,574000000,76.11181319
498,Canada,CAN,2010,2.874062219,3.08351422,3.87E+11,48.97357548
499,United Kingdom,GBR,2005,2.645640926,3.096088937,3.91E+11,36.1063422
500,Hungary,HUN,2003,5.543169197,3.848619662,43094215618,106.5369897
501,United Kingdom,GBR,1984,5.022725093,2.276235592,93881000000,43.03608942
502,Slovak Republic,SVK,1994,13.44848642,6.205530477,6690000000,66.23715895
503,China,CHN,2000,2.06146138,8.491508492,2.49E+11,39.15451568
504,Romania,ROU,1991,195.0039787,-12.91821075,4400000000,35.14987068
505,United Kingdom,GBR,1974,15.03444716,-2.463410167,38196600000,44.81942758
506,Saudi Arabia,SAU,1997,3.4597245,1.103782049,60732000000,53.90581004
507,Oman,OMN,2002,4.70346441,-1.10056525,11171700000,86.72182533
508,Guinea,GIN,1996,1.545968237,4.461575085,709000000,35.06463387
509,Turkey,TUR,1977,24.08902325,3.406669804,1752900000,12.86572928
510,Brazil,BRA,2016,8.33256679,-3.594739196,1.85E+11,18.30288693
511,Sweden,SWE,2003,1.758120647,2.385740236,1.02E+11,56.06752727
512,Paraguay,PRY,1987,31.82107811,7.582304377,353000000,25.09054046
513,Madagascar,MDG,2009,8.36281708,-4.013860583,1051987000,49.71502982
514,Canada,CAN,1990,3.423340044,0.154346036,1.28E+11,42.23952144
515,Kazakhstan,KAZ,1997,16.13572998,1.699999999,6497000000,48.71439635
516,Fiji,FJI,1981,0.978211041,6.329990548,400000000,83.42099981
517,Brazil,BRA,2004,7.752046445,5.759876004,96677800000,24.36982557
518,Albania,ALB,2013,0.28997376,1.0007546,2331512000,56.61406455
519,Syrian Arab Republic,SYR,2004,10.32933844,6.900000004,7378000000,62.93753586
520,Sri Lanka,LKA,1993,9.88439431,6.900063252,2859000000,66.39145657
521,Tanzania,TZA,1991,28.11260436,2.071988211,342000000,37.82843954
522,Maldives,MDV,2013,6.430355654,7.281074038,331000000,62.65228739
523,Barbados,BRB,1995,3.059399668,2.023261449,239000000,44.6513463
524,Syrian Arab Republic,SYR,1982,2.404275345,2.122151352,2026000000,37.14359862
525,Haiti,HTI,2006,14.73887414,2.249221904,508710000,44.73609561
526,Czech Republic,CZE,1997,8.364785883,-0.594659089,22360000000,80.05060685
527,Niger,NER,1999,2.002401589,-0.568758332,287000000,34.55703974
528,Guinea-Bissau,GNB,1984,59.40182072,9.109222986,17000000,46.93855866
529,Ghana,GHA,1989,28.29431108,5.0858727,1018000000,43.62343552
530,Togo,TGO,2003,-9.823833183,4.954397666,598000000,82.03428637
531,Botswana,BWA,1988,22.69705957,19.44996951,1465000000,100.6225361
532,Zambia,ZMB,2010,13.95091319,10.29820585,7200267000,61.78513351
533,United Kingdom,GBR,2011,2.011154953,1.45262397,5.07E+11,45.17561225
534,Burundi,BDI,1988,3.4912227,5.031024368,133000000,31.13442328
535,Morocco,MAR,1993,3.034982455,-0.740591692,3991000000,33.8740785
536,Mauritius,MUS,1991,8.56427903,4.435446229,1195000000,96.36350522
537,Canada,CAN,1966,4.980626773,6.584965408,10004700000,33.24545193
538,Trinidad and Tobago,TTO,1994,13.26920206,3.565900883,1867000000,60.66050383
539,St. Vincent and the Grenadines,VCT,1981,18.51302986,4.614004989,24000000,80.32399522
540,Croatia,HRV,2014,0.04839993,-0.491757527,13857849200,64.2032804
541,Mauritius,MUS,1998,6.964902553,6.070628116,1645000000,89.16785011
542,Djibouti,DJI,1991,6.800042847,-4.27761666,17000000,49.95437084
543,Sweden,SWE,2015,2.065616965,4.521969347,1.4E+11,55.94430775
544,"Egypt, Arab Rep.",EGY,1983,8.293234832,7.401135723,3215000000,47.94335874
545,South Africa,ZAF,1985,16.8151829,-1.211483719,16293000000,39.89686139
546,Albania,ALB,2007,3.57619481,5.9,1077580000,49.20179559
547,Argentina,ARG,1985,625.8021403,-7.586677184,8396000000,13.80961322
548,Indonesia,IDN,1988,7.629109333,5.780498488,19465000000,36.44745204
549,Chile,CHL,2015,4.223445673,2.252536753,62183147000,51.41881789
550,Antigua and Barbuda,ATG,2016,1.555462645,5.342479435,78203703.7,39.83397688
551,Namibia,NAM,2004,1.903991618,12.26954803,1827000000,63.91275995
552,Turkey,TUR,2014,7.421677746,5.166690703,1.58E+11,42.79607558
553,Sao Tome and Principe,STP,2013,10.72057272,4.814794386,12890000,54.46355808
554,Vietnam,VNM,2012,10.92603381,5.247367156,1.15E+11,146.5213703
555,Thailand,THA,2009,0.194743196,-0.690733346,1.52E+11,101.5692176
556,China,CHN,1986,4.678871688,8.93970894,30942000000,24.55328717
557,Bolivia,BOL,2016,-1.746445099,4.263919404,6999997000,45.47634188
558,Ecuador,ECU,1983,-13.64482526,-0.336868771,2348000000,22.35827869
559,Benin,BEN,1985,-4.876981735,7.530324837,199000000,50.68313682
560,Thailand,THA,1990,5.773182162,11.16716344,23068000000,65.74992436
561,Guatemala,GTM,1978,5.495959498,4.996689821,1089460000,39.12479692
562,South Africa,ZAF,2003,5.793571813,2.949078146,36481600000,43.4959152
563,Swaziland,SWZ,1989,2.891737251,12.91110407,502000000,155.6860348
564,Malta,MLT,2002,1.296836319,2.982818376,2027642799,99.6616319
565,Botswana,BWA,2008,4.729393399,6.245437398,4950877000,92.84521332
566,Kazakhstan,KAZ,2003,11.73852465,9.3,12926700000,69.1950697
567,Cyprus,CYP,2012,1.892708973,-3.058274021,1739619200,36.08171278
568,Tunisia,TUN,1995,5.351095408,2.351669888,5475000000,74.18940464
569,Singapore,SGP,2005,2.226168803,7.489157459,2.3E+11,337.2341835
570,Togo,TGO,2008,14.58089217,2.225480232,852603253.6,74.66580661
571,Portugal,PRT,1986,20.45113331,4.140955654,7242000000,43.5899972
572,Tanzania,TZA,1989,20.60074396,3.764443407,365000000,30.65494272
573,Samoa,WSM,1988,18.37398843,-1.442299718,15000000,68.41278887
574,Haiti,HTI,2003,26.9025176,0.363800337,346550000,51.83112615
575,Sierra Leone,SLE,2000,3.281143083,6.652727885,13000000,25.4767453
576,Cyprus,CYP,1977,8.896885736,16.36200095,317664000,127.9830441
577,Ghana,GHA,1996,39.83774296,4.602461045,1669000000,54.46298958
578,Nigeria,NGA,2006,17.33778153,8.210964859,58726000000,58.61835855
579,Niger,NER,1980,20.81911999,-2.232444691,566000000,46.24231895
580,Benin,BEN,1979,13.00468583,6.535747409,45942700,30.86073608
581,Togo,TGO,1986,5.59479994,1.586504312,204000000,48.6374109
582,Singapore,SGP,1984,0.761714233,8.800553182,24070000000,267.2132775
583,Madagascar,MDG,2012,5.490078268,3.027508092,1515911000,46.47354041
584,Argentina,ARG,2014,40.28297163,-2.512615321,68407400000,25.39088061
585,Mauritius,MUS,2008,5.686692794,5.38696257,2383942000,70.42184612
586,Niger,NER,2015,0.920436124,3.95804989,1087496830,42.44195851
587,St. Kitts and Nevis,KNA,1996,0.441952863,5.886159705,22000000,53.64824321
588,Uruguay,URY,1989,76.07946615,1.103901025,1598000000,33.17947743
589,Armenia,ARM,2016,0.517324492,0.199999998,1791700000,47.91011222
590,Kyrgyz Republic,KGZ,1997,19.30964153,9.915168114,604000000,74.27041749
591,Mauritania,MRT,2016,4.1,2,1398965999,70.68327431
592,Barbados,BRB,2006,3.117316338,5.668590896,509733000,51.97320209
593,Netherlands,NLD,1967,4.207618676,5.280014747,8361050000,72.69016363
594,Chile,CHL,1989,13.75603177,9.923382897,8080000000,50.94077625
595,India,IND,2000,3.644970161,3.840991157,42379000000,20.31865202
596,Albania,ALB,1991,38.56834211,-29.5889977,100000000,44.76956922
597,Seychelles,SYC,1990,6.826715088,6.99554469,56000000,65.65654008
598,Togo,TGO,1984,1.879445299,5.555555042,192000000,64.47130415
599,Mexico,MEX,1991,23.25061944,4.222250716,42688000000,30.02432559
600,Togo,TGO,1995,11.08421036,7.845832317,378000000,74.23344317
601,Germany,DEU,2007,1.697387271,3.260535297,1.32E+12,69.07642198
602,Brazil,BRA,1986,145.2715422,7.988295105,22349000000,14.13679135
603,Fiji,FJI,1994,0.84161071,5.100000159,572000000,77.4673477
604,"Egypt, Arab Rep.",EGY,1992,19.73342075,4.431994172,3063000000,27.20757757
605,Iceland,ISL,1985,32.08454441,3.29284139,815000000,57.17300195
606,Malta,MLT,1990,3.151049838,6.291390958,1133000000,121.5862233
607,Nigeria,NGA,1987,67.39822055,-10.75170014,7365000000,46.80573103
608,Portugal,PRT,2004,2.39607557,1.81158364,35786802916,47.96036645
609,Nepal,NPL,2008,5.619854525,6.104639142,938764000,36.09927195
610,South Africa,ZAF,1995,10.19676175,3.11563361,27853000000,37.56522122
611,Niger,NER,1997,3.097792906,2.753965624,272000000,35.00217474
612,Malaysia,MYS,1979,12.05947516,9.349101415,11078600000,89.22137535
613,Antigua and Barbuda,ATG,1981,8.352608823,3.814916847,40000000,102.1362433
614,Sri Lanka,LKA,2015,0.821478503,4.838363612,10546500000,36.57160699
615,St. Kitts and Nevis,KNA,2000,-2.588777359,10.69432128,33000000,54.45702088
616,Benin,BEN,2007,0.390494254,5.986515522,1046859000,51.65995227
617,Kuwait,KWT,2012,7.486702949,6.626388081,1.19E+11,83.97248693
618,Mauritania,MRT,1980,6.547449017,3.37121022,194000000,67.69702935
619,Iceland,ISL,1982,53.64638313,2.154566242,685000000,50.38968926
620,Seychelles,SYC,1987,4.140979885,4.404107291,22000000,54.15878494
621,Comoros,COM,1986,7.39283715,1.867211764,20000000,35.07956454
622,Benin,BEN,1978,12.33445895,1.255078032,27209600,36.42052414
623,Iceland,ISL,1993,1.831847515,1.313449465,1399000000,43.83231267
624,Namibia,NAM,2002,10.72829913,4.788661308,1071600000,75.61469972
625,Argentina,ARG,1980,90.84080162,4.151762342,8021000000,24.11841999
626,Aruba,ABW,2002,0.616713218,0.465289865,1487821229,180.566748
627,United States,USA,2011,2.064627467,1.601454672,1.48E+12,24.15614036
628,Finland,FIN,2009,1.877414436,-8.269036558,62854444504,49.2025491
629,Liberia,LBR,2011,10.48844974,8.199998146,367000000,91.32263492
630,Bangladesh,BGD,1988,7.495835297,2.416256856,1291000000,16.29857805
631,China,CHN,2016,1.221799698,6.689349894,2.1E+12,32.90927074
632,Norway,NOR,2001,1.640624456,2.085328035,59191000000,52.95648291
633,Germany,DEU,1979,4.278140669,4.150363333,1.72E+11,37.75011643
634,Peru,PER,1993,47.04786866,5.243577008,3514000000,22.02905674
635,Mauritius,MUS,1989,11.04755787,4.46514861,986000000,105.4722884
636,Syrian Arab Republic,SYR,1987,25.40542345,1.90754651,1344000000,33.58513167
637,Belarus,BLR,2013,21.23267227,1.023985463,37203100000,106.2199671
638,Ecuador,ECU,1985,-2.440139639,3.935001412,2905000000,27.24342079
639,Benin,BEN,2006,2.091668629,3.947013747,736000000,38.19242651
640,Russian Federation,RUS,2006,15.17004711,8.153431973,3.04E+11,47.25907324
641,Fiji,FJI,1986,3.04347011,7.749907965,336000000,59.75685161
642,Sao Tome and Principe,STP,2003,15.45750986,6.573472704,6569000,49.07627452
643,"Congo, Rep.",COG,2008,25.0276754,5.572233235,8324606000,95.91528174
644,Jamaica,JAM,2016,4.595385589,1.373527361,1201787000,42.46222343
645,Turkey,TUR,1993,68.37942836,7.651265203,15343000000,24.70836718
646,Estonia,EST,2005,6.071704912,9.373711454,7715751697,128.1885926
647,Ecuador,ECU,2010,7.46507997,3.525298669,17489922000,54.74886359
648,Germany,DEU,2003,1.206865986,-0.709906172,7.52E+11,54.1227657
649,"Korea, Rep.",KOR,1999,-1.184522012,11.30862149,1.44E+11,54.28932741
650,Djibouti,DJI,2012,4.193851286,4.842379573,118000000,50.41507037
651,Ghana,GHA,1985,20.64841499,5.091617273,617000000,32.92378664
652,Sudan,SDN,1983,26.05805905,2.062501694,623000000,24.02142216
653,Lithuania,LTU,2016,0.950554934,2.344880739,25023798990,122.4216623
654,Cambodia,KHM,2005,6.076678825,13.25008691,3091500000,111.5278646
655,Nepal,NPL,1977,-3.564821563,3.016973441,80576000,18.00520833
656,Namibia,NAM,1997,6.940705534,4.220100264,1338000000,75.34157105
657,Solomon Islands,SLB,2008,11.44052725,7.094495143,210064120.4,88.48347624
658,Seychelles,SYC,2006,1.442344622,9.40612788,379935000,111.9002953
659,Australia,AUS,2006,5.064586418,2.978054386,1.23E+11,35.13911487
660,Canada,CAN,1986,3.067263117,2.161815553,90329000000,46.58328887
661,Honduras,HND,2013,1.374030519,2.791559757,7833200000,101.5644166
662,Kiribati,KIR,2016,7.25171542,1.140250263,11000000,52.87756256
663,Sudan,SDN,1992,109.2336552,6.577861385,319000000,16.19227216
664,Sierra Leone,SLE,2007,6.796157752,8.058321564,245238000,31.96233493
665,Canada,CAN,1984,3.527952934,5.925350318,90272000000,47.29149625
666,Sierra Leone,SLE,1981,8.698312242,2.881428565,150000000,42.87647423
667,United States,USA,1986,2.017623956,3.511614499,2.27E+11,13.27739477
668,Guyana,GUY,2003,5.485870925,-1.00525525,513000000,146.7936281
669,Malawi,MWI,1995,77.21958346,16.72881759,405000000,62.97148413
670,Albania,ALB,2016,-0.211713212,3.369988612,1962101608,55.89491975
671,Turkey,TUR,1997,81.45486258,7.577663644,26261000000,39.41324745
672,St. Lucia,LCA,1992,2.139168101,8.032655627,123000000,76.91022136
673,Singapore,SGP,2002,-1.248747125,4.211686552,1.25E+11,262.7962422
674,Dominican Republic,DOM,2000,6.914373558,5.656604877,5737000000,63.41040062
675,Myanmar,MMR,2007,23.64390812,11.99143524,6252690000,47.06706602
676,Spain,ESP,1997,2.381828025,3.689613998,1.01E+11,36.76387369
677,Cameroon,CMR,1998,4.308289035,4.502291241,1671000000,29.83176778
678,Panama,PAN,2014,3.351353486,6.053334058,13185000000,74.03727777
679,Ecuador,ECU,1988,-11.6138012,5.89046729,2192000000,29.92670818
680,Jordan,JOR,1990,12.74095995,0.97375649,1064000000,88.07684014
681,Lesotho,LSO,1984,8.102949977,5.534897826,29000000,141.0740034
682,Madagascar,MDG,1989,11.97707647,4.078892777,316000000,26.34045057
683,Lesotho,LSO,2013,8.899618803,1.843045061,847060000,119.6240932
684,Senegal,SEN,1975,11.62914449,7.535662599,461049000,46.71253795
685,Slovak Republic,SVK,2015,-0.152881088,3.850100604,75274471300,169.9247044
686,Tunisia,TUN,1996,4.356595375,7.146080839,5516000000,67.47221223
687,Greece,GRC,2003,3.453574315,5.794531264,13381922236,28.83949789
688,Kuwait,KWT,1989,-1.723678202,25.8951771,11476000000,73.09523658
689,Tonga,TON,1988,9.069183859,-1.881872049,7000000,58.13012234
690,Dominica,DMA,1982,4.489193222,4.134422099,24000000,99.92803537
691,Mongolia,MNG,2007,11.62856765,10.24801636,1889000000,94.59976782
692,Uganda,UGA,1990,44.38008967,6.474140151,152000000,10.22210101
693,India,IND,2005,4.236931692,9.284824616,99616000000,29.97721314
694,St. Vincent and the Grenadines,VCT,1986,4.582586124,5.60073419,64000000,93.87822771
695,Ecuador,ECU,2015,-2.491020758,0.098872608,18330607000,40.13337203
696,Turkey,TUR,2003,23.32004368,5.608255023,47253000000,37.39076293
697,Algeria,DZA,2008,15.35548006,2.360134861,79298000000,69.45995288
698,Spain,ESP,2003,3.918908845,3.187571476,1.56E+11,40.22138865
699,St. Kitts and Nevis,KNA,1988,7.567474796,9.509029357,28000000,73.00338426
700,Poland,POL,2006,1.725723249,6.179603987,1.11E+11,68.95340971
701,Namibia,NAM,1998,8.331488047,3.291585556,1232000000,75.26405865
702,Samoa,WSM,1997,11.83640764,0.643424781,15000000,39.23277617
703,Philippines,PHL,2002,4.162229816,3.645898141,35208000000,93.78344454
704,Gabon,GAB,1996,13.56267674,3.62504902,3184000000,72.72516096
705,Botswana,BWA,2005,15.47170656,4.556645657,4425345613,76.38951297
706,Pakistan,PAK,1985,4.534944527,7.592114699,2740000000,27.70917327
707,Sierra Leone,SLE,1984,39.7672586,4.093034267,133000000,26.66735666
708,Myanmar,MMR,2008,13.61865795,10.25530539,6882190000,34.95771232
709,Cambodia,KHM,1997,4.386019413,5.619792925,736000000,52.27371206
710,United Kingdom,GBR,2013,1.90379116,2.052388508,5.41E+11,43.82225557
711,Sudan,SDN,2002,7.388972499,6.427273901,1949000000,29.68954846
712,Zimbabwe,ZWE,1984,-16.59474773,-1.907360107,1155000000,35.46844057
713,Indonesia,IDN,1987,16.00381571,4.925927365,17135000000,37.14054438
714,St. Lucia,LCA,1985,2.016615934,8.655853253,57000000,75.43322295
715,Sri Lanka,LKA,1976,9.975573152,3.335106692,572278000,32.14052342
716,Lithuania,LTU,2005,6.898361944,7.727407918,11806573726,104.7054598
717,Uruguay,URY,2008,8.023536385,7.176144662,5941896000,49.43407975
718,Ghana,GHA,1975,29.4635237,-12.43162902,816000000,57.17562885
719,Madagascar,MDG,1998,8.436683278,3.932336443,538000000,32.92584398
720,Armenia,ARM,2012,5.345804416,7.200000003,1380200000,53.1239286
721,Albania,ALB,1994,38.41649482,8.29999998,142700000,37.75544607
722,Saudi Arabia,SAU,2004,11.05642815,7.958441664,1.26E+11,67.00599207
723,Seychelles,SYC,1992,4.679560793,7.161466737,48000000,55.34197731
724,Lithuania,LTU,2004,2.688245435,6.550083027,9301566658,95.75551648
725,St. Lucia,LCA,2007,10.43711283,1.989783868,98000000,55.72690889
726,Spain,ESP,1989,6.896194095,4.827030296,44492000000,28.03492231
727,Argentina,ARG,1984,606.7359412,2.211773504,8107000000,16.04713458
728,Angola,AGO,2002,196.5767931,-6.940461553,8328000000,96.72453137
729,Mexico,MEX,1982,60.92232761,-0.62790261,24055000000,24.05986371
730,Panama,PAN,2013,5.292689727,6.624158955,14667000000,86.24004944
731,Tonga,TON,1990,12.24774729,-2.044091435,11000000,64.28103509
732,Cabo Verde,CPV,2015,0.283804656,1.066046146,66824000,42.61492913
733,Switzerland,CHE,1982,7.348040995,-1.30941744,26018000000,48.96183908
734,Brazil,BRA,1991,414.2362617,1.511937238,31620000000,9.051852835
735,Greece,GRC,2000,1.592670443,3.919770772,11750572283,34.75686636
736,Saudi Arabia,SAU,2008,17.6898312,6.249772755,3.13E+11,82.45454935
737,Finland,FIN,1978,7.454190863,2.91970809,8570120000,45.30046741
738,Morocco,MAR,2008,4.530497095,5.923277686,20344848000,67.78985833
739,"Gambia, The",GMB,1991,134.0358723,3.107039256,38000000,34.7667711
740,Guinea,GIN,1992,26.22021363,3.2709473,517200000,38.27529456
741,Algeria,DZA,1985,4.972526402,3.699997255,12841000000,39.14883395
742,Sudan,SDN,1987,25.89135325,14.2208846,503000000,6.816979052
743,Paraguay,PRY,1999,7.86049406,-1.366071238,741000000,31.53987875
744,Italy,ITA,2004,2.523726034,1.581938861,3.54E+11,39.43038678
745,St. Vincent and the Grenadines,VCT,1995,1.310627938,7.767413795,42000000,56.01115488
746,Finland,FIN,1977,9.418662141,0.239510404,7664810000,45.55580828
747,Moldova,MDA,2002,9.828641368,7.799999787,644000000,101.2144428
748,Kenya,KEN,1991,12.5319619,1.438346791,1108000000,37.33064881
749,Cyprus,CYP,1997,3.976230329,2.56560816,1250000000,51.12411162
750,Switzerland,CHE,1985,2.270730617,3.673595918,27433000000,53.93996207
751,"Egypt, Arab Rep.",EGY,1985,9.037610875,6.602035693,3714000000,42.71602119
752,Germany,DEU,1989,2.879066748,3.896551724,3.41E+11,43.83613775
753,Malawi,MWI,2004,14.84662752,5.420497694,483213000,40.72763271
754,Guinea-Bissau,GNB,2002,1.79681441,-0.985177525,54000000,27.17368551
755,Germany,DEU,1987,1.279663592,1.402151574,2.94E+11,40.42560971
756,Chile,CHL,1977,101.7736219,10.44468638,2190300000,33.86869653
757,Dominica,DMA,1993,2.787886078,1.680944019,48000000,70.85173618
758,Jamaica,JAM,2004,12.85853735,1.3237251,1402000000,52.62547036
759,Singapore,SGP,1999,-3.89883805,6.095204493,1.15E+11,261.6270507
760,Costa Rica,CRI,2016,2.297647776,4.328788006,9634416000,43.10207954
761,Sao Tome and Principe,STP,2005,19.24475813,7.093770453,6800000,44.79842586
762,Namibia,NAM,2011,3.80506442,5.091338198,4406705000,88.63561722
763,Latvia,LVA,2016,0.274023657,2.213151594,12165163070,96.04318198
764,Mexico,MEX,2005,5.409046966,3.032573659,2.14E+11,51.07050962
765,Trinidad and Tobago,TTO,1997,-3.543567738,7.522854738,2542000000,96.41407723
766,Brazil,BRA,2010,8.423352173,7.528223562,2.02E+11,17.81235232
767,Australia,AUS,2014,1.438747949,2.60945748,2.41E+11,32.76046079
768,"Iran, Islamic Rep.",IRN,1986,12.2355434,-9.784905578,7171000000,8.461243489
769,Slovenia,SVN,1997,8.428521761,5.114380403,8372000000,85.44450267
770,Bulgaria,BGR,2002,3.788483672,6.018122264,5733031045,83.65760639
771,Ethiopia,ETH,1986,-5.273155454,9.661612359,455000000,15.80935222
772,Netherlands,NLD,2012,1.419671674,-1.057037404,6.55E+11,149.8649521
773,St. Kitts and Nevis,KNA,1997,4.741632052,6.896333415,41000000,52.62602727
774,Benin,BEN,1987,3.02845985,-1.500002949,260000000,38.97819449
775,Cabo Verde,CPV,2012,0.552996008,1.081918312,56358000,46.92182014
776,"Venezuela, RB",VEN,1971,9.674665613,1.47929121,3124320000,35.7406113
777,Kenya,KEN,2016,8.026256183,5.848665359,5694448596,28.07407324
778,Argentina,ARG,1997,-0.463913131,8.111046771,26370000000,19.40182818
779,Sierra Leone,SLE,1987,165.67664,7.231268731,130000000,38.07173901
780,Singapore,SGP,1972,5.527621332,13.52658878,2189000000,205.2924475
781,Bolivia,BOL,1981,29.48603408,0.27561674,912000000,31.04416334
782,Singapore,SGP,1998,-1.357338099,-2.225229743,1.1E+11,246.9173218
783,Armenia,ARM,1994,4107.29677,5.400002777,216000000,46.38223613
784,Finland,FIN,1998,3.111427499,5.428512567,43752090000,57.27537708
785,Azerbaijan,AZE,2001,2.5150101,9.9,2314000000,65.61288472
786,Comoros,COM,1983,15.20739354,4.821027935,19000000,47.52524567
787,Barbados,BRB,2000,-1.342850566,4.453059514,272000000,45.74723691
788,Malawi,MWI,1988,31.09180596,3.177291278,288000000,50.29261544
789,South Africa,ZAF,1991,15.65190424,-1.018219874,23279000000,33.97356292
790,Kuwait,KWT,1999,18.07267049,-1.789009463,12164000000,65.6698731
791,Moldova,MDA,2014,6.375424522,4.799999749,2339500000,95.90680178
792,Oman,OMN,1974,200.9863805,11.49880648,822774000,73.84099117
793,Estonia,EST,1997,10.16997517,11.79861872,2936000000,145.5319801
794,Malta,MLT,2001,2.701792892,0.608353735,1821752624,100.4851641
795,Costa Rica,CRI,1982,84.17188941,-7.285568852,870000000,67.48199404
796,Swaziland,SWZ,1995,16.64938065,4.82565155,866000000,110.3013167
797,Niger,NER,1977,15.74779499,7.764581119,160582000,27.66470051
798,"Bahamas, The",BHS,1994,2.183366361,3.148916191,167000000,37.52684873
799,Papua New Guinea,PNG,2011,8.833028087,1.107350876,6908342402,64.87885145
800,Niger,NER,1982,10.59682553,1.6231022,332000000,39.55170339
801,Netherlands,NLD,1975,8.095387807,0.002028683,39887900000,81.62561029
802,Dominican Republic,DOM,1989,23.60879828,4.400538815,2241000000,81.61107191
803,Colombia,COL,1999,12.62294083,-4.204015244,11576000000,25.79880614
804,United States,USA,2005,3.21763825,3.345216063,9.01E+11,20.11488556
805,Papua New Guinea,PNG,2009,-4.877655586,6.799166012,4394220000,65.44337151
806,United States,USA,2004,2.749721159,3.78574285,8.15E+11,19.06776968
807,Togo,TGO,2001,7.740182107,-1.626806272,357000000,68.30144811
808,Cyprus,CYP,1990,5.433124951,7.403999506,951000000,62.93897411
809,Malawi,MWI,2008,11.96466714,7.639736774,878999000,57.93516993
810,"Korea, Rep.",KOR,2003,3.395062023,2.933217902,1.94E+11,54.75865566
811,Greece,GRC,1995,9.791836017,2.099719767,11054000000,26.99623105
812,Kyrgyz Republic,KGZ,2013,3.175188204,10.91546938,2058200000,110.8093991
813,Albania,ALB,1992,249.6834375,-7.199999986,70000000,42.28612409
814,Togo,TGO,1981,12.64742228,-3.315186078,208000000,66.71190323
815,Kazakhstan,KAZ,2010,19.5422854,7.3,59970800000,61.5191701
816,Mauritius,MUS,2005,4.258955826,1.241387538,2143293034,84.34848798
817,Madagascar,MDG,1986,14.15963728,1.959105768,315000000,20.50155841
818,"Korea, Rep.",KOR,1980,24.63007126,-1.70127653,17512000000,61.25499723
819,Ecuador,ECU,1977,19.36071807,1.604842112,1436300000,23.80480224
820,"Congo, Rep.",COG,2010,20.72207519,8.751601459,9400000000,111.5933829
821,Netherlands,NLD,1974,12.89565302,3.438717871,37423100000,88.67033997
822,Nicaragua,NIC,2010,6.13808679,4.410099117,3250900000,91.83065211
823,Switzerland,CHE,1984,3.759637907,3.008456432,25851000000,52.09846696
824,China,CHN,1999,-1.268409649,7.667486171,1.95E+11,32.96443335
825,Niger,NER,1986,-4.20738485,6.360026805,317000000,35.97505798
826,Spain,ESP,1983,11.88424572,1.770115779,19734000000,28.69839833
827,Lesotho,LSO,1994,7.766636117,5.979873611,143000000,116.3677171
828,"Egypt, Arab Rep.",EGY,1978,10.97566058,5.779721531,1737140000,56.99623964
829,Ukraine,UKR,2009,13.07361315,-14.80000002,39782000000,72.73788468
830,Italy,ITA,1977,18.47715727,2.560500797,45305200000,36.3770333
831,Nigeria,NGA,2009,-4.320573326,6.934416004,56741900000,53.48564863
832,Mali,MLI,1993,3.235094155,3.172168177,478000000,39.45667763
833,Norway,NOR,1982,10.50995828,0.235335432,17593000000,52.78767823
834,Singapore,SGP,2006,1.719984376,8.860196114,2.72E+11,345.4171913
835,Sweden,SWE,2009,2.383135937,-5.18465903,1.31E+11,58.33878702
836,Paraguay,PRY,1981,16.75926649,9.170458849,296000000,17.16633996
837,Dominican Republic,DOM,1982,7.760768816,1.69870863,984000000,33.61376066
838,Dominican Republic,DOM,2001,5.108105116,1.809229488,5276000000,56.46274183
839,Malta,MLT,2009,2.690049278,-2.462277722,2857455348,86.00997048
840,Jamaica,JAM,2009,11.64616925,-4.336536349,1316037000,52.9976202
841,Kiribati,KIR,2014,1.458572362,0.893044518,10145000,65.63729659
842,Pakistan,PAK,2015,4.11024678,4.731147475,22089100000,24.35139828
843,Switzerland,CHE,2000,1.501299766,3.936823453,80500000000,59.92196447
844,Dominica,DMA,1992,4.142715034,2.047356934,53000000,82.39497827
845,Kyrgyz Republic,KGZ,2003,3.97497374,7.030296139,581700000,67.67542212
846,Singapore,SGP,2014,-0.409653077,3.572267228,4.09E+11,251.6856091
847,Syrian Arab Republic,SYR,2007,11.96717248,5.699999996,11545710000,64.84552928
848,Norway,NOR,2009,-5.205030128,-1.691043611,1.17E+11,48.04383174
849,Honduras,HND,1989,7.074939365,4.325852759,859000000,51.2986254
850,Philippines,PHL,2003,3.201335983,4.970363731,36231000000,93.92018565
851,Cameroon,CMR,1980,14.24589465,-1.965291669,1384000000,44.29769818
852,Togo,TGO,1983,14.26012372,-5.414007787,163000000,58.11321989
853,Lesotho,LSO,2007,0.389863808,4.832963322,829702468,141.0196924
854,Honduras,HND,1976,8.532189127,10.50069306,400080000,63.49963144
855,Paraguay,PRY,2015,0.087257732,2.962236311,8361165000,68.36735047
856,Sweden,SWE,1971,7.110288296,0.944646242,7463410000,35.45660674
857,Gabon,GAB,1994,46.55144294,3.712754841,2350000000,74.11438593
858,Oman,OMN,1999,11.6745709,-0.124806894,7238000000,76.63199489
859,Tunisia,TUN,1979,10.38784121,6.567521173,1790690000,64.54641273
860,Ghana,GHA,2002,22.81858456,4.499999699,1850000000,74.11400134
861,Bahrain,BHR,1997,0.931715111,3.092999787,4384000000,132.4575825
862,Australia,AUS,1999,0.338692335,5.006807026,56080000000,32.18273758
863,Dominican Republic,DOM,2005,2.694558281,9.262750074,6145000000,47.09441266
864,El Salvador,SLV,1987,2.368531784,2.513588521,591000000,40.04501413
865,India,IND,1990,10.66830385,5.533454563,17969000000,13.11946614
866,Zimbabwe,ZWE,1980,12.74093493,14.4206839,1414000000,42.85157177
867,Finland,FIN,2007,2.765039571,5.184800809,90024877570,67.24314984
868,Jamaica,JAM,1993,37.38944775,9.417102567,1071000000,65.90852099
869,"Bahamas, The",BHS,2000,0.921830664,4.1492464,576000000,41.8803354
870,Estonia,EST,2001,6.32596646,6.328710504,4015000000,148.0367777
871,Colombia,COL,1989,24.68180065,3.417426656,5717000000,27.11425962
872,Canada,CAN,1983,5.76261687,2.598572697,76749000000,41.5618708
873,Nicaragua,NIC,2000,8.566228462,4.101590153,645000000,47.97027951
874,Russian Federation,RUS,2002,15.49295344,4.743669897,1.07E+11,48.75743563
875,Syrian Arab Republic,SYR,1977,10.66334846,-1.273737974,1069810000,49.00876342
876,Benin,BEN,2012,7.699061801,4.810283413,1442627000,46.3828455
877,Honduras,HND,1985,5.248469672,4.188233695,780000000,45.83047185
878,Colombia,COL,1991,26.18781409,2.277231497,7232000000,29.4329099
879,Panama,PAN,2012,6.414054485,9.229952302,16215000000,97.70049633
880,Kyrgyz Republic,KGZ,2015,3.427287418,3.875825531,1441400000,82.52100676
881,Nepal,NPL,1993,10.77490928,3.849850022,384000000,34.8083469
882,Poland,POL,2013,0.28994277,1.391892321,2.05E+11,78.70855121
883,Niger,NER,1992,1.100128162,-6.516444601,333000000,34.62704856
884,Samoa,WSM,1993,0.654733175,4.099987693,6000000,83.38159876
885,Kuwait,KWT,2013,0.223535798,1.149038847,1.15E+11,82.91278675
886,Colombia,COL,2009,3.407906932,1.651549245,32852986000,28.12000185
887,Israel,ISR,1967,-1.688177502,2.995020166,554500000,32.96029777
888,Croatia,HRV,2012,1.581279166,-2.187429172,12370825280,58.78181623
889,Malawi,MWI,1983,11.22976911,3.718709051,229000000,44.14697593
890,Albania,ALB,1993,114.8356476,9.600000045,122460000,56.548846
891,South Africa,ZAF,2015,4.994046164,1.298851191,81439341831,58.59668155
892,Mongolia,MNG,2005,20.09843877,7.253665441,1065000000,89.13514464
893,Belarus,BLR,2001,79.53457252,4.725306006,7451000000,127.3753872
894,St. Vincent and the Grenadines,VCT,2011,-0.330177767,-0.419351482,38432000,54.74676829
895,Tunisia,TUN,1980,12.79876245,7.418739595,2198000000,65.62113261
896,Netherlands,NLD,2013,1.368458976,-0.1903392,6.72E+11,145.5269697
897,Paraguay,PRY,2007,9.766073183,5.421622463,4723587272,76.71675847
898,"Venezuela, RB",VEN,1995,51.75990076,3.951662724,18457000000,41.52641842
899,Germany,DEU,1992,5.286803115,1.923807011,4.3E+11,39.50114483
900,Senegal,SEN,1977,8.163954668,-2.682905305,623803000,59.80188206
901,Canada,CAN,1961,0.458074541,3.163291684,6085260000,29.79655392
902,Denmark,DNK,2015,0.701115894,1.606608994,95484013800,60.10906139
903,Cambodia,KHM,2012,1.324603844,7.313345505,7838101000,136.6831236
904,"Macedonia, FYR",MKD,2012,1.002999473,-0.456184412,4015403000,108.1325752
905,Sierra Leone,SLE,2012,12.04107803,15.18176908,1121866000,71.68583609
906,Malta,MLT,2005,1.796389776,3.783652259,2398877459,95.06990253
907,Bangladesh,BGD,1982,9.855812463,2.134327836,769000000,17.45171569
908,Australia,AUS,2007,4.975641841,3.74972737,1.41E+11,35.92258988
909,Costa Rica,CRI,1997,14.60561438,5.564945334,4268000000,73.23094118
910,Nicaragua,NIC,1992,23.66639533,0.385467121,223000000,60.12940651
911,Mauritius,MUS,1977,8.579408474,6.547619053,309497000,91.43935141
912,Lao PDR,LAO,2014,5.726559182,7.611963441,2662020000,52.25362193
913,"Venezuela, RB",VEN,1973,11.54438153,7.109957895,3297710000,31.38838182
914,Antigua and Barbuda,ATG,2007,3.738824164,9.25942069,59352444.44,60.05853686
915,Trinidad and Tobago,TTO,2003,10.47814932,14.44141643,5177610000,80.22327405
916,Zambia,ZMB,2003,17.60772368,6.944973982,980445000,52.10380469
917,Cameroon,CMR,1999,-1.119766442,4.292016945,1601000000,26.06627321
918,Guyana,GUY,2015,0.830843178,3.05483972,1170000000,82.72485827
919,Mongolia,MNG,1995,60.27242543,6.376426887,473000000,61.1500757
920,Armenia,ARM,1996,19.5917703,5.865400753,290000000,71.76094603
921,Jamaica,JAM,1984,35.91919572,-1.5423458,747000000,79.75338526
922,"Bahamas, The",BHS,2009,-1.040210937,-4.180919802,710700000,41.50895141
923,Canada,CAN,1997,1.14132265,4.279812433,2.14E+11,63.61502209
924,Zimbabwe,ZWE,2009,74.29817514,12.01956061,2268898000,59.9530693
925,Honduras,HND,1979,11.48799251,4.66442082,733550000,69.26049454
926,Ukraine,UKR,2013,4.337017974,-0.026729649,64338000000,76.98700961
927,Cyprus,CYP,2005,4.027174758,3.724317726,1464838121,41.60085873
928,Denmark,DNK,2000,3.017954451,3.746900212,51292453176,58.99750626
929,Thailand,THA,1986,1.653155306,5.533827767,8872000000,41.87091051
930,Grenada,GRD,1992,4.011580531,-0.851148756,20000000,40.94654953
931,Kyrgyz Republic,KGZ,1994,180.874929,-20.08515857,340000000,39.0242279
932,Sri Lanka,LKA,2010,22.79926063,8.015959407,8602100000,38.98335753
933,Finland,FIN,2010,0.350772528,2.992337502,69517834333,55.81960881
934,Italy,ITA,1993,3.885951839,-0.852805758,1.69E+11,29.89546632
935,Norway,NOR,2007,3.050078613,2.985054837,1.36E+11,54.01672539
936,Italy,ITA,2014,0.958906794,0.113673238,5.3E+11,46.66436699
937,Mauritius,MUS,1996,7.002042734,5.587843841,1802000000,92.51587272
938,Jamaica,JAM,2010,9.811483319,-1.466295551,1327602000,49.6740828
939,Norway,NOR,2012,3.357179176,2.721626792,1.61E+11,48.65673209
940,Togo,TGO,1987,1.65884168,0.51016218,244000000,53.47854177
941,Lithuania,LTU,2014,1.027470375,3.537585824,32364119900,137.5992998
942,Guatemala,GTM,2010,5.141872621,2.869902893,8462500000,53.94668056
943,Dominican Republic,DOM,1968,4.032527887,0.238860485,182990000,37.57325549
944,Lesotho,LSO,1996,6.002044899,5.597035225,187000000,138.7768416
945,Israel,ISR,1983,149.9210371,3.359101548,5108000000,47.24023417
946,Senegal,SEN,1979,9.706581319,7.001685615,535253000,45.43225926
947,Brazil,BRA,2012,7.943154126,1.921150318,2.43E+11,19.30790551
948,Malawi,MWI,1986,13.50928432,-0.214802518,248000000,42.91791729
949,Swaziland,SWZ,1978,10.5599585,1.327128728,196213000,149.0403976
950,Mauritius,MUS,1987,12.9149974,8.891039826,884000000,99.3776505
951,Poland,POL,1993,30.64279638,3.738310309,14140000000,35.73301006
952,Norway,NOR,1999,6.665233347,2.013307556,45479000000,49.0812505
953,Portugal,PRT,1980,20.90304283,4.589340101,4640000000,42.39848647
954,Aruba,ABW,2009,-5.132055593,-5.653502086,1951787709,176.0930364
955,Seychelles,SYC,1983,4.226807787,-1.709245539,20000000,73.61318359
956,Benin,BEN,1982,16.14828401,2.235066345,24000000,38.4925288
957,Nepal,NPL,1999,8.887047436,4.412573271,602000000,40.20945164
958,Nepal,NPL,2010,15.14693245,4.81641465,855758000,37.42616124
959,Costa Rica,CRI,1978,7.908481526,6.267686829,864900000,57.63496033
960,"Bahamas, The",BHS,2015,6.937860852,-3.071092028,526800000,30.96797153
961,Togo,TGO,1982,7.086757897,-3.582402546,178000000,69.49414795
962,Bahrain,BHR,2010,7.441014838,4.334407088,14971251000,105.9034874
963,Iceland,ISL,1977,32.70596308,8.822277241,512034000,50.18780959
964,"Bahamas, The",BHS,1983,5.976967024,3.597051868,2078000000,277.0660203
965,Vanuatu,VUT,1995,1.713527234,1.011760278,28000000,52.58609999
966,Italy,ITA,1994,3.542473565,2.151023645,1.91E+11,32.90717565
967,Philippines,PHL,1999,6.585053048,3.081926764,36576000000,83.31089518
968,Colombia,COL,1987,23.37392191,5.371506806,4642000000,24.64444594
969,Myanmar,MMR,2006,21.30049881,13.07610138,4539120000,48.80057776
970,Antigua and Barbuda,ATG,1989,4.580697223,5.252278102,16000000,47.40256961
971,United States,USA,2009,0.759434764,-2.775529574,1.06E+12,18.45749965
972,Czech Republic,CZE,2008,2.054140105,2.682282724,1.47E+11,122.5347619
973,Sao Tome and Principe,STP,2002,11.93739942,2.376877472,4956000,44.81572981
974,"Gambia, The",GMB,1988,9.70614941,4.476826924,58000000,73.49821963
975,Kuwait,KWT,2010,11.16571396,-2.367061944,69977952000,80.2750146
976,Fiji,FJI,1989,2.848296483,7.438632436,494000000,90.89474935
977,Morocco,MAR,1985,8.95364432,6.007652072,2165000000,40.11664588
978,Lesotho,LSO,1988,20.08110092,8.601919079,64000000,138.3960406
979,Mongolia,MNG,1992,173.6906825,-9.256465706,389000000,61.24717166
980,Mauritius,MUS,1995,5.403201521,4.28773666,1538000000,86.9727508
981,Sierra Leone,SLE,2016,5.861245168,6.304111035,635005845.9,58.75652829
982,China,CHN,2009,-0.133898166,9.399813171,1.2E+12,43.20068574
983,Burundi,BDI,1987,-3.417795078,5.503096119,91000000,26.77940545
984,El Salvador,SLV,1981,7.397483547,-10.45093667,797000000,51.87361504
985,Portugal,PRT,1982,20.69033062,2.135375334,4164000000,44.99069234
986,Netherlands,NLD,1977,5.344652924,2.520440469,50109800000,82.14991058
987,"Gambia, The",GMB,2006,1.931768802,1.124099702,11463000,41.33169569
988,Mauritius,MUS,2002,5.853830854,2.11331329,1801450000,83.07820737
989,"Egypt, Arab Rep.",EGY,1984,11.1599893,6.09151789,3140000000,45.38086224
990,Cameroon,CMR,1992,-1.277671029,-3.100003211,1840000000,26.35063226
991,Jordan,JOR,1999,-0.403198387,3.409474478,1832000000,68.09335841
992,Mali,MLI,1976,10.94633765,13.62343853,84464600,25.49238328
993,Romania,ROU,1997,135.4335617,-4.816146918,8431000000,54.99937639
994,France,FRA,1981,11.69571584,1.077744601,1.06E+11,36.81684289
995,"Venezuela, RB",VEN,1974,45.88293425,2.069333202,11153100000,52.78874775
996,Colombia,COL,1986,29.15157631,5.83829241,5102000000,25.6535813
997,Mexico,MEX,2008,6.001252742,1.40029037,2.91E+11,55.35115069
998,Zimbabwe,ZWE,2016,1.309977318,0.615713604,2837020485,39.33234693
999,Paraguay,PRY,2000,11.74339309,-2.314146032,869000000,37.35971851
1000,Angola,AGO,1998,35.3168252,6.804762116,3543000000,87.2298451
1001,Malawi,MWI,2001,25.62246729,-4.974963846,449000000,58.957082
1002,Sweden,SWE,2013,1.055426943,1.241204917,1.68E+11,56.70201382
1003,Cyprus,CYP,1992,6.041382455,9.399998832,987000000,62.20929401
1004,Argentina,ARG,1998,-1.705279624,3.850178852,26441000000,19.3495028
1005,Indonesia,IDN,2000,20.44745685,4.920067747,65403000000,62.03564187
1006,Mexico,MEX,2009,3.53693541,-4.700338863,2.3E+11,52.65411755
1007,"Congo, Rep.",COG,2011,10.67028677,3.420665681,11851034000,116.8584434
1008,Sri Lanka,LKA,2016,3.56591855,4.379683362,10309700000,36.53346596
1009,Senegal,SEN,2000,1.935618832,3.198988035,920000000,52.11978636
1010,"Korea, Rep.",KOR,1977,14.44432097,12.27766122,10048000000,54.51183836
1011,Nicaragua,NIC,2005,9.867094183,4.282398305,1654130000,72.93126457
1012,Seychelles,SYC,1993,4.102016923,6.196649768,51000000,60.9811655
1013,Czech Republic,CZE,1999,2.998134793,1.432839479,26556049440,84.81806322
1014,Cyprus,CYP,2003,3.951174223,2.475869511,923000000,36.96945942
1015,Nepal,NPL,2000,4.472433713,6.199999988,804000000,43.26339436
1016,Cameroon,CMR,1994,9.61873528,2.123935444,1486000000,24.23548853
1017,Bahrain,BHR,1983,-3.689967158,6.3763768,3199000000,175.1221874
1018,Angola,AGO,2000,418.2329539,3.012076171,7921000000,120.0600927
1019,Ukraine,UKR,1997,18.07379596,-3.000000027,14232000000,62.53190429
1020,Barbados,BRB,2011,3.992111632,0.455539359,475140000,48.91859941
1021,Iceland,ISL,2010,5.445513052,-3.154239808,4604360000,64.03837256
1022,Morocco,MAR,2005,1.190540613,3.291639684,11189787000,51.29663857
1023,Sri Lanka,LKA,1989,10.92315726,2.299301412,1545000000,53.42574764
1024,Pakistan,PAK,1987,4.518198874,6.452343025,4172000000,29.96564345
1025,Gabon,GAB,1985,-1.27605177,-2.332949333,1951000000,84.01412018
1026,Nepal,NPL,1995,6.30086156,3.468451883,345000000,38.12679366
1027,Sri Lanka,LKA,1999,4.162701159,4.300540498,4594000000,67.4168304
1028,Switzerland,CHE,2007,2.414661544,4.111877812,1.72E+11,69.44139566
1029,Cabo Verde,CPV,1987,6.962385149,4.309063729,8000000,45.90798889
1030,Sweden,SWE,1976,11.91896634,1.05810486,18434900000,43.20271219
1031,Samoa,WSM,2010,1.717687859,0.479158713,70250000,59.10892323
1032,Israel,ISR,2004,0.48118245,4.569715342,38618400000,60.1587951
1033,"Korea, Rep.",KOR,1978,21.97008587,10.77449137,12722000000,53.56608893
1034,Tanzania,TZA,2006,16.4712315,4.660570995,1864681000,32.83584013
1035,Sudan,SDN,2015,17.90375845,4.906045175,3169011000,13.04923057
1036,Italy,ITA,1972,5.632973164,3.690485743,18608700000,26.19648255
1037,Botswana,BWA,1990,6.300018284,6.772821949,1784000000,98.40216382
1038,"Korea, Rep.",KOR,2016,1.807303488,2.82772231,4.95E+11,63.88810044
1039,Nepal,NPL,1978,9.371206913,4.40574139,90848300,19.45808486
1040,South Africa,ZAF,1969,7.587328221,4.715830609,3356920000,39.01129247
1041,Colombia,COL,1996,16.86837879,2.055854712,10587000000,24.9793873
1042,Oman,OMN,1977,6.000096104,1.00721833,1138830000,73.45287006
1043,United Kingdom,GBR,1970,8.802749618,6.596286521,19430400000,31.60709026
1044,Israel,ISR,1963,7.697456622,10.69571298,351500000,34.25754706
1045,South Africa,ZAF,1988,15.14927157,4.200132549,21871000000,34.3053172
1046,Tonga,TON,2014,0.865682935,2.072607261,18955000,53.56523538
1047,Lithuania,LTU,2007,8.567987545,11.08695439,17144102002,104.5753445
1048,Hungary,HUN,1994,19.49106052,2.947154557,10700000000,58.51429692
1049,"Venezuela, RB",VEN,1991,21.44961228,9.729887977,15155000000,50.82607698
1050,Uganda,UGA,2004,15.58754999,6.807233344,653542000,29.96767352
1051,Aruba,ABW,2003,-3.150534796,7.519472373,2051843575,220.1192329
1052,Belize,BLZ,2000,0.458891981,13.03876213,218000000,89.17492702
1053,Russian Federation,RUS,1996,45.8018959,-3.6,88600000000,40.18942166
1054,Slovak Republic,SVK,2016,-0.448412082,3.324695296,77615495930,170.5706888
1055,Chile,CHL,1985,41.68190573,4.009916202,3804000000,38.84112588
1056,Mauritania,MRT,1975,15.0043654,-5.134374447,176000000,70.81073877
1057,Costa Rica,CRI,1989,15.34238231,5.065672856,1415000000,45.61340841
1058,Cameroon,CMR,1977,5.884773834,13.73987152,704102000,42.75479436
1059,Sudan,SDN,1978,24.9099228,-5.930986722,517554000,22.31750212
1060,Malawi,MWI,2014,20.88370338,5.700000004,1341898000,67.98407502
1061,"Korea, Rep.",KOR,1990,10.10863197,9.811229684,65016000000,48.27646717
1062,Burundi,BDI,2015,4.856888771,-3.921142749,120618919,27.49185356
1063,"Iran, Islamic Rep.",IRN,1997,15.52808649,1.350399274,18381000000,28.59659343
1064,Botswana,BWA,1985,22.89365943,7.125271269,728000000,117.3342512
1065,Iceland,ISL,1988,23.13529316,-0.089726026,1424000000,49.07018481
1066,Poland,POL,1998,11.02727002,4.614647522,28230000000,43.17090777
1067,Italy,ITA,1990,8.914063408,1.985774903,1.7E+11,29.92135669
1068,Malta,MLT,2015,2.459014953,7.061638887,2579587500,81.38344926
1069,Nigeria,NGA,2015,2.863665134,2.652693289,51400000000,20.66243892
1070,Romania,ROU,2000,43.06970258,2.395094533,10411984164,62.92931586
